Codigo,Categoria,Subcategoria,Articulo / Descripcion,Medida,Unidad de Venta,Cantidad por Caja/Paq,Precio Estimado (ARS),Precio (USD),Pagina del Catalogo
100001,ABRAZADERAS DE ACERO,,00 - 9/13 mm c/u - 10,9/13 mm c/u,,,260,0.18,3
100002,ABRAZADERAS DE ACERO,,0 - 9/20 mm c/u - 10,9/20 mm c/u,,,330,0.23,3
100003,ABRAZADERAS DE ACERO,,1 - 12/26 mm c/u - 10,12/26 mm c/u,,,430,0.30,3
100004,ABRAZADERAS DE ACERO,,2 - 13/29 mm c/u - 10,13/29 mm c/u,,,460,0.32,3
100005,ABRAZADERAS DE ACERO,,3 - 14/36 mm c/u - 10,14/36 mm c/u,,,610,0.43,3
100006,ABRAZADERAS DE ACERO,,4 - 21/42 mm c/u - 10,21/42 mm c/u,,,690,0.49,3
100007,ABRAZADERAS DE ACERO,,5 - 26/49 mm c/u - 10,26/49 mm c/u,,,820,0.58,3
100008,ABRAZADERAS DE ACERO,,6 - 32/55 mm c/u - 10,32/55 mm c/u,,,800,0.56,3
100009,ABRAZADERAS DE ACERO,,7 - 40/63 mm c/u - 10,40/63 mm c/u,,,960,0.68,3
100010,ABRAZADERAS DE ACERO,,8 - 45/68 mm c/u - 10,45/68 mm c/u,,,960,0.68,3
100011,ABRAZADERAS DE ACERO,,"A - 3/8"" - 8/10 mm c/u - 10","A - 3/8""",,,200,0.14,3
100012,ABRAZADERAS DE ACERO,,"B - 1/2"" - 9/12 mm c/u - 10","B - 1/2""",,,240,0.17,3
100013,ABRAZADERAS DE ACERO,,"C - 5/8"" - 11/14 mm c/u - 10","C - 5/8""",,,250,0.18,3
100014,ABRAZADERAS DE ACERO,,Gas - 12/17 mm c/u - 10,12/17 mm c/u,,,300,0.21,3
100015,ABRAZADERAS DE ACERO,,Display Muestrario,,c/u,,840,0.59,3
100016,ABRAZADERAS DE ACERO,,9 - 53/77 mm c/u - 10,53/77 mm c/u,,,1200,0.85,3
100017,ABRAZADERAS DE ACERO,,10 - 59/81 mm c/u - 10,59/81 mm c/u,,,1150,0.81,3
100018,ABRAZADERAS DE ACERO,,11 - 65/88 mm c/u - 10 - Código - Articulo - U/Vta,65/88 mm c/u,,,1350,0.95,3
100019,ABRAZADERAS DE ACERO,,12 - 72/94 mm c/u - 10,72/94 mm c/u,,,1500,1.06,3
100020,ABRAZADERAS DE ACERO,,13 - 78/101 mm c/u - 10,78/101 mm c/u,,,1400,0.99,3
100021,ABRAZADERAS DE ACERO,,14 - 88/111 mm c/u - 10,88/111 mm c/u,,,1750,1.23,3
100022,ABRAZADERAS DE ACERO,,15 - 98/119 mm c/u - 10,98/119 mm c/u,,,1850,1.30,3
100023,ABRAZADERAS DE ACERO,,Expendedor Alambre 236 Unid,,c/u,,760,0.54,3
100025,ABRAZADERAS DE ACERO,,20 - 144/167 mm c/u - 10,144/167 mm c/u,,,2300,1.62,3
100026,ABRAZADERAS DE ACERO,,215 - 50/58 mm c/u - 10,50/58 mm c/u,,,970,0.68,3
100027,ABRAZADERAS DE ACERO,,402 - 6/16 mm c/u - 10,6/16 mm c/u,,,290,0.20,3
100028,ABRAZADERAS DE ACERO,,403 - 8/22 mm c/u - 10,8/22 mm c/u,,,360,0.25,3
100029,ABRAZADERAS DE ACERO,,404 - 13/25 mm c/u - 10,13/25 mm c/u,,,400,0.28,3
100030,ABRAZADERAS DE ACERO,,405 - 16/32 mm c/u - 10,16/32 mm c/u,,,560,0.39,3
100031,ABRAZADERAS DE ACERO,,406 - 16/38 mm c/u - 10,16/38 mm c/u,,,620,0.44,3
100032,ABRAZADERAS DE ACERO,,407 - 19/45 mm c/u - 10,19/45 mm c/u,,,750,0.53,3
100033,ABRAZADERAS DE ACERO,,408 - 25/50 mm c/u - 10,25/50 mm c/u,,,810,0.57,3
100034,ABRAZADERAS DE ACERO,,409 - 36/60 mm c/u - 10,36/60 mm c/u,,,930,0.65,3
100035,ABRAZADERAS DE ACERO,,410 - 45/70 mm c/u - 10,45/70 mm c/u,,,1150,0.81,3
100036,ABRAZADERAS DE ACERO,,413 - 77/100 mm c/u - 10,77/100 mm c/u,,,1450,1.02,3
100101,ABRAZADERAS DE ACERO,,S-101 - 25/30 mm c/u - 10,25/30 mm c/u,,,500,0.35,3
100102,ABRAZADERAS DE ACERO,,S-102 - 28/34 mm c/u - 10,28/34 mm c/u,,,590,0.42,3
100103,ABRAZADERAS DE ACERO,,S-103 - 33/39 mm c/u - 10,33/39 mm c/u,,,640,0.45,3
100104,ABRAZADERAS DE ACERO,,S-104 - 37/46 mm c/u - 10,37/46 mm c/u,,,770,0.54,3
100105,ABRAZADERAS DE ACERO,,S-105 - 44/43 mm c/u - 10,44/43 mm c/u,,,690,0.49,3
100106,ABRAZADERAS DE ACERO,,S-106 - 50/59 mm c/u - 10,50/59 mm c/u,,,940,0.66,3
100107,ABRAZADERAS DE ACERO,,S-107 - 55/64 mm c/u - 10,55/64 mm c/u,,,910,0.64,3
100108,ABRAZADERAS DE ACERO,,S-108 - 61/71 mm c/u - 10,61/71 mm c/u,,,1050,0.74,3
100109,ABRAZADERAS DE ACERO,,S-109 - 68/78 mm c/u - 10,68/78 mm c/u,,,1150,0.81,3
100110,ABRAZADERAS DE ACERO,,S-110 - 76/87 mm c/u - 10,76/87 mm c/u,,,1250,0.88,3
100111,ABRAZADERAS DE ACERO,,S-111 - 85/95 mm c/u - 10,85/95 mm c/u,,,1350,0.95,3
100112,ABRAZADERAS DE ACERO,,S-112 - 93/103 mm c/u - 10,93/103 mm c/u,,,1450,1.02,3
100113,ABRAZADERAS DE ACERO,,S-113 - 100/111 mm c/u - 10,100/111 mm c/u,,,1600,1.13,3
100114,ABRAZADERAS DE ACERO,,S-114 - 108/119 mm c/u - 10,108/119 mm c/u,,,1800,1.27,3
100115,ABRAZADERAS DE ACERO,,S-115 - 116/128 mm c/u - 10,116/128 mm c/u,,,1850,1.30,3
100116,ABRAZADERAS DE ACERO,,S-116 - 125/136 mm c/u - 10,125/136 mm c/u,,,1950,1.37,3
100117,ABRAZADERAS DE ACERO,,S-117 - 135/145 mm c/u - 10,135/145 mm c/u,,,2050,1.44,3
100118,ABRAZADERAS DE ACERO,,S-118 - 143/153 mm c/u - 10,143/153 mm c/u,,,2150,1.51,3
100119,ABRAZADERAS DE ACERO,,S-119 - 151/161 mm c/u - 10,151/161 mm c/u,,,2550,1.80,3
100120,ABRAZADERAS DE ACERO,,S-120 - 159/169 mm c/u - 10,159/169 mm c/u,,,2550,1.80,3
100121,ABRAZADERAS DE ACERO,,S-121 - 167/177 mm c/u - 10,167/177 mm c/u,,,2550,1.80,3
100122,ABRAZADERAS DE ACERO,,S-122 - 175/185 mm c/u - 10,175/185 mm c/u,,,2350,1.65,3
101100,ASPIRADORAS,,Kärcher Aspiradora NT38/1 Me Classic,Kärcher Aspiradora NT38/1 Me Classic,c/u,,192500,135.56,74
101101,ASPIRADORAS,,Kärcher Aspiradora WD1 Kap AR,,c/u,,162000,114.08,74
101102,ASPIRADORAS,,Kärcher Aspiradora WD3 + AR,,c/u,,173500,122.18,74
101103,HIDROLAVADORAS,,Kärcher Hidrolavadora K2 Basic + AR,,c/u,,252500,177.82,73
101104,HIDROLAVADORAS,,Kärcher Hidrolavadora K2 Dakar + AR,,c/u,,229000,161.27,73
101105,HIDROLAVADORAS,,Kärcher Hidrolavadora K3 Premiun + AR,,c/u,,224000,157.75,73
101106,HIDROLAVADORAS,,Kärcher Hidrolavadora K4 Premiun + AR,,c/u,,232000,163.38,73
101107,HIDROLAVADORAS,,Kärcher Hidrolavadora K5 Premiun + AR,,c/u,,242500,170.77,73
101108,ASPIRADORAS,LIMPIADORAS A VAPOR,Kärcher Limpiador a Vapor SC1,,c/u,,195000,137.32,74
101110,HIDROLAVADORAS,,Kärcher Hidrolavadora K2 Home,,c/u,,202000,142.25,73
101111,HIDROLAVADORAS,,Kärcher Hidrolavadora HD 585 + BR Profesional,,c/u,,189000,133.10,73
101112,ASPIRADORAS,PULVERIZADORA/ASPIRADORA,Kärcher Aspiradora/Pulverizadora Puzzi 10/1,,c/u,,170000,119.72,74
102000,ANTEOJOS,Patilla Regulable en 2 Sentidos,Transparente - UCU011C,,c/u,12,4650,3.27,10
102002,ANTEOJOS,Patilla Regulable en 2 Sentidos,Ámbar - UCU013C - Antiempañante,,c/u,12,4550,3.20,10
102003,ANTEOJOS,Patilla Regulable en 2 Sentidos,Verde - UCU014C,,c/u,12,5650,3.98,10
102009,ANTEOJOS,Patilla Regulable en 2 Sentidos,Transparente - UCU021A,,c/u,12,5550,3.91,10
102010,ANTEOJOS,Patilla Regulable en 2 Sentidos,Verde - UCU024B,,c/u,12,4700,3.31,10
102011,ANTEOJOS,Patilla Regulable en 2 Sentidos,Transparente - UCU042B,,c/u,12,5250,3.70,10
102013,ANTEOJOS,Patilla Regulable en 2 Sentidos,Transparente - UCU331A,,c/u,12,4850,3.42,10
102015,ANTEOJOS,Patilla Regulable en 2 Sentidos,Transparente - UCU081B,,c/u,12,5600,3.94,10
102016,ANTEOJOS,Patilla Regulable en 2 Sentidos,Negro - UCU082B,,c/u,12,4950,3.49,10
102017,ANTEOJOS,Patilla Regulable en 2 Sentidos,Amarillo - UCU083B,,c/u,12,4650,3.27,10
102020,ANTEOJOS,Patilla Regulable en 2 Sentidos,Amarillo - UCU023B,,c/u,12,4600,3.24,10
102021,ANTEOJOS,Patilla Regulable en 2 Sentidos,Transparente - UCU111B,,c/u,12,5100,3.59,10
102022,ANTEOJOS,Patilla Regulable en 2 Sentidos,Negro - UCU112B,,c/u,12,4650,3.27,10
102026,ANTEOJOS,Patilla Regulable en 2 Sentidos,Transparente - UCU351A,,c/u,12,5150,3.63,10
102027,PROTECCION DE LLUVIA,,Amarillo - L,,c/u,12,20100,14.15,11
102028,PROTECCION DE LLUVIA,,Amarillo - M,,c/u,12,17500,12.32,11
102029,PROTECCION DE LLUVIA,,Amarillo - NUB0202,,c/u,12,16500,11.62,11
102030,PROTECCION DE LLUVIA,,Amarillo - XL - Poncho Descartable - Transparente,,c/u,12,20700,14.58,11
102031,PROTECCION DE LLUVIA,,Amarillo - XXL,,c/u,12,18100,12.75,11
102032,PROTECCION DE LLUVIA,,Amarillo - XXXL,,c/u,12,15800,11.13,11
102033,PROTECCION DE LLUVIA,,Amarillo - L,,c/u,,15600,10.99,11
102034,PROTECCION DE LLUVIA,,Amarillo - M,,c/u,,15900,11.20,11
102036,PROTECCION DE LLUVIA,,Amarillo - XL,,c/u,,18700,13.17,11
102037,PROTECCION DE LLUVIA,,Amarillo - XXL,,c/u,,19600,13.80,11
102038,PROTECCION DE LLUVIA,,Amarillo - XXXL,,c/u,,17600,12.39,11
102042,PROTECCION DE LLUVIA,Cruzada Reflectiva,Bandolera XL,,c/u,12,15600,10.99,11
102043,PROTECCION DE LLUVIA,Cruzada Reflectiva,Bandolera XXL,,c/u,12,17400,12.25,11
102045,ANTEOJOS,Patilla Regulable en 2 Sentidos,Espejado - UCU092F,,c/u,12,5750,4.05,10
102049,GUANTES SINTETICOS,Látex Descartable,Puño Elastizado - Par - 12,,,,3550,2.50,9
102050,GUANTES SINTETICOS,Tejido - Recubrimiento Látex,Nitrilo Puño Lona - Par - 12,,,,4000,2.82,9
102051,GUANTES SINTETICOS,PVC Puño Elastizado,Puño Elastizado - Par - 12,,,,3900,2.75,9
102052,GUANTES SINTETICOS,PVC Puño Elastizado,Puño Elastizado - Par - 12 - Látex Domestico,,,,3000,2.11,9
102053,GUANTES SINTETICOS,,30 Cms - DPS31345 - Par - 12,30 Cms - DPS31345,,,3750,2.64,9
102054,GUANTES SINTETICOS,,35 Cms - DPS31445 - Par - 12,35 Cms - DPS31445,,,3700,2.61,9
102055,GUANTES SINTETICOS,,40 Cms - DPS31545 - Par - 12,40 Cms - DPS31545,,,3550,2.50,9
102056,GUANTES SINTETICOS,,S - DPS71392 - Par - 12,,,,3250,2.29,9
102057,GUANTES SINTETICOS,,M - DPS71393 - Par - 12,,,,3650,2.57,9
102058,GUANTES SINTETICOS,,L - DPS71394 - Par - 12,,,,3100,2.18,9
102059,GUANTES SINTETICOS,,XL - DPS71395 - Par - 12,,,,3450,2.43,9
102060,GUANTES SINTETICOS,PVC Puño Elastizado,S - DPS61322 - Par - 12,,,,3450,2.43,9
102061,GUANTES SINTETICOS,PVC Puño Elastizado,M - DPS61323 - Par - 12,,,,4000,2.82,9
102062,GUANTES SINTETICOS,PVC Puño Elastizado,L - DPS61324 - Par - 12,,,,3900,2.75,9
102063,GUANTES SINTETICOS,PVC Puño Elastizado,XL - DPS61325 - Par - 12,,,,3250,2.29,9
102065,GUANTES SINTETICOS,Tejido - Recubrimiento Látex,7 - DPS85192 - Par - 12,,,,3500,2.46,9
102066,GUANTES SINTETICOS,Tejido - Recubrimiento Látex,8 - DPS85193 - Par - 12,,,,3150,2.22,9
102067,GUANTES SINTETICOS,Tejido - Recubrimiento Látex,9 - DPS85194 - Par - 12,,,,3950,2.78,9
102068,GUANTES SINTETICOS,Tejido - Recubrimiento Látex,10 - DPS85195 - Par - 12,,,,3900,2.75,9
102069,PROTECCION DE LLUVIA,MASCARILLAS,Descartable - 101R,,Caja,10,16900,11.90,11
102070,PROTECCION DE LLUVIA,MASCARILLAS,Premiun - 211R,,Caja,10,18800,13.24,11
102071,PROTECCION DE LLUVIA,MASCARILLAS,Premiun - 232R,,Caja,10,18600,13.10,11
102072,PROTECCION DE LLUVIA,MASCARILLAS,Premiun - 312R,,Caja,10,16100,11.34,11
102073,GUANTES SINTETICOS,Látex Descartable,S - DPS71011,,Caja,10,3800,2.68,9
102074,GUANTES SINTETICOS,Látex Descartable,M - DPS71012,,Caja,10,3550,2.50,9
102075,GUANTES SINTETICOS,Látex Descartable,L - DPS71013,,Caja,10,3800,2.68,9
102076,GUANTES SINTETICOS,Látex Descartable,XL - DPS71014,,Caja,10,3550,2.50,9
102078,GUANTES SINTETICOS,Tejido - Recubrimiento Látex,8 - DPS89153 - Par - 12,,,,3000,2.11,9
102079,GUANTES SINTETICOS,Tejido - Recubrimiento Látex,9 - DPS89154 - Par - 12,,,,3300,2.32,9
102080,GUANTES SINTETICOS,Tejido - Recubrimiento Látex,10 - DPS89155 - Par - 12,,,,3000,2.11,9
102081,GUANTES SINTETICOS,Tejido - Recubrimiento Látex,8 - DPS88113 - Par - 12,,,,3950,2.78,9
102082,GUANTES SINTETICOS,Tejido - Recubrimiento Látex,9 - DPS88114 - Par - 12,,,,3900,2.75,9
102083,GUANTES SINTETICOS,Tejido - Recubrimiento Látex,10 - DPS88115 - Par - 12,,,,3850,2.71,9
102088,PROTECCION DE LLUVIA,Cruzada Reflectiva,Protector Auditivo - x 100 Par Caja,,,,17000,11.97,11
102089,PROTECCION DE LLUVIA,Doble Faz,Protector Auditivo Copa,,c/u,,15600,10.99,11
102090,PROTECCION DE LLUVIA,,Descartable Transp,,c/u,50,20000,14.08,11
102091,PROTECCION DE LLUVIA,,Verde Premiun - M,,c/u,,20400,14.37,11
102092,PROTECCION DE LLUVIA,,Verde Premiun - L,,c/u,,15800,11.13,11
102093,PROTECCION DE LLUVIA,,Verde Premiun - XL,,c/u,,17900,12.61,11
102094,PROTECCION DE LLUVIA,,Verde Premiun - XXL,,c/u,,15700,11.06,11
102095,PROTECCION DE LLUVIA,,Verde Premiun - XXXL,,c/u,,19400,13.66,11
102096,ANTEOJOS,Ergonómica,Transparente - UCU411A,,c/u,12,5400,3.80,10
102100,PROTECCION DE LLUVIA,Doble Faz,8 Cms x 100 Mts,8 Cms x 100 Mts,Rollo,20,22600,15.92,11
102101,PROTECCION DE LLUVIA,Doble Faz,8 Cms x 200 Mts,8 Cms x 200 Mts,Rollo,20,23900,16.83,11
102310,PROTECCION DE LLUVIA,BOTAS,38 - Par - 4,,,,18300,12.89,12
102311,PROTECCION DE LLUVIA,BOTAS,39 - Par - 4,,,,16700,11.76,12
102312,PROTECCION DE LLUVIA,BOTAS,40 - Par - 4,,,,20000,14.08,12
102313,PROTECCION DE LLUVIA,BOTAS,41 - Par - 4,,,,17600,12.39,12
102314,PROTECCION DE LLUVIA,BOTAS,42 - Par - 4,,,,16400,11.55,12
102315,PROTECCION DE LLUVIA,BOTAS,43 - Par - 4,,,,18200,12.82,12
102316,PROTECCION DE LLUVIA,BOTAS,44 - Par - 4,,,,19200,13.52,12
102317,PROTECCION DE LLUVIA,BOTAS,45 - Par - 4,,,,16400,11.55,12
102318,PROTECCION DE LLUVIA,BOTAS,46 - Par - 4,,,,17000,11.97,12
102319,PROTECCION DE LLUVIA,BOTAS,47 - Par - 4,,,,20700,14.58,12
102320,PROTECCION DE LLUVIA,BOTAS,38 - Par - 4,,,,18800,13.24,12
102321,PROTECCION DE LLUVIA,BOTAS,39 - Par - 4,,,,17700,12.46,12
102322,PROTECCION DE LLUVIA,BOTAS,40 - Par - 4,,,,18100,12.75,12
102323,PROTECCION DE LLUVIA,BOTAS,41 - Par - 4,,,,16000,11.27,12
102324,PROTECCION DE LLUVIA,BOTAS,42 - Par - 4,,,,16500,11.62,12
102325,PROTECCION DE LLUVIA,BOTAS,43 - Par - 4,,,,17100,12.04,12
102326,PROTECCION DE LLUVIA,BOTAS,44 - Par - 4,,,,18500,13.03,12
102327,PROTECCION DE LLUVIA,BOTAS,45 - Par - 4,,,,16500,11.62,12
102328,PROTECCION DE LLUVIA,BOTAS,46 - Par - 4,,,,16500,11.62,12
102329,PROTECCION DE LLUVIA,BOTAS,47 - Par - 4,,,,15700,11.06,12
102350,PROTECCION DE LLUVIA,ZAPATOS y BOTINES CON PUNTERA,38 - Par - 4,,,,18700,13.17,12
102351,PROTECCION DE LLUVIA,ZAPATOS y BOTINES CON PUNTERA,39 - Par - 4,,,,16500,11.62,12
102352,PROTECCION DE LLUVIA,ZAPATOS y BOTINES CON PUNTERA,40 - Par - 4,,,,20200,14.23,12
102353,PROTECCION DE LLUVIA,ZAPATOS y BOTINES CON PUNTERA,41 - Par - 4,,,,19900,14.01,12
102354,PROTECCION DE LLUVIA,ZAPATOS y BOTINES CON PUNTERA,42 - Par - 4,,,,15700,11.06,12
102355,PROTECCION DE LLUVIA,ZAPATOS y BOTINES CON PUNTERA,43 - Par - 4,,,,16600,11.69,12
102356,PROTECCION DE LLUVIA,ZAPATOS y BOTINES CON PUNTERA,44 - Par - 4,,,,18900,13.31,12
102357,PROTECCION DE LLUVIA,ZAPATOS y BOTINES CON PUNTERA,45 - Par - 4,,,,16500,11.62,12
102390,PROTECCION DE LLUVIA,ZAPATOS y BOTINES CON PUNTERA,38 - Par - 4,,,,16000,11.27,12
102391,PROTECCION DE LLUVIA,ZAPATOS y BOTINES CON PUNTERA,39 - Par - 4,,,,20400,14.37,12
102392,PROTECCION DE LLUVIA,ZAPATOS y BOTINES CON PUNTERA,40 - Par - 4,,,,18400,12.96,12
102393,PROTECCION DE LLUVIA,ZAPATOS y BOTINES CON PUNTERA,41 - Par - 4,,,,17900,12.61,12
102394,PROTECCION DE LLUVIA,ZAPATOS y BOTINES CON PUNTERA,42 - Par - 4,,,,19500,13.73,12
102395,PROTECCION DE LLUVIA,ZAPATOS y BOTINES CON PUNTERA,43 - Par - 4,,,,19700,13.87,12
102396,PROTECCION DE LLUVIA,ZAPATOS y BOTINES CON PUNTERA,44 - Par - 4,,,,16300,11.48,12
102397,PROTECCION DE LLUVIA,ZAPATOS y BOTINES CON PUNTERA,45 - Par - 4,,,,15800,11.13,12
102400,PROTECCION DE LLUVIA,CAMISAS y PANTALONES,38,,c/u,4,17600,12.39,12
102401,PROTECCION DE LLUVIA,CAMISAS y PANTALONES,40,,c/u,4,17600,12.39,12
102402,PROTECCION DE LLUVIA,CAMISAS y PANTALONES,42,,c/u,4,17800,12.54,12
102403,PROTECCION DE LLUVIA,CAMISAS y PANTALONES,44,,c/u,4,19200,13.52,12
102404,PROTECCION DE LLUVIA,CAMISAS y PANTALONES,46,,c/u,4,18900,13.31,12
102405,PROTECCION DE LLUVIA,CAMISAS y PANTALONES,48,,c/u,4,20600,14.51,12
102406,PROTECCION DE LLUVIA,CAMISAS y PANTALONES,50,,c/u,4,15800,11.13,12
102407,PROTECCION DE LLUVIA,CAMISAS y PANTALONES,52,,c/u,4,17500,12.32,12
102408,PROTECCION DE LLUVIA,CAMISAS y PANTALONES,54,,c/u,4,17100,12.04,12
102409,PROTECCION DE LLUVIA,CAMISAS y PANTALONES,56 o +,,c/u,4,20000,14.08,12
102424,PROTECCION DE LLUVIA,CAMISAS y PANTALONES,38,,c/u,4,16600,11.69,12
102425,PROTECCION DE LLUVIA,CAMISAS y PANTALONES,40,,c/u,4,16300,11.48,12
102426,PROTECCION DE LLUVIA,CAMISAS y PANTALONES,42,,c/u,4,17700,12.46,12
102427,PROTECCION DE LLUVIA,CAMISAS y PANTALONES,44,,c/u,4,17600,12.39,12
102428,PROTECCION DE LLUVIA,CAMISAS y PANTALONES,46,,c/u,4,16800,11.83,12
102429,PROTECCION DE LLUVIA,CAMISAS y PANTALONES,48,,c/u,4,16600,11.69,12
102430,PROTECCION DE LLUVIA,CAMISAS y PANTALONES,50,,c/u,4,20300,14.30,12
102431,PROTECCION DE LLUVIA,CAMISAS y PANTALONES,52,,c/u,4,17700,12.46,12
102432,PROTECCION DE LLUVIA,CAMISAS y PANTALONES,54,,c/u,4,20000,14.08,12
102433,PROTECCION DE LLUVIA,CAMISAS y PANTALONES,56 o +,,c/u,4,18300,12.89,12
103030,PALAS ESTAMPADA CABO CORTO,MARTILLO GALPONERO,Martillo Galponero N°27 - Cabo Madera - Importado,,c/u,6,15600,10.99,49
104000,MAQUINA DE PVC PARA SALPICAR,Torniquete Tipo Golondrina Para Alambrar,Torniquete Pintado Mini N°6 Para Antena TV,,c/u,25,40200,28.31,40
104001,MAQUINA DE PVC PARA SALPICAR,Torniquete Tipo Golondrina Para Alambrar,Torniquete Pintado Liviano N°7,,c/u,25,38500,27.11,40
104002,MAQUINA DE PVC PARA SALPICAR,Torniquete Tipo Golondrina Para Alambrar,Torniquete Pintado Reforzado N°8,,c/u,25,39900,28.10,40
104003,MAQUINA DE PVC PARA SALPICAR,Torniquete Tipo Golondrina Para Alambrar,Torniquete Pintado Doble al Poste N°9,,c/u,12,39500,27.82,40
104004,MAQUINA DE PVC PARA SALPICAR,Torniquete Tipo Golondrina Para Alambrar,Torniquete Pintado Micro,,c/u,25,38700,27.25,40
107001,TEJIDOS MEDIA SOMBRA,POLIETILENOS,Agropol Negro 3 x 100 Metros - 100 Micrones,Agropol Negro 3 x 100 Metros - 100 Micrones,Rollo,,63900,45.00,89
107002,TEJIDOS MEDIA SOMBRA,POLIETILENOS,Agropol Negro 4 x 50 Metros - 100 Micrones,Agropol Negro 4 x 50 Metros - 100 Micrones,Rollo,,67300,47.39,89
107003,TEJIDOS MEDIA SOMBRA,POLIETILENOS,Agropol Negro 3 x 50 Metros - 200 Micrones,Agropol Negro 3 x 50 Metros - 200 Micrones,Rollo,,64400,45.35,89
107004,TEJIDOS MEDIA SOMBRA,POLIETILENOS,Agropol Negro 4 x 50 Metros - 200 Micrones,Agropol Negro 4 x 50 Metros - 200 Micrones,Rollo,,66400,46.76,89
107005,TEJIDOS MEDIA SOMBRA,POLIETILENOS,Plástico Cristal 3 x 100 Metros - 100 Micrones,Plástico Cristal 3 x 100 Metros - 100 Micrones,Rollo,,62700,44.15,89
107006,TEJIDOS MEDIA SOMBRA,POLIETILENOS,Plástico Cristal 4 x 50 Metros - 100 Micrones,Plástico Cristal 4 x 50 Metros - 100 Micrones,Rollo,,66200,46.62,89
107007,TEJIDOS MEDIA SOMBRA,POLIETILENOS,Plástico Cristal 3 x 50 Metros - 200 Micrones,Plástico Cristal 3 x 50 Metros - 200 Micrones,Rollo,,72700,51.20,89
108001,REMACHES DE ALUMINIO,,"3,5 x 6",,,,75,0.05,121
108002,REMACHES DE ALUMINIO,,"3,5 x 8",,,,85,0.06,121
108003,REMACHES DE ALUMINIO,,"3,5 x 10",,,,80,0.06,121
108004,REMACHES DE ALUMINIO,,"3,5 x 12",,,,80,0.06,121
108005,REMACHES DE ALUMINIO,,"3,5 x 14",,,,90,0.06,121
108006,REMACHES DE ALUMINIO,,"3,5 x 16",,,,90,0.06,121
108007,REMACHES DE ALUMINIO,,"3,5 x 19",,,,80,0.06,121
108008,REMACHES DE ALUMINIO,,"3,5 x 25",,,,85,0.06,121
108009,REMACHES DE ALUMINIO,,"3,5 x 30 - Caja x 500 Unidades",,,,70,0.05,121
108010,REMACHES DE ALUMINIO,,4 x 6,,,,75,0.05,121
108011,REMACHES DE ALUMINIO,,4 x 8,,,,90,0.06,121
108012,REMACHES DE ALUMINIO,,4 x 10,,,,80,0.06,121
108013,REMACHES DE ALUMINIO,,4 x 12,,,,80,0.06,121
108014,REMACHES DE ALUMINIO,,4 x 14,,,,85,0.06,121
108015,REMACHES DE ALUMINIO,,4 x 16,,,,70,0.05,121
108016,REMACHES DE ALUMINIO,,4 x 19,,,,80,0.06,121
108017,REMACHES DE ALUMINIO,,4 x 25,,,,80,0.06,121
108018,REMACHES DE ALUMINIO,,4 x 30,,,,90,0.06,121
108019,REMACHES DE ALUMINIO,,"4,8 x 8",,,,70,0.05,121
108020,REMACHES DE ALUMINIO,,"4,8 x 10",,,,90,0.06,121
108021,REMACHES DE ALUMINIO,,"4,8 x 12",,,,70,0.05,121
108022,REMACHES DE ALUMINIO,,"4,8 x 14",,,,70,0.05,121
108023,REMACHES DE ALUMINIO,,"4,8 x 16",,,,80,0.06,121
108024,REMACHES DE ALUMINIO,,"4,8 x 20",,,,85,0.06,121
108025,REMACHES DE ALUMINIO,,"4,8 x 25",,,,75,0.05,121
108026,REMACHES DE ALUMINIO,,"4,8 x 28",,,,70,0.05,121
108027,REMACHES DE ALUMINIO,,"4,8 x 30 - Caja x 250 Unidades",,,,90,0.06,121
108028,REMACHES DE ALUMINIO,REMACHADORAS,Remachadora CL-53,,c/u,25,75,0.05,121
108029,REMACHES DE ALUMINIO,REMACHADORAS,Remachadora Tipo Fuelle,,c/u,1,80,0.06,121
108030,REMACHES DE ALUMINIO,REMACHADORAS,Remachadora Tipo Tijera,,c/u,1,85,0.06,121
108032,REMACHES DE ALUMINIO,REMACHADORAS,Remachadora CT-55,,c/u,25,80,0.06,121
108035,REMACHES DE ALUMINIO,,"2,4 x 6",,,,80,0.06,121
108036,REMACHES DE ALUMINIO,,6x8,,,,80,0.06,121
108037,REMACHES DE ALUMINIO,,6 x 10,,,,90,0.06,121
108038,REMACHES DE ALUMINIO,,6 x 12,,,,75,0.05,121
108039,REMACHES DE ALUMINIO,,6 x 14,,,,85,0.06,121
108040,REMACHES DE ALUMINIO,,6 x 16,,,,75,0.05,121
108041,REMACHES DE ALUMINIO,,6 x 20,,,,75,0.05,121
108042,REMACHES DE ALUMINIO,,6 x 25,,,,85,0.06,121
108043,REMACHES DE ALUMINIO,,6 x 28,,,,75,0.05,121
108050,TORNILLOS AUTOPERFORANTE CABEZA HEXAGONAL,Tornillo Drywall Fino - Para Metal,"Tornillo Drywall Fino 6 x 1"" - x 200 Unidades","Tornillo Drywall Fino 6 x 1"" - x 200 Unidades",Bolsa,,170,0.12,122
108051,TORNILLOS AUTOPERFORANTE CABEZA HEXAGONAL,Tornillo Drywall Fino - Para Metal,"Tornillo Drywall Fino 6 x 1-5/8"" - x 200 Unidades","Tornillo Drywall Fino 6 x 1-5/8"" - x 200 Unidades",Bolsa,,620,0.44,122
108052,TORNILLOS AUTOPERFORANTE CABEZA HEXAGONAL,Tornillo Drywall Grueso - Para Madera,"Tornillo Drywall Madera 6 x 5/8"" - x 400 Unidad","Tornillo Drywall Madera 6 x 5/8"" - x 400 Unidad",Bolsa,,560,0.39,122
108053,TORNILLOS AUTOPERFORANTE CABEZA HEXAGONAL,Tornillo Drywall Grueso - Para Madera,"Tornillo Drywall Madera 6 x 3/4"" - x 200 Unidades","Tornillo Drywall Madera 6 x 3/4"" - x 200 Unidades",Bolsa,,600,0.42,122
108054,TORNILLOS AUTOPERFORANTE CABEZA HEXAGONAL,Tornillo Drywall Grueso - Para Madera,"Tornillo Drywall Madera 6 x 1"" - x 200 Unidades","Tornillo Drywall Madera 6 x 1"" - x 200 Unidades",Bolsa,,190,0.13,122
108055,TORNILLOS AUTOPERFORANTE CABEZA HEXAGONAL,Tornillo Drywall Grueso - Para Madera,"Tornillo Drywall Madera 6 x 1-1/4"" x 200 Unidades","Tornillo Drywall Madera 6 x 1-1/4"" x 200 Unidades",Bolsa,,650,0.46,122
108056,TORNILLOS AUTOPERFORANTE CABEZA HEXAGONAL,Tornillo Drywall Grueso - Para Madera,"Tornillo Drywall Madera 6 x 1-1/2"" x 200 Unidades","Tornillo Drywall Madera 6 x 1-1/2"" x 200 Unidades",Bolsa,,290,0.20,122
108057,TORNILLOS AUTOPERFORANTE CABEZA HEXAGONAL,Tornillo Drywall Grueso - Para Madera,"Tornillo Drywall Madera 6 x 1-5/8"" x 200 Unidad","Tornillo Drywall Madera 6 x 1-5/8"" x 200 Unidad",Bolsa,,570,0.40,122
108058,TORNILLOS AUTOPERFORANTE CABEZA HEXAGONAL,Tornillo Drywall Grueso - Para Madera,"Tornillo Drywall Madera 6 x 2"" x 200 Unidades","Tornillo Drywall Madera 6 x 2"" x 200 Unidades",Bolsa,,300,0.21,122
109001,CAÑOS DE RIEGO,Súper Reforzado BOUZA,"Caño ""BOUZA"" Súper Reforzado 1/2"" x 25 Metros","Caño ""BOUZA"" Súper Reforzado 1/2"" x 25 Metros",Rollo,,20300,14.30,33
109002,CAÑOS DE RIEGO,Súper Reforzado BOUZA,"Caño ""BOUZA"" Súper Reforzado 1/2"" x 50 Metros","Caño ""BOUZA"" Súper Reforzado 1/2"" x 50 Metros",Rollo,,20200,14.23,33
109003,CAÑOS DE RIEGO,Súper Reforzado BOUZA,"Caño ""BOUZA"" Súper Reforzado 1"" x 100 Metros","Caño ""BOUZA"" Súper Reforzado 1"" x 100 Metros",Rollo,,20200,14.23,33
109005,CAÑOS DE RIEGO,Súper Reforzado BOUZA,"Caño ""BOUZA"" Súper Reforzado 3/4"" x 25 Metros","Caño ""BOUZA"" Súper Reforzado 3/4"" x 25 Metros",Rollo,,18600,13.10,33
109006,CAÑOS DE RIEGO,Súper Reforzado BOUZA,"Caño ""BOUZA"" Súper Reforzado 3/4"" x 50 Metros","Caño ""BOUZA"" Súper Reforzado 3/4"" x 50 Metros",Rollo,,18000,12.68,33
109007,CAÑOS DE RIEGO,Súper Reforzado BOUZA,"Caño ""BOUZA"" Súper Reforzado 1"" x 50 Metros","Caño ""BOUZA"" Súper Reforzado 1"" x 50 Metros",Rollo,,20000,14.08,33
110003,ESTAÑOS PARA SOLDAR,Carretel,Estaño al 50% - Carretel x 1000 Gramos,Estaño al 50% - Carretel x 1000 Gramos,c/u,10,21200,14.93,36
110006,ESTAÑOS PARA SOLDAR,Carretel,Estaño al 50% - Carretel x 250 Gramos,Estaño al 50% - Carretel x 250 Gramos,c/u,10,20700,14.58,36
111001,ESTAÑOS PARA SOLDAR,Blíster de 10 Rollos,"Estaño al 40% - 1,5 mm x 2 Mts - Blíster x 10 Rollos - Blíster 40","Estaño al 40% - 1,5 mm x 2 Mts - Blíster x 10 Rollos",,,31300,22.04,36
111002,ESTAÑOS PARA SOLDAR,Carretel,Estaño al 33% - Carretel x 1000 Gramos,Estaño al 33% - Carretel x 1000 Gramos,c/u,10,20900,14.72,36
111004,ESTAÑOS PARA SOLDAR,En Varilla,Estaño al 40% - Tipo Varilla - Kilo - 25,,,,17000,11.97,36
111005,ESTAÑOS PARA SOLDAR,Carretel,Estaño al 33% - Carretel x 250 Gramos,Estaño al 33% - Carretel x 250 Gramos,c/u,10,21900,15.42,36
111007,ESTAÑOS PARA SOLDAR,En Varilla,Estaño al 50% - Tipo Varilla - Kilo - 25,,,,18800,13.24,36
111008,ESTAÑOS PARA SOLDAR,Blíster de 10 Rollos,"Estaño al 50% - 1,5 mm x 2 Mts - Blíster x 10 Rollos - Blíster 40","Estaño al 50% - 1,5 mm x 2 Mts - Blíster x 10 Rollos",,,29800,20.99,36
112001,MAQUINA DE PVC PARA SALPICAR,MECHAS y HERRAMIENTAS PARA ALAMBRAR,"1/4"" - 6,35 mm c/u - 12","1/4""",,,50800,35.77,40
112002,MAQUINA DE PVC PARA SALPICAR,MECHAS y HERRAMIENTAS PARA ALAMBRAR,"5/16"" - 7,94 mm c/u - 12","5/16""",,,44700,31.48,40
112003,MAQUINA DE PVC PARA SALPICAR,MECHAS y HERRAMIENTAS PARA ALAMBRAR,"3/8"" - 9,52 mm c/u - 12","3/8""",,,44600,31.41,40
112004,MAQUINA DE PVC PARA SALPICAR,MECHAS y HERRAMIENTAS PARA ALAMBRAR,"7/16"" - 11,11 mm c/u - 12","7/16""",,,44500,31.34,40
112005,MAQUINA DE PVC PARA SALPICAR,MECHAS y HERRAMIENTAS PARA ALAMBRAR,"1/2"" - 12,70 mm c/u - 12","1/2""",,,47900,33.73,40
112006,MAQUINA DE PVC PARA SALPICAR,MECHAS y HERRAMIENTAS PARA ALAMBRAR,"9/16"" - 14,28 mm c/u - 12","9/16""",,,45800,32.25,40
112007,MAQUINA DE PVC PARA SALPICAR,MECHAS y HERRAMIENTAS PARA ALAMBRAR,"5/8"" - 15,87 mm c/u - 12","5/8""",,,48300,34.01,40
112008,MAQUINA DE PVC PARA SALPICAR,MECHAS y HERRAMIENTAS PARA ALAMBRAR,"3/8"" - 9,52 mm c/u - 12","3/8""",,,49200,34.65,40
112009,MAQUINA DE PVC PARA SALPICAR,MECHAS y HERRAMIENTAS PARA ALAMBRAR,"7/16"" - 11,11 mm c/u - 12","7/16""",,,45200,31.83,40
112010,MAQUINA DE PVC PARA SALPICAR,MECHAS y HERRAMIENTAS PARA ALAMBRAR,"1/2"" - 12,70 mm c/u - 12","1/2""",,,48500,34.15,40
112011,MAQUINA DE PVC PARA SALPICAR,MECHAS y HERRAMIENTAS PARA ALAMBRAR,"9/16"" - 14,28 mm c/u - 12","9/16""",,,45700,32.18,40
112012,MAQUINA DE PVC PARA SALPICAR,MECHAS y HERRAMIENTAS PARA ALAMBRAR,"5/8"" - 15,87 mm c/u - 12","5/8""",,,47400,33.38,40
112013,MAQUINA DE PVC PARA SALPICAR,MECHAS y HERRAMIENTAS PARA ALAMBRAR,"3/4"" - 19,00 mm c/u - 12","3/4""",,,50600,35.63,40
112014,MAQUINA DE PVC PARA SALPICAR,MECHAS y HERRAMIENTAS PARA ALAMBRAR,"5/16"" - 7,94 mm c/u - 12","5/16""",,,50100,35.28,40
112015,MAQUINA DE PVC PARA SALPICAR,MECHAS y HERRAMIENTAS PARA ALAMBRAR,"3/4"" - 19,00 mm c/u - 12","3/4""",,,44400,31.27,40
112016,MAQUINA DE PVC PARA SALPICAR,MECHAS y HERRAMIENTAS PARA ALAMBRAR,"11/16"" - 17,50 mm c/u - 12","11/16""",,,46900,33.03,40
112017,MAQUINA DE PVC PARA SALPICAR,MECHAS y HERRAMIENTAS PARA ALAMBRAR,"7/8"" - 22,22 mm c/u - 12","7/8""",,,45800,32.25,40
112018,MAQUINA DE PVC PARA SALPICAR,MECHAS y HERRAMIENTAS PARA ALAMBRAR,"1"" - 25,40 mm c/u - 12","1""",,,43700,30.77,40
112020,MAQUINA DE PVC PARA SALPICAR,MECHAS y HERRAMIENTAS PARA ALAMBRAR,"1/4"" - 6,35 mm c/u - 12","1/4""",,,49600,34.93,40
112021,MAQUINA DE PVC PARA SALPICAR,MECHAS y HERRAMIENTAS PARA ALAMBRAR,"11/16"" - 17,50 mm c/u - 12","11/16""",,,48500,34.15,40
112022,MAQUINA DE PVC PARA SALPICAR,MECHAS y HERRAMIENTAS PARA ALAMBRAR,Taladro Carpintero Sin Crique,,c/u,1,32500,22.89,40
112023,MAQUINA DE PVC PARA SALPICAR,MECHAS y HERRAMIENTAS PARA ALAMBRAR,Taladro Carpintero Con Crique,,c/u,1,37500,26.41,40
112025,CUCHARAS SOLDADA,CATALOGO,Tenaza Carpintero N°6,,c/u,12,9150,6.44,59
112027,CUCHARAS SOLDADA,CATALOGO,Tenaza Carpintero N°8,,c/u,12,8800,6.20,59
112028,CUCHARAS SOLDADA,CATALOGO,Tenaza Carpintero N°9,,c/u,12,7700,5.42,59
112029,CUCHARAS SOLDADA,CATALOGO,Tijera Hojalatero 250 mm,Tijera Hojalatero 250 mm,c/u,6,11000,7.75,60
112030,CUCHARAS SOLDADA,CATALOGO,Tijera Hojalatero 275 mm,Tijera Hojalatero 275 mm,c/u,6,12500,8.80,60
112031,CUCHARAS SOLDADA,CATALOGO,Tijera Hojalatero 300 mm,Tijera Hojalatero 300 mm,c/u,6,12500,8.80,60
112032,CUCHARAS SOLDADA,CATALOGO,Tijera Picadora Derecha,,c/u,6,9100,6.41,60
112033,CUCHARAS SOLDADA,Tijera Poda,Tijera Para Podar de 240 mm,Tijera Para Podar de 240 mm,c/u,12,12400,8.73,59
112034,CUCHARAS SOLDADA,CATALOGO,Tenaza Armador A9,,c/u,12,9200,6.48,59
112035,CUCHARAS SOLDADA,CATALOGO,Tenaza Armador A12,,c/u,12,8050,5.67,59
112036,CUCHARAS SOLDADA,CATALOGO,Tijera Picadora Izquierda,,c/u,6,8000,5.63,60
112037,CUCHARAS SOLDADA,CATALOGO,Tijera Picadora Universal,,c/u,6,8500,5.99,60
112039,CUCHARAS SOLDADA,Pico Forjado,Pico Punta y Pala de 75 mm,Pico Punta y Pala de 75 mm,c/u,10,12500,8.80,59
112040,MAQUINA DE PVC PARA SALPICAR,MECHAS y HERRAMIENTAS PARA ALAMBRAR,"7/8"" - 22,22 mm c/u - 12","7/8""",,,49800,35.07,40
112046,CUCHARAS SOLDADA,Tijera Poda,Tijera Podar de 200 mm - Mango Ergo,Tijera Podar de 200 mm - Mango Ergo,c/u,12,12400,8.73,59
112050,CUCHARAS SOLDADA,Pala Acero Forjada,Pala Punta Corazón Cabo Largo,,c/u,6,10100,7.11,59
112052,CUCHARAS SOLDADA,Pala Acero Forjada,Pala Palear Ancha Cabo Largo,,c/u,6,8200,5.77,59
112053,CUCHARAS SOLDADA,Pala Acero Forjada,Pala Punta Pocera Cabo Largo,,c/u,6,8300,5.85,59
112054,CUCHARAS SOLDADA,Pala Acero Forjada,Pala Punta Césped Cabo Largo,,c/u,6,7950,5.60,59
112055,CUCHARAS SOLDADA,Pala Acero Forjada,Pala Palear Ancha Cabo Corto,,c/u,6,9750,6.87,59
112056,CUCHARAS SOLDADA,Pala Acero Forjada,Pala Punta Césped Cabo Corto,,c/u,6,10000,7.04,59
112058,CUCHARAS SOLDADA,Pala Acero Forjada,Pala Punta Corazón Cabo Corto,,c/u,6,8750,6.16,59
112060,MAQUINA DE PVC PARA SALPICAR,MECHAS y HERRAMIENTAS PARA ALAMBRAR,"5/16"" - 7,94 mm c/u - 12","5/16""",,,48400,34.08,40
112061,MAQUINA DE PVC PARA SALPICAR,MECHAS y HERRAMIENTAS PARA ALAMBRAR,"3/8"" - 9,52 mm c/u - 12","3/8""",,,44900,31.62,40
112062,MAQUINA DE PVC PARA SALPICAR,MECHAS y HERRAMIENTAS PARA ALAMBRAR,"1/2"" - 12,70 mm c/u - 12","1/2""",,,50800,35.77,40
112063,MAQUINA DE PVC PARA SALPICAR,MECHAS y HERRAMIENTAS PARA ALAMBRAR,"7/16"" - 11,11 mm c/u - 12","7/16""",,,50300,35.42,40
112064,MAQUINA DE PVC PARA SALPICAR,MECHAS y HERRAMIENTAS PARA ALAMBRAR,"7/16"" - 11,11 mm c/u - 12","7/16""",,,51100,35.99,40
112065,MAQUINA DE PVC PARA SALPICAR,MECHAS y HERRAMIENTAS PARA ALAMBRAR,"5/16"" - 7,94 mm c/u - 12","5/16""",,,49900,35.14,40
112066,MAQUINA DE PVC PARA SALPICAR,MECHAS y HERRAMIENTAS PARA ALAMBRAR,"1/2"" - 12,70 mm c/u - 12","1/2""",,,50400,35.49,40
112067,MAQUINA DE PVC PARA SALPICAR,MECHAS y HERRAMIENTAS PARA ALAMBRAR,"3/8"" - 9,52 mm c/u - 12","3/8""",,,43900,30.92,40
112080,MAQUINA DE PVC PARA SALPICAR,MECHAS y HERRAMIENTAS PARA ALAMBRAR,Llave California Recta,,c/u,12,37500,26.41,40
112081,MAQUINA DE PVC PARA SALPICAR,MECHAS y HERRAMIENTAS PARA ALAMBRAR,Llave California Curva,,c/u,12,33200,23.38,40
112082,CUCHARAS SOLDADA,CATALOGO,Tijera Aviación Derecha,,c/u,6,10200,7.18,60
112083,CUCHARAS SOLDADA,CATALOGO,Tijera Aviación Izquierda,,c/u,6,9800,6.90,60
112084,CUCHARAS SOLDADA,CATALOGO,Tijera Aviación Recta,,c/u,6,10000,7.04,60
112085,CUCHARAS SOLDADA,"Llave Ajustable, Tipo Francesa","Llave Ajustable 6"" - Llave Para Caño, Tipo Sueca","Llave Ajustable 6""",c/u,6,12300,8.66,60
112086,CUCHARAS SOLDADA,"Llave Ajustable, Tipo Francesa","Llave Ajustable 8""","Llave Ajustable 8""",c/u,6,11300,7.96,60
112087,CUCHARAS SOLDADA,"Llave Ajustable, Tipo Francesa","Llave Ajustable 10"" - Código - Descripción - U/Vta Caja x","Llave Ajustable 10""",c/u,6,12300,8.66,60
112088,CUCHARAS SOLDADA,"Llave Ajustable, Tipo Francesa","Llave Ajustable 12""","Llave Ajustable 12""",c/u,6,11000,7.75,60
112089,CUCHARAS SOLDADA,"Llave Ajustable, Tipo Francesa","Llave Ajustable 15""","Llave Ajustable 15""",c/u,2,12400,8.73,60
112090,CUCHARAS SOLDADA,"Llave Ajustable, Tipo Francesa","Pinza Universal 6""","Pinza Universal 6""",c/u,12,12400,8.73,60
112091,CUCHARAS SOLDADA,"Llave Ajustable, Tipo Francesa","Pinza Universal 7""","Pinza Universal 7""",c/u,12,11200,7.89,60
112092,CUCHARAS SOLDADA,"Llave Ajustable, Tipo Francesa","Pinza Universal 8""","Pinza Universal 8""",c/u,12,12300,8.66,60
112093,CUCHARAS SOLDADA,"Llave Ajustable, Tipo Francesa","Alicate Corte Oblicuo 5½""",,c/u,12,8900,6.27,60
112094,CUCHARAS SOLDADA,"Llave Ajustable, Tipo Francesa","Alicate Corte Oblicuo 6""","Alicate Corte Oblicuo 6""",c/u,12,11400,8.03,60
112095,CUCHARAS SOLDADA,Pinza Pico de Loro,"Pinza de Punta 7""","Pinza de Punta 7""",c/u,12,12300,8.66,60
112096,CUCHARAS SOLDADA,Pinza Pico de Loro,"Pinza de Punta 8""","Pinza de Punta 8""",c/u,12,11200,7.89,60
112097,CUCHARAS SOLDADA,Pinza Pico de Loro,"Pinza Regulable 10""","Pinza Regulable 10""",c/u,12,10900,7.68,60
112098,CUCHARAS SOLDADA,"Llave Ajustable, Tipo Francesa","Llave Para Caño de 1½""",,c/u,6,8150,5.74,60
112099,CUCHARAS SOLDADA,CATALOGO,"Tijera Cortapernos 12""","Tijera Cortapernos 12""",c/u,6,11400,8.03,60
112100,CUCHARAS SOLDADA,CATALOGO,"Tijera Cortapernos 14""","Tijera Cortapernos 14""",c/u,6,12400,8.73,60
112101,CUCHARAS SOLDADA,CATALOGO,"Tijera Cortapernos 18""","Tijera Cortapernos 18""",c/u,6,12600,8.87,60
112102,CUCHARAS SOLDADA,CATALOGO,"Tijera Cortapernos 24""","Tijera Cortapernos 24""",c/u,6,11300,7.96,60
112103,CUCHARAS SOLDADA,CATALOGO,"Tijera Cortapernos 30""","Tijera Cortapernos 30""",c/u,2,12000,8.45,60
112104,CUCHARAS SOLDADA,CATALOGO,"Tijera Cortapernos 36""","Tijera Cortapernos 36""",c/u,2,11600,8.17,60
112105,CUCHARAS SOLDADA,CATALOGO,"Tijera Cortapernos 42""","Tijera Cortapernos 42""",c/u,2,12700,8.94,60
112106,CUCHARAS SOLDADA,"Llave Ajustable, Tipo Francesa","Llave Para Caño de 1""","Llave Para Caño de 1""",c/u,6,11800,8.31,60
115001,CINTAS ADHESIVA,,5 Metros Negra,5 Metros Negra,c/u,200,1600,1.13,5
115003,CINTAS ADHESIVA,,10 Metros Negra,10 Metros Negra,c/u,150,2700,1.90,5
115004,CINTAS ADHESIVA,,10 Metros Blanca,10 Metros Blanca,c/u,150,3100,2.18,5
115005,CINTAS ADHESIVA,Cinta Aisladora Sin Adhesivo,20 Metros Negra - Código - Medida - Color - U/Vta Caja x,20 Metros Negra,c/u,100,5350,3.77,5
115006,CINTAS ADHESIVA,Cinta Aisladora Sin Adhesivo,20 Metros Blanca,20 Metros Blanca,c/u,100,6050,4.26,5
115007,CINTAS ADHESIVA,Cinta Aisladora Sin Adhesivo,20 Metros Roja,20 Metros Roja,c/u,100,5400,3.80,5
115008,CINTAS ADHESIVA,,10 Metros Verde,10 Metros Verde,c/u,150,2700,1.90,5
115009,CINTAS ADHESIVA,,10 Metros Roja,10 Metros Roja,c/u,150,2850,2.01,5
115010,CINTAS ADHESIVA,,5 Metros Surtido,5 Metros Surtido,Caja,200,1550,1.09,5
115011,CINTAS ADHESIVA,,10 Metros Surtido,10 Metros Surtido,Caja,150,2800,1.97,5
115014,CINTAS ADHESIVA,,9 Metros Negra,9 Metros Negra,Caja,100,2650,1.87,6
115015,CINTAS ADHESIVA,,10 Metros Negra,10 Metros Negra,c/u,120,2850,2.01,5
115016,CINTAS ADHESIVA,,20 Metros Negra,20 Metros Negra,c/u,90,5500,3.87,5
115017,CINTAS ADHESIVA,,10 Metros Blanca,10 Metros Blanca,c/u,120,2900,2.04,5
115018,CINTAS ADHESIVA,,20 Metros Blanca,20 Metros Blanca,c/u,90,5400,3.80,5
115020,CINTAS ADHESIVA,Cinta Aisladora Sin Adhesivo,9 Metros - Negra,9 Metros,c/u,48,2700,1.90,5
115021,CINTAS ADHESIVA,Cinta Aisladora Sin Adhesivo,9 Metros - Blanca,9 Metros,c/u,48,2400,1.69,5
115022,CINTAS ADHESIVA,Cinta Aisladora Sin Adhesivo,9 Metros - Gris,9 Metros,c/u,48,2750,1.94,5
115023,CINTAS ADHESIVA,Cinta Aisladora Sin Adhesivo,9 Metros - Verde,9 Metros,c/u,48,2600,1.83,5
115024,CINTAS ADHESIVA,Cinta Aisladora Sin Adhesivo,9 Metros - Violeta,9 Metros,c/u,48,2700,1.90,5
115025,CINTAS ADHESIVA,Cinta Aisladora Sin Adhesivo,9 Metros - Azul,9 Metros,c/u,48,2700,1.90,5
115026,CINTAS ADHESIVA,Cinta Aisladora Sin Adhesivo,9 Metros - Roja,9 Metros,c/u,48,2650,1.87,5
115027,CINTAS ADHESIVA,Cinta Aisladora Sin Adhesivo,9 Metros - Amarilla,9 Metros,c/u,48,2550,1.80,5
115029,CINTAS ADHESIVA,Cinta Doble Faz,70 mm 9 Metros,70 mm 9 Metros,c/u,24,6500,4.58,6
115030,CINTAS ADHESIVA,Cinta Aisladora Sin Adhesivo,20 Metros Negra,20 Metros Negra,c/u,10,5750,4.05,5
115031,CINTAS ADHESIVA,Cinta Auto-Soldable,2 Metros Blanca,2 Metros Blanca,c/u,120,780,0.55,6
115032,CINTAS ADHESIVA,Cinta Auto-Soldable,"4,57 Mts Blanca","4,57 Mts Blanca",c/u,26,6800,4.79,6
115033,CINTAS ADHESIVA,Cinta Auto-Soldable,"9,14 Mts Blanca","9,14 Mts Blanca",c/u,12,4200,2.96,6
115038,CINTAS ADHESIVA,,70 mm Blanca,70 mm Blanca,c/u,45,7250,5.11,6
115039,CINTAS ADHESIVA,,70 mm Blanca,70 mm Blanca,c/u,45,6800,4.79,6
115040,CINTAS ADHESIVA,Cinta Aisladora Sin Adhesivo,40 Metros Transparente,40 Metros Transparente,Caja,1,6800,4.79,5
115041,CINTAS ADHESIVA,Cinta Aisladora Sin Adhesivo,40 Metros Marrón,40 Metros Marrón,Caja,1,6900,4.86,5
115042,CINTAS ADHESIVA,,"4,5 Mts Blanca","4,5 Mts Blanca",Caja,150,1450,1.02,6
115043,CINTAS ADHESIVA,Cinta Aisladora Sin Adhesivo,18 mm - Blanca,18 mm,c/u,48,2500,1.76,5
115044,CINTAS ADHESIVA,Cinta Aisladora Sin Adhesivo,24 mm - Blanca,24 mm,c/u,36,3200,2.25,5
115045,CINTAS ADHESIVA,Cinta Aisladora Sin Adhesivo,48 mm - Blanca,48 mm,c/u,18,6650,4.68,5
115046,CINTAS ADHESIVA,Cinta Aisladora Sin Adhesivo,100 Metros Transparente,100 Metros Transparente,Caja,1,7500,5.28,5
115047,CINTAS ADHESIVA,Cinta Aisladora Sin Adhesivo,20 Metros Surtido,20 Metros Surtido,Caja,100,5800,4.08,5
115048,CINTAS ADHESIVA,Cinta Aisladora Sin Adhesivo,12 mm - Blanca,12 mm,c/u,72,1900,1.34,5
115049,CINTAS ADHESIVA,Cinta Aisladora Sin Adhesivo,36 mm - Blanca,36 mm,c/u,24,5150,3.63,5
115058,CINTAS ADHESIVA,,70 mm Negra,70 mm Negra,c/u,20,6800,4.79,6
115059,CINTAS ADHESIVA,,70 mm Negra,70 mm Negra,c/u,20,7050,4.96,6
115061,CINTAS ADHESIVA,Cinta Doble Faz,12 mm x 5 Metros,12 mm x 5 Metros,c/u,45,1600,1.13,6
115062,CINTAS ADHESIVA,Cinta Doble Faz,18 mm x 2 Metros - Cinta Antideslizante,18 mm x 2 Metros,c/u,54,2500,1.76,6
115063,CINTAS ADHESIVA,Cinta Doble Faz,24 mm x 2 Metros,24 mm x 2 Metros,c/u,36,3400,2.39,6
115064,CINTAS ADHESIVA,Cinta Aisladora Sin Adhesivo,"1/2"" x 10 Metros","1/2"" x 10 Metros",Caja,25,2900,2.04,5
115065,CINTAS ADHESIVA,Cinta Aisladora Sin Adhesivo,"1/2"" x 20 Metros","1/2"" x 20 Metros",Caja,25,5750,4.05,5
115066,CINTAS ADHESIVA,Cinta Aisladora Sin Adhesivo,"3/4"" x 10 Metros","3/4"" x 10 Metros",Caja,24,2850,2.01,5
115067,CINTAS ADHESIVA,Cinta Aisladora Sin Adhesivo,"3/4"" x 20 Metros","3/4"" x 20 Metros",Caja,24,5550,3.91,5
115068,CINTAS ADHESIVA,Cinta Aisladora Sin Adhesivo,"1"" x 10 Metros","1"" x 10 Metros",Caja,12,2750,1.94,5
115069,CINTAS ADHESIVA,Cinta Aisladora Sin Adhesivo,"1"" x 20 Metros","1"" x 20 Metros",Caja,12,5600,3.94,5
115071,CINTAS ADHESIVA,,48 mm 25 Metros,48 mm 25 Metros,c/u,90,7150,5.04,6
115072,CINTAS ADHESIVA,,48 mm 50 Metros,48 mm 50 Metros,c/u,30,7050,4.96,6
115073,CINTAS ADHESIVA,Cinta Doble Faz,25 mm - 5 Metros,25 mm,c/u,24,3350,2.36,6
115074,CINTAS ADHESIVA,Cinta Doble Faz,50 mm - 33 Metros,50 mm,c/u,24,6550,4.61,6
115075,CINTAS ADHESIVA,Cinta Doble Faz,"3/32"" - Negra","3/32""",Caja,1,7000,4.93,6
115076,CINTAS ADHESIVA,Cinta Doble Faz,"1/8"" - Negra","1/8""",Caja,1,7150,5.04,6
115077,CINTAS ADHESIVA,Cinta Doble Faz,"3/16"" - Negra","3/16""",Caja,1,6800,4.79,6
115078,CINTAS ADHESIVA,Cinta Doble Faz,"1/4"" - Negra - Cinta Para Silo-Bolsa","1/4""",Caja,1,7350,5.18,6
115079,CINTAS ADHESIVA,Cinta Doble Faz,"5/16"" - Negra","5/16""",Caja,1,7300,5.14,6
115080,CINTAS ADHESIVA,Cinta Doble Faz,"3/8"" - Negra","3/8""",Caja,1,7200,5.07,6
115081,CINTAS ADHESIVA,Cinta Doble Faz,"1/2"" - Negra - Código - Medida - Largo - U/Vta Caja x","1/2""",Caja,1,6700,4.72,6
115082,CINTAS ADHESIVA,Cinta Doble Faz,Surtido - Negra,,Caja,1,2250,1.58,6
118001,TEJIDOS MEDIA SOMBRA,"Pincel Nacional, Cerda Porcina Blanca",Pincel Línea Profesional N°10 - 25 mm,Pincel Línea Profesional N°10 - 25 mm,c/u,12,62400,43.94,91
118002,TEJIDOS MEDIA SOMBRA,"Pincel Nacional, Cerda Porcina Blanca",Pincel Línea Profesional N°15 - 38 mm,Pincel Línea Profesional N°15 - 38 mm,c/u,12,64700,45.56,91
118003,TEJIDOS MEDIA SOMBRA,"Pincel Nacional, Cerda Porcina Blanca",Pincel Línea Profesional N°20 - 50 mm,Pincel Línea Profesional N°20 - 50 mm,c/u,12,67200,47.32,91
118004,TEJIDOS MEDIA SOMBRA,"Pincel Nacional, Cerda Porcina Blanca",Pincel Línea Profesional N°25 - 63 mm,Pincel Línea Profesional N°25 - 63 mm,c/u,12,71300,50.21,91
118005,TEJIDOS MEDIA SOMBRA,"Pincel Nacional, Cerda Porcina Blanca",Pincel Línea Profesional N°30 - 75 mm,Pincel Línea Profesional N°30 - 75 mm,c/u,12,62900,44.30,91
118012,ESCUADRAS PARA SOPORTAR ESTANTES,"SOGAS, PIOLINES, CABLE ACERO y ACCESORIOS",10 Ovillo x 50 Grs,10 Ovillo x 50 Grs,Paq,,4400,3.10,28
118013,ESCUADRAS PARA SOPORTAR ESTANTES,"SOGAS, PIOLINES, CABLE ACERO y ACCESORIOS",10 Ovillo x 50 Grs,10 Ovillo x 50 Grs,Paq,,4700,3.31,28
118014,ESCUADRAS PARA SOPORTAR ESTANTES,"SOGAS, PIOLINES, CABLE ACERO y ACCESORIOS",10 Ovillo x 100 Grs,10 Ovillo x 100 Grs,Paq,,4100,2.89,28
118015,ESCUADRAS PARA SOPORTAR ESTANTES,"SOGAS, PIOLINES, CABLE ACERO y ACCESORIOS",N°18 Bobina 380 Mts,N°18 Bobina 380 Mts,,,8500,5.99,28
118016,ESCUADRAS PARA SOPORTAR ESTANTES,"SOGAS, PIOLINES, CABLE ACERO y ACCESORIOS",N°21 Bobina 360 Mts,N°21 Bobina 360 Mts,,,8250,5.81,28
118017,ESCUADRAS PARA SOPORTAR ESTANTES,"SOGAS, PIOLINES, CABLE ACERO y ACCESORIOS",N°27 Bobina 270 Mts,N°27 Bobina 270 Mts,,,7900,5.56,28
118018,ESCUADRAS PARA SOPORTAR ESTANTES,"SOGAS, PIOLINES, CABLE ACERO y ACCESORIOS",N°36 Bobina 200 Mts,N°36 Bobina 200 Mts,,,8450,5.95,28
118019,ESCUADRAS PARA SOPORTAR ESTANTES,"SOGAS, PIOLINES, CABLE ACERO y ACCESORIOS",N°48 Bobina 70 Mts,N°48 Bobina 70 Mts,,,7600,5.35,28
118020,ESCUADRAS PARA SOPORTAR ESTANTES,"SOGAS, PIOLINES, CABLE ACERO y ACCESORIOS",N°60 Bobina 60 Mts,N°60 Bobina 60 Mts,,,8600,6.06,28
118021,ESCUADRAS PARA SOPORTAR ESTANTES,"SOGAS, PIOLINES, CABLE ACERO y ACCESORIOS",N°120 Bobina 45 Mts,N°120 Bobina 45 Mts,,,8600,6.06,28
118022,ESCUADRAS PARA SOPORTAR ESTANTES,"SOGAS, PIOLINES, CABLE ACERO y ACCESORIOS",N°72 Bobina 55 Mts,N°72 Bobina 55 Mts,,,7750,5.46,28
118023,ESCUADRAS PARA SOPORTAR ESTANTES,"SOGAS, PIOLINES, CABLE ACERO y ACCESORIOS",N°24 Bobina 290 Mts,N°24 Bobina 290 Mts,,,8150,5.74,28
118024,ESCUADRAS PARA SOPORTAR ESTANTES,"SOGAS, PIOLINES, CABLE ACERO y ACCESORIOS",N°42 Bobina 170 Mts,N°42 Bobina 170 Mts,,,7800,5.49,28
118025,ESCUADRAS PARA SOPORTAR ESTANTES,"SOGAS, PIOLINES, CABLE ACERO y ACCESORIOS",N°144 Bobina 40 Mts,N°144 Bobina 40 Mts,,,8850,6.23,28
118026,DELANTALES DESCARNE,GUANTES TEJIDO,Gris Mote Negro - Par - 12,,,,25100,17.68,8
118027,ESCUADRAS PARA SOPORTAR ESTANTES,"SOGAS, PIOLINES, CABLE ACERO y ACCESORIOS",N°96 Bobina 50 Mts,N°96 Bobina 50 Mts,,,7650,5.39,28
118028,TEJIDOS MEDIA SOMBRA,"Pincel Nacional, Cerda Porcina Blanca",Pincel Línea Profesional N° 7 - 18 mm,Pincel Línea Profesional N° 7 - 18 mm,c/u,12,64800,45.63,91
118034,ESCUADRAS PARA SOPORTAR ESTANTES,"SOGAS, PIOLINES, CABLE ACERO y ACCESORIOS",4 mm - Rollo 100,4 mm,,,8700,6.13,28
118038,TANZAS PARA BORDEADORA,TANZAS PARA ALBAÑIL,"Tanza Para Albañil de 0,80 x 100 Metros","Tanza Para Albañil de 0,80 x 100 Metros",Rollo,6,14400,10.14,72
119001,RESORTES,CINTAS METRICA - FLEJE DE 16 mm,102 - 2 Metros,2 Metros,c/u,12,4450,3.13,14
119002,RESORTES,CINTAS METRICA - FLEJE DE 16 mm,502 - 2 Metros,2 Metros,c/u,12,4350,3.06,14
119007,RESORTES,CINTAS METRICA - FLEJE DE 16 mm,503 - 3 Metros,3 Metros,c/u,12,4600,3.24,14
119008,RESORTES,CINTAS METRICA - FLEJE DE 16 mm,505 - 5 Metros,5 Metros,c/u,12,4300,3.03,14
119009,RESORTES,"Con Freno, Pasacinto y Correa",525 - 5 Metros,5 Metros,c/u,12,4550,3.20,14
119010,RESORTES,"Con Freno, Pasacinto y Correa",508 - 8 Metros,8 Metros,c/u,12,4500,3.17,14
119011,RESORTES,Standard,205 - 5 Metros,5 Metros,c/u,12,4350,3.06,14
119012,RESORTES,Standard,210 - 10 Metros c/u - 12,10 Metros c/u,,,4400,3.10,14
119013,RESORTES,Standard,215 - 15 Metros c/u - 12,15 Metros c/u,,,4250,2.99,14
119014,RESORTES,Standard,220 - 20 Metros c/u - 12,20 Metros c/u,,,4450,3.13,14
119015,RESORTES,Standard,225 - 25 Metros c/u - 12,25 Metros c/u,,,4300,3.03,14
119016,RESORTES,Standard,230 - 30 Metros c/u - 12 - Metro Plástico,30 Metros c/u,,,4500,3.17,14
119017,RESORTES,Standard,250 - 50 Metros c/u - 12,50 Metros c/u,,,4400,3.10,14
119018,RESORTES,"Con Freno, Pasacinto y Correa",526 - 6 Metros,6 Metros,c/u,12,4250,2.99,14
119019,RESORTES,"Con Freno, Pasacinto y Correa",510 - 10 Metros c/u - 12,10 Metros c/u,,,4100,2.89,14
119020,RESORTES,Standard,001 - 30 Cm,30 Cm,c/u,12,1850,1.30,14
119021,RESORTES,Standard,002 - 45 Cm,45 Cm,c/u,12,2100,1.48,14
119022,RESORTES,Standard,003 - 60 Cm,60 Cm,c/u,12,2150,1.51,14
119026,RESORTES,Standard,Simple,,c/u,12,2000,1.41,14
119027,RESORTES,Standard,Doble,,c/u,12,2100,1.48,14
119028,RESORTES,CINTAS METRICA - FLEJE DE 16 mm,103 - 3 Metros,3 Metros,c/u,12,4100,2.89,14
120001,TEJIDOS MEDIA SOMBRA,LATEX y ENDUIDOS,Látex Ecológico Universal x 4 Lts - Lata,Látex Ecológico Universal x 4 Lts,,,62900,44.30,92
120002,TEJIDOS MEDIA SOMBRA,LATEX y ENDUIDOS,Látex Ecológico Universal x 10 Lts - Lata,Látex Ecológico Universal x 10 Lts,,,65200,45.92,92
120003,TEJIDOS MEDIA SOMBRA,LATEX y ENDUIDOS,Látex Ecológico Universal x 20 Lts - Lata,Látex Ecológico Universal x 20 Lts,,,65000,45.77,92
120004,TEJIDOS MEDIA SOMBRA,Esmalte Sintético Flúo,Magenta - Lata - 6,,,,37800,26.62,92
120005,TEJIDOS MEDIA SOMBRA,Esmalte Sintético Flúo,Cedro - Lata - 6 - Código - Tono - U/Vta Caja x,,,,40500,28.52,92
120010,TEJIDOS MEDIA SOMBRA,LATEX y ENDUIDOS,Enduido x 1 Litro - Lata,,,,35700,25.14,92
120011,TEJIDOS MEDIA SOMBRA,LATEX y ENDUIDOS,Enduido x 4 Litros - Lata,,,,36800,25.92,92
120012,TEJIDOS MEDIA SOMBRA,LATEX y ENDUIDOS,Enduido x 10 Litros - Lata,,,,42300,29.79,92
120013,TEJIDOS MEDIA SOMBRA,LATEX y ENDUIDOS,Enduido x 20 Litros - Lata,,,,42500,29.93,92
120021,TEJIDOS MEDIA SOMBRA,Esmalte Sintético Flúo,Aluminio Alta Temp - Lata - 6,,,,34800,24.51,92
120022,TEJIDOS MEDIA SOMBRA,ESMALTES SINTETICO EN AEROSOL X 250cc,Amarillo - Lata - 6,,,,38900,27.39,92
120023,TEJIDOS MEDIA SOMBRA,ESMALTES SINTETICO EN AEROSOL X 250cc,Azul Francia - Lata - 6,,,,40500,28.52,92
120024,TEJIDOS MEDIA SOMBRA,ESMALTES SINTETICO EN AEROSOL X 250cc,Barniz - Lata - 6,,,,39000,27.46,92
120025,TEJIDOS MEDIA SOMBRA,ESMALTES SINTETICO EN AEROSOL X 250cc,Barniz Mate - Lata - 6,,,,36500,25.70,92
120026,TEJIDOS MEDIA SOMBRA,ESMALTES SINTETICO EN AEROSOL X 250cc,Bermellón - Lata - 6,,,,39000,27.46,92
120027,TEJIDOS MEDIA SOMBRA,ESMALTES SINTETICO EN AEROSOL X 250cc,Blanco - Lata - 6,,,,44900,31.62,92
120028,TEJIDOS MEDIA SOMBRA,Esmalte Sintético Flúo,Celeste Traful - Lata - 6,,,,41000,28.87,92
120029,TEJIDOS MEDIA SOMBRA,Esmalte Sintético Flúo,Cobre - Lata - 6,,,,42300,29.79,92
120030,TEJIDOS MEDIA SOMBRA,ESMALTES SINTETICO EN AEROSOL X 250cc,Convertidor Rojo - Lata - 6,,,,44300,31.20,92
120031,TEJIDOS MEDIA SOMBRA,Esmalte Sintético Flúo,Naranja - Lata - 6,,,,43200,30.42,92
120032,TEJIDOS MEDIA SOMBRA,Esmalte Sintético Flúo,Negro - Lata - 6,,,,38600,27.18,92
120034,TEJIDOS MEDIA SOMBRA,Esmalte Sintético Flúo,Negro Mate - Lata - 6 - Esmalte Sintético Metalizado,,,,34100,24.01,92
120035,TEJIDOS MEDIA SOMBRA,Esmalte Sintético Flúo,Niebla - Lata - 6 - Código - Tono - U/Vta Caja x,,,,38200,26.90,92
120036,TEJIDOS MEDIA SOMBRA,Esmalte Sintético Flúo,Oro - Lata - 6,,,,43000,30.28,92
120037,TEJIDOS MEDIA SOMBRA,Esmalte Sintético Flúo,Plata - Lata - 6,,,,44200,31.13,92
120038,TEJIDOS MEDIA SOMBRA,Esmalte Sintético Flúo,Rosa - Lata - 6,,,,45400,31.97,92
120039,TEJIDOS MEDIA SOMBRA,Esmalte Sintético Flúo,Seda - Lata - 6,,,,39000,27.46,92
120040,TEJIDOS MEDIA SOMBRA,Esmalte Sintético Flúo,Tabaco - Lata - 6 - Esmalte Alta Temperatura,,,,43000,30.28,92
120041,TEJIDOS MEDIA SOMBRA,Esmalte Sintético Flúo,Verde Claro - Lata - 6,,,,40600,28.59,92
120042,TEJIDOS MEDIA SOMBRA,Esmalte Sintético Flúo,Verde Inglés - Lata - 6 - Código - Tono - U/Vta Caja x,,,,41200,29.01,92
120043,TEJIDOS MEDIA SOMBRA,Esmalte Sintético Flúo,Violeta - Lata - 6,,,,36600,25.77,92
120044,TEJIDOS MEDIA SOMBRA,Esmalte Sintético Flúo,Flúo Amarillo - Lata - 6,,,,36600,25.77,92
120045,TEJIDOS MEDIA SOMBRA,Esmalte Sintético Flúo,Flúo Fucsia - Lata - 6,,,,39200,27.61,92
120046,TEJIDOS MEDIA SOMBRA,Esmalte Sintético Flúo,Flúo Naranja - Lata - 6,,,,34300,24.15,92
120047,TEJIDOS MEDIA SOMBRA,Esmalte Sintético Flúo,Flúo Verde - Lata - 6,,,,38000,26.76,92
120048,TEJIDOS MEDIA SOMBRA,Esmalte Sintético Flúo,Metalizado Azul - Lata - 6,,,,42100,29.65,92
120049,TEJIDOS MEDIA SOMBRA,Esmalte Sintético Flúo,Metalizado Rojo - Lata - 6,,,,38900,27.39,92
120050,TEJIDOS MEDIA SOMBRA,Esmalte Sintético Flúo,Metalizado Verde - Lata - 6,,,,36000,25.35,92
120051,TEJIDOS MEDIA SOMBRA,ESMALTES SINTETICO EN AEROSOL X 250cc,Esmerilado - Lata - 6,,,,39600,27.89,92
120052,TEJIDOS MEDIA SOMBRA,Esmalte Sintético Flúo,Grafito - Lata - 6,,,,35500,25.00,92
120055,TEJIDOS MEDIA SOMBRA,"ESMALTES SINTETICO 3 En 1 - "" 1 MINUTO""",,,,,41500,29.23,92
120056,TEJIDOS MEDIA SOMBRA,"ESMALTES SINTETICO 3 En 1 - "" 1 MINUTO""",Gris Espacial,,,,34300,24.15,92
120057,TEJIDOS MEDIA SOMBRA,"ESMALTES SINTETICO 3 En 1 - "" 1 MINUTO""",,,,,38700,27.25,92
120058,TEJIDOS MEDIA SOMBRA,"ESMALTES SINTETICO 3 En 1 - "" 1 MINUTO""",Marrón,,,,40800,28.73,92
120059,TEJIDOS MEDIA SOMBRA,"ESMALTES SINTETICO 3 En 1 - "" 1 MINUTO""",,,,,34300,24.15,92
120060,TEJIDOS MEDIA SOMBRA,"ESMALTES SINTETICO 3 En 1 - "" 1 MINUTO""",Naranja,,,,41700,29.37,92
120061,TEJIDOS MEDIA SOMBRA,"ESMALTES SINTETICO 3 En 1 - "" 1 MINUTO""",,,,,35600,25.07,92
120062,TEJIDOS MEDIA SOMBRA,"ESMALTES SINTETICO 3 En 1 - "" 1 MINUTO""",Negro,,,,39500,27.82,92
120063,TEJIDOS MEDIA SOMBRA,"ESMALTES SINTETICO 3 En 1 - "" 1 MINUTO""",,,,,34600,24.37,92
120064,TEJIDOS MEDIA SOMBRA,"ESMALTES SINTETICO 3 En 1 - "" 1 MINUTO""",Verde Claro,,,,38500,27.11,92
120065,TEJIDOS MEDIA SOMBRA,"ESMALTES SINTETICO 3 En 1 - "" 1 MINUTO""",,,,,36500,25.70,92
120066,TEJIDOS MEDIA SOMBRA,"ESMALTES SINTETICO 3 En 1 - "" 1 MINUTO""",,,,,37900,26.69,92
120067,TEJIDOS MEDIA SOMBRA,"ESMALTES SINTETICO 3 En 1 - "" 1 MINUTO""",,,,,43100,30.35,92
120068,TEJIDOS MEDIA SOMBRA,"ESMALTES SINTETICO 3 En 1 - "" 1 MINUTO""",,,,,38500,27.11,92
120069,TEJIDOS MEDIA SOMBRA,"ESMALTES SINTETICO 3 En 1 - "" 1 MINUTO""",,,,,43000,30.28,92
120070,TEJIDOS MEDIA SOMBRA,"ESMALTES SINTETICO 3 En 1 - "" 1 MINUTO""",,,,,44000,30.99,92
120071,TEJIDOS MEDIA SOMBRA,"ESMALTES SINTETICO 3 En 1 - "" 1 MINUTO""",,,,,37000,26.06,92
120072,TEJIDOS MEDIA SOMBRA,"ESMALTES SINTETICO 3 En 1 - "" 1 MINUTO""",,,,,35000,24.65,92
120073,TEJIDOS MEDIA SOMBRA,"ESMALTES SINTETICO 3 En 1 - "" 1 MINUTO""",,,,,34200,24.08,92
120074,TEJIDOS MEDIA SOMBRA,"ESMALTES SINTETICO 3 En 1 - "" 1 MINUTO""",,,,,40500,28.52,92
121001,MAQUINA DE PVC PARA SALPICAR,Torniquete Tipo Golondrina Para Alambrar,Taladro Carpintero Con Crique - 1,,,,40200,28.31,40
121002,MAQUINA DE PVC PARA SALPICAR,Torniquete Tipo Golondrina Para Alambrar,Taladro Carpintero Sin Crique - 1,,,,33400,23.52,40
121003,MAQUINA DE PVC PARA SALPICAR,Torniquete Tipo Golondrina Para Alambrar,Mordaza Taladro Carpintero - 1,,,,36600,25.77,40
121004,MAQUINA DE PVC PARA SALPICAR,Torniquete Tipo Golondrina Para Alambrar,Máquina de Estirar Alambre - 1,,,,38000,26.76,40
121005,MAQUINA DE PVC PARA SALPICAR,Torniquete Tipo Golondrina Para Alambrar,Mordaza de Máquina Estirar - 1,,,,36600,25.77,40
121006,MAQUINA DE PVC PARA SALPICAR,Torniquete Tipo Golondrina Para Alambrar,Cadena Con Mordaza - 1,,,,37700,26.55,40
123001,ACCESORIOS PARA HERRERIA,Electrodo Lincoln Easyarc ( punta azul),"Electrodo EASYARC E-6013 de 2,00 mm - Kgr - 5","Electrodo EASYARC E-6013 de 2,00 mm",,,11500,8.10,69
123002,ACCESORIOS PARA HERRERIA,Electrodo Lincoln Easyarc ( punta azul),"Electrodo EASYARC E-6013 de 2,60 mm - Kgr - 5","Electrodo EASYARC E-6013 de 2,60 mm",,,10200,7.18,69
123003,ACCESORIOS PARA HERRERIA,Electrodo Lincoln Easyarc ( punta azul),"Electrodo EASYARC E-6013 de 3,20 mm - Kgr - 5","Electrodo EASYARC E-6013 de 3,20 mm",,,9950,7.01,69
123004,ACCESORIOS PARA HERRERIA,Electrodo Lincoln Easyarc ( punta azul),"Electrodo EASYARC E-6013 de 4,00 mm - Kgr - 5","Electrodo EASYARC E-6013 de 4,00 mm",,,10200,7.18,69
123023,ACCESORIOS PARA HERRERIA,SOLDADORES INVERTER,Inverter Arcweld 130 I-S Lincoln,,c/u,,4450,3.13,69
123041,ACCESORIOS PARA HERRERIA,SOLDADORES INVERTER,Inverter Arcweld 160 I-ST Lincoln,,c/u,,5250,3.70,69
123042,ACCESORIOS PARA HERRERIA,SOLDADORES INVERTER,Inverter Arcweld 200 I-S Lincoln,,c/u,,5100,3.59,69
124001,JUEGOS DE MECHAS,Varilla                                                        Varilla,3000 - 3 - 75 mm c/u - 6,75 mm c/u,,,57300,40.35,45
124002,JUEGOS DE MECHAS,Varilla                                                        Varilla,3005 - 4 - 55 mm c/u - 6,55 mm c/u,,,61900,43.59,45
124003,JUEGOS DE MECHAS,Varilla                                                        Varilla,3006 - 4 - 100 mm c/u - 6,100 mm c/u,,,62600,44.08,45
124004,JUEGOS DE MECHAS,Varilla                                                        Varilla,3010 - 4 - 125 mm c/u - 6,125 mm c/u,,,56800,40.00,45
124005,JUEGOS DE MECHAS,Varilla                                                        Varilla,3011 - 4 - 150 mm c/u - 6,150 mm c/u,,,61000,42.96,45
124006,JUEGOS DE MECHAS,Varilla                                                        Varilla,3015 - 4 - 200 mm c/u - 6,200 mm c/u,,,62400,43.94,45
124007,JUEGOS DE MECHAS,Varilla                                                        Varilla,3020 - 5 - 75 mm c/u - 6,75 mm c/u,,,56300,39.65,45
124008,JUEGOS DE MECHAS,Varilla                                                        Varilla,3025 - 5 - 100 mm c/u - 6,100 mm c/u,,,63100,44.44,45
124009,JUEGOS DE MECHAS,Varilla                                                        Varilla,3030 - 5 - 125 mm c/u - 6,125 mm c/u,,,64500,45.42,45
124010,JUEGOS DE MECHAS,Varilla                                                        Varilla,3031 - 5 - 150 mm c/u - 6 - Punta Grande de 12 mm,150 mm c/u,,,56200,39.58,45
124011,JUEGOS DE MECHAS,Varilla                                                        Varilla,3032 - 5 - 175 mm c/u - 6 - Código - Art. - Ø - Largo - U/Vta Caja x,175 mm c/u,,,55400,39.01,45
124012,JUEGOS DE MECHAS,Varilla                                                        Varilla,3035 - 6 - 100 mm c/u - 6,100 mm c/u,,,58200,40.99,45
124013,JUEGOS DE MECHAS,Varilla                                                        Varilla,3036 - 6 - 125 mm c/u - 6,125 mm c/u,,,61700,43.45,45
124014,JUEGOS DE MECHAS,Varilla                                                        Varilla,3040 - 6 - 150 mm c/u - 6,150 mm c/u,,,64400,45.35,45
124015,JUEGOS DE MECHAS,Varilla                                                        Varilla,3045 - 6 - 200 mm c/u - 6,200 mm c/u,,,59000,41.55,45
124016,JUEGOS DE MECHAS,Varilla                                                        Varilla,3048 - 8 - 100 mm c/u - 6,100 mm c/u,,,62100,43.73,45
124017,JUEGOS DE MECHAS,Varilla                                                        Varilla,3050 - 8 - 150 mm c/u - 6,150 mm c/u,,,55900,39.37,45
124018,JUEGOS DE MECHAS,Varilla                                                        Varilla,3055 - 8 - 200 mm c/u - 6,200 mm c/u,,,61800,43.52,45
124019,JUEGOS DE MECHAS,Varilla                                                        Varilla,3060 - 8 - 250 mm c/u - 6,250 mm c/u,,,61200,43.10,45
124020,JUEGOS DE MECHAS,Varilla                                                        Varilla,3063 - 9 - 100 mm c/u - 6,100 mm c/u,,,56200,39.58,45
124021,JUEGOS DE MECHAS,Varilla                                                        Varilla,3064 - 9 - 150 mm c/u - 6,150 mm c/u,,,62600,44.08,45
124022,JUEGOS DE MECHAS,Varilla                                                        Varilla,3065 - 9 - 200 mm c/u - 6,200 mm c/u,,,63400,44.65,45
124023,JUEGOS DE MECHAS,Varilla                                                        Varilla,3070 - 9 - 250 mm c/u - 6,250 mm c/u,,,61000,42.96,45
124024,JUEGOS DE MECHAS,Varilla                                                        Varilla,3075 - 9 - 300 mm c/u - 6,300 mm c/u,,,56400,39.72,45
124025,JUEGOS DE MECHAS,Varilla                                                        Varilla,3080 - 9 - 200 mm c/u - 6,200 mm c/u,,,64600,45.49,45
124026,JUEGOS DE MECHAS,Varilla                                                        Varilla,3085 - 9 - 250 mm c/u - 6,250 mm c/u,,,62700,44.15,45
124027,JUEGOS DE MECHAS,Varilla                                                        Varilla,3090 - 9 - 300 mm c/u - 6,300 mm c/u,,,58500,41.20,45
124028,JUEGOS DE DESTORNILLADORES,EXHIBIDORES CON DESTORNILLADORES,E23 8 Blist Art 2032 y 4 Art 2031 - Exhibidor,,,,29400,20.70,46
124029,JUEGOS DE DESTORNILLADORES,EXHIBIDORES CON DESTORNILLADORES,E30 30 Piezas Serie 3000 - Exhibidor,,,,28800,20.28,46
124030,JUEGOS DE MECHAS,Varilla                                                        Varilla,3104 - 4 - 200 mm c/u - 6,200 mm c/u,,,60100,42.32,45
124050,JUEGOS DE MECHAS,Varilla                                                        Varilla,3001 - 3 - 75 mm c/u - 6,75 mm c/u,,,58500,41.20,45
124051,JUEGOS DE MECHAS,Varilla                                                        Varilla,3100 - 4 - 50 mm c/u - 6,50 mm c/u,,,63400,44.65,45
124052,JUEGOS DE MECHAS,Varilla                                                        Varilla,3101 - 4 - 75 mm c/u - 6,75 mm c/u,,,63100,44.44,45
124053,JUEGOS DE MECHAS,Varilla                                                        Varilla,3105 - 5 - 50 mm c/u - 6,50 mm c/u,,,56200,39.58,45
124054,JUEGOS DE MECHAS,Varilla                                                        Varilla,3110 - 5 - 75 mm c/u - 6,75 mm c/u,,,64400,45.35,45
124055,JUEGOS DE MECHAS,Varilla                                                        Varilla,3112 - 5 - 125 mm c/u - 6,125 mm c/u,,,61300,43.17,45
124056,JUEGOS DE MECHAS,Varilla                                                        Varilla,3115 - 6 - 50 mm c/u - 6,50 mm c/u,,,63200,44.51,45
124057,JUEGOS DE MECHAS,Varilla                                                        Varilla,3120 - 6 - 100 mm c/u - 6,100 mm c/u,,,62000,43.66,45
124058,JUEGOS DE MECHAS,Varilla                                                        Varilla,3122 - 6 - 125 mm c/u - 6,125 mm c/u,,,59400,41.83,45
124059,JUEGOS DE MECHAS,Varilla                                                        Varilla,3125 - 8 - 75 mm c/u - 6,75 mm c/u,,,62200,43.80,45
124060,JUEGOS DE MECHAS,Varilla                                                        Varilla,3130 - 8 - 125 mm c/u - 6,125 mm c/u,,,64500,45.42,45
124061,JUEGOS DE MECHAS,Varilla                                                        Varilla,3131 - 8 - 150 mm c/u - 6,150 mm c/u,,,57800,40.70,45
124062,JUEGOS DE MECHAS,Varilla                                                        Varilla,3135 - 9 - 75 mm c/u - 6,75 mm c/u,,,63000,44.37,45
124063,JUEGOS DE MECHAS,Varilla                                                        Varilla,3140 - 9 - 125 mm c/u - 6,125 mm c/u,,,60400,42.54,45
124064,JUEGOS DE MECHAS,Varilla                                                          Varilla,3205 - 4 - 75 mm c/u - 6,75 mm c/u,,,59800,42.11,45
124065,JUEGOS DE MECHAS,Varilla                                                          Varilla,3210 - 4 - 125 mm c/u - 6,125 mm c/u,,,59400,41.83,45
124066,JUEGOS DE MECHAS,Varilla                                                          Varilla,3215 - 4 - 200 mm c/u - 6,200 mm c/u,,,62200,43.80,45
124067,JUEGOS DE MECHAS,Varilla                                                          Varilla,3220 - 4 - 100 mm c/u - 6,100 mm c/u,,,57800,40.70,45
124068,JUEGOS DE MECHAS,Varilla                                                          Varilla,3225 - 4 - 150 mm c/u - 6,150 mm c/u,,,63400,44.65,45
124069,JUEGOS DE MECHAS,Varilla                                                          Varilla,3230 - 4 - 200 mm c/u - 6,200 mm c/u,,,63200,44.51,45
124070,JUEGOS DE MECHAS,Varilla                                                          Varilla,3231 - 5 - 100 mm c/u - 6,100 mm c/u,,,56000,39.44,45
124071,JUEGOS DE MECHAS,Varilla                                                          Varilla,3232 - 5 - 150 mm c/u - 6,150 mm c/u,,,63700,44.86,45
124072,JUEGOS DE MECHAS,Varilla                                                          Varilla,3233 - 5 - 200 mm c/u - 6,200 mm c/u,,,57500,40.49,45
124073,JUEGOS DE MECHAS,Varilla                                                          Varilla,3235 - 6 - 100 mm c/u - 6,100 mm c/u,,,59700,42.04,45
124074,JUEGOS DE MECHAS,Varilla                                                          Varilla,3240 - 6 - 150 mm c/u - 6,150 mm c/u,,,61100,43.03,45
124075,JUEGOS DE MECHAS,Varilla                                                          Varilla,3245 - 6 - 200 mm c/u - 6,200 mm c/u,,,58800,41.41,45
124099,JUEGOS DE DESTORNILLADORES,Varilla                                                           Varilla,7001 - 3 - 100 mm c/u - 6,100 mm c/u,,,41600,29.30,46
124100,JUEGOS DE DESTORNILLADORES,Varilla                                                           Varilla,7002 - 3 - 150 mm c/u - 6,150 mm c/u,,,47500,33.45,46
124101,JUEGOS DE DESTORNILLADORES,Varilla                                                           Varilla,7003 - 3 - 200 mm c/u - 6,200 mm c/u,,,42700,30.07,46
124102,JUEGOS DE DESTORNILLADORES,Varilla                                                           Varilla,7006 - 4 - 100 mm c/u - 6,100 mm c/u,,,42900,30.21,46
124103,JUEGOS DE DESTORNILLADORES,Varilla                                                           Varilla,7011 - 4 - 150 mm c/u - 6,150 mm c/u,,,47100,33.17,46
124104,JUEGOS DE DESTORNILLADORES,Varilla                                                           Varilla,7015 - 4 - 200 mm c/u - 6,200 mm c/u,,,43900,30.92,46
124105,JUEGOS DE DESTORNILLADORES,Varilla                                                           Varilla,7017 - 4 - 300 mm c/u - 6,300 mm c/u,,,47700,33.59,46
124106,JUEGOS DE DESTORNILLADORES,Varilla                                                           Varilla,7100 - 3 - 75 mm c/u - 6,75 mm c/u,,,46400,32.68,46
124107,JUEGOS DE DESTORNILLADORES,Varilla                                                           Varilla,7101 - 4 - 75 mm c/u - 6,75 mm c/u,,,43400,30.56,46
124108,JUEGOS DE DESTORNILLADORES,Varilla                                                           Varilla,7102 - 3 - 150 mm c/u - 6,150 mm c/u,,,41500,29.23,46
124109,JUEGOS DE DESTORNILLADORES,Varilla                                                           Varilla,7103 - 4 - 150 mm c/u - 6,150 mm c/u,,,48200,33.94,46
124110,JUEGOS DE MECHAS,Varilla                                                        Varilla,3016 - 5 - 32 mm c/u - 6,32 mm c/u,,,56000,39.44,45
124111,JUEGOS DE MECHAS,Varilla                                                        Varilla,3033 - 6 - 38 mm c/u - 6,38 mm c/u,,,62100,43.73,45
124112,JUEGOS DE MECHAS,Varilla                                                        Varilla,3102 - 5 - 32 mm c/u - 6,32 mm c/u,,,59900,42.18,45
124113,JUEGOS DE MECHAS,Varilla                                                        Varilla,3113 - 6 - 38 mm c/u - 6,38 mm c/u,,,62500,44.01,45
124114,JUEGOS DE DESTORNILLADORES,,2501 Display Buscapolos x 10 - Blíster 12,,,,31700,22.32,46
124118,"LLAVES HEXAGONAL ""T"" - TIPO ALLEN",Cabeza,2227 - 27 mm c/u - 6,27 mm c/u,,,28700,20.21,48
124119,"LLAVES HEXAGONAL ""T"" - TIPO ALLEN",Cabeza,2235 - 35 mm c/u - 6,35 mm c/u,,,28000,19.72,48
124120,"LLAVES HEXAGONAL ""T"" - TIPO ALLEN",Cabeza,2240 - 40 mm c/u - 6,40 mm c/u,,,29300,20.63,48
124121,"LLAVES HEXAGONAL ""T"" - TIPO ALLEN",Cabeza,2228 - 27 mm c/u - 6,27 mm c/u,,,26200,18.45,48
124122,"LLAVES HEXAGONAL ""T"" - TIPO ALLEN",Cabeza,2236 - 35 mm c/u - 6,35 mm c/u,,,26800,18.87,48
124123,"LLAVES HEXAGONAL ""T"" - TIPO ALLEN",Cabeza,2241 - 40 mm c/u - 6,40 mm c/u,,,28900,20.35,48
124124,"LLAVES HEXAGONAL ""T"" - TIPO ALLEN",,"3/32""","3/32""",c/u,3,27100,19.08,48
124125,"LLAVES HEXAGONAL ""T"" - TIPO ALLEN",,"7/64""","7/64""",c/u,3,28400,20.00,48
124126,"LLAVES HEXAGONAL ""T"" - TIPO ALLEN",,"1/8""","1/8""",c/u,3,27900,19.65,48
124127,"LLAVES HEXAGONAL ""T"" - TIPO ALLEN",,"9/64""","9/64""",c/u,3,28100,19.79,48
124128,"LLAVES HEXAGONAL ""T"" - TIPO ALLEN",,"5/32""","5/32""",c/u,3,27700,19.51,48
124129,"LLAVES HEXAGONAL ""T"" - TIPO ALLEN",,"3/16""","3/16""",c/u,3,29100,20.49,48
124130,"LLAVES HEXAGONAL ""T"" - TIPO ALLEN",,"7/32""","7/32""",c/u,3,27200,19.15,48
124131,"LLAVES HEXAGONAL ""T"" - TIPO ALLEN",,"1/4""","1/4""",c/u,3,28900,20.35,48
124132,"LLAVES HEXAGONAL ""T"" - TIPO ALLEN",,"5/16""","5/16""",c/u,3,27000,19.01,48
124133,"LLAVES HEXAGONAL ""T"" - TIPO ALLEN",,"3/8""","3/8""",c/u,3,26900,18.94,48
124134,"LLAVES HEXAGONAL ""T"" - TIPO ALLEN",,"2,50 mm c/u - 3","2,50 mm c/u",,,26300,18.52,48
124135,"LLAVES HEXAGONAL ""T"" - TIPO ALLEN",,"3,00 mm c/u - 3","3,00 mm c/u",,,4750,3.35,48
124136,"LLAVES HEXAGONAL ""T"" - TIPO ALLEN",,"4,00 mm c/u - 3","4,00 mm c/u",,,4700,3.31,48
124137,"LLAVES HEXAGONAL ""T"" - TIPO ALLEN",,"5,00 mm c/u - 3","5,00 mm c/u",,,5050,3.56,48
124138,"LLAVES HEXAGONAL ""T"" - TIPO ALLEN",,"6,00 mm c/u - 3","6,00 mm c/u",,,5200,3.66,48
124139,"LLAVES HEXAGONAL ""T"" - TIPO ALLEN",,"8,00 mm c/u - 3","8,00 mm c/u",,,4750,3.35,48
124140,"LLAVES HEXAGONAL ""T"" - TIPO ALLEN","Juego de Llave Allen ""T""",E7 - 10 Llaves SAE - Juego,,,,11000,7.75,48
124141,"LLAVES HEXAGONAL ""T"" - TIPO ALLEN","Juego de Llave Allen ""T""",E8 - 6 Milimétricas - Juego,6 Milimétricas,,,11900,8.38,48
124142,"LLAVES HEXAGONAL ""L"" - TIPO ALLEN",,"1/8""","1/8""",c/u,10,25900,18.24,47
124143,"LLAVES HEXAGONAL ""L"" - TIPO ALLEN",,"5/32""","5/32""",c/u,10,26900,18.94,47
124144,"LLAVES HEXAGONAL ""L"" - TIPO ALLEN",,"3/16""","3/16""",c/u,10,25100,17.68,47
124145,"LLAVES HEXAGONAL ""L"" - TIPO ALLEN",,"7/32""","7/32""",c/u,10,24100,16.97,47
124146,"LLAVES HEXAGONAL ""L"" - TIPO ALLEN",,"1/4""","1/4""",c/u,10,23400,16.48,47
124147,"LLAVES HEXAGONAL ""L"" - TIPO ALLEN",,"5/16""","5/16""",c/u,5,23800,16.76,47
124148,"LLAVES HEXAGONAL ""L"" - TIPO ALLEN",,"3/8""","3/8""",c/u,5,23900,16.83,47
124149,"LLAVES HEXAGONAL ""L"" - TIPO ALLEN",,"1/2""","1/2""",c/u,5,23700,16.69,47
124150,"LLAVES HEXAGONAL ""L"" - TIPO ALLEN",,"2,00 mm c/u - 10","2,00 mm c/u",,,3700,2.61,47
124151,"LLAVES HEXAGONAL ""L"" - TIPO ALLEN",,"2,50 mm c/u - 10","2,50 mm c/u",,,25100,17.68,47
124152,"LLAVES HEXAGONAL ""L"" - TIPO ALLEN",,"3,00 mm c/u - 10","3,00 mm c/u",,,3850,2.71,47
124153,"LLAVES HEXAGONAL ""L"" - TIPO ALLEN",,"3,50 mm c/u - 10","3,50 mm c/u",,,26900,18.94,47
124154,"LLAVES HEXAGONAL ""L"" - TIPO ALLEN",,"4,00 mm c/u - 10","4,00 mm c/u",,,4050,2.85,47
124155,"LLAVES HEXAGONAL ""L"" - TIPO ALLEN",,"5,00 mm c/u - 10","5,00 mm c/u",,,4150,2.92,47
124156,"LLAVES HEXAGONAL ""L"" - TIPO ALLEN",,"6,00 mm c/u - 10","6,00 mm c/u",,,3750,2.64,47
124157,"LLAVES HEXAGONAL ""L"" - TIPO ALLEN",,"8,00 mm c/u - 5","8,00 mm c/u",,,4250,2.99,47
124159,"LLAVES HEXAGONAL ""L"" - TIPO ALLEN",,2101 11 Llaves SAE - Juego 10,,,,9950,7.01,47
124160,"LLAVES HEXAGONAL ""L"" - TIPO ALLEN",,2102 11 Milimétricas - Juego 10,2102 11 Milimétricas,,,11100,7.82,47
124161,"LLAVES HEXAGONAL ""L"" - TIPO ALLEN",,2103 7 Llaves SAE - Juego 10,,,,10200,7.18,47
124162,"LLAVES HEXAGONAL ""L"" - TIPO ALLEN",,2104 7 Milimétricas - Juego 10,2104 7 Milimétricas,,,9900,6.97,47
124163,"LLAVES HEXAGONAL ""L"" - TIPO ALLEN","JUEGOS DE LLAVE HEXAGONAL ""L"" - TIPO ALLEN - CABEZA ESFERICA",2113 9 Llaves SAE - Juego 10,,,,9800,6.90,47
124164,"LLAVES HEXAGONAL ""L"" - TIPO ALLEN","JUEGOS DE LLAVE HEXAGONAL ""L"" - TIPO ALLEN - CABEZA ESFERICA",2114 9 Milimétricas - Juego 10,2114 9 Milimétricas,,,9050,6.37,47
124166,"LLAVES HEXAGONAL ""L"" - TIPO ALLEN",,"9/64""","9/64""",c/u,10,23200,16.34,47
124168,JUEGOS DE DESTORNILLADORES,EXHIBIDORES CON DESTORNILLADORES,E14 113 Piezas Serie 3000 - Exhibidor,,,,34000,23.94,46
124169,JUEGOS DE DESTORNILLADORES,EXHIBIDORES CON DESTORNILLADORES,E21 50 Piezas Serie 3000 - Exhibidor,,,,29800,20.99,46
124191,JUEGOS DE DESTORNILLADORES,,2502 Display Perilleros x 10 - Blíster 12,,,,32900,23.17,46
124192,JUEGOS DE DESTORNILLADORES,,2021 4 Piezas Mango Negro - Blíster 12,,,,29100,20.49,46
124193,JUEGOS DE DESTORNILLADORES,,2022 6 Piezas Mango Negro - Blíster 12,,,,26200,18.45,46
124194,JUEGOS DE DESTORNILLADORES,,2031 3 Piezas Celestal Eko - Blíster 12,,,,31200,21.97,46
124195,JUEGOS DE DESTORNILLADORES,,2032 6 Piezas Celestal Eko - Blíster 12,,,,26000,18.31,46
125002,ASPIRADORAS,Fratacho de PVC Con Poliéster,Fratacho PVC Con Poliéster - 20 Cm,Fratacho PVC Con Poliéster - 20 Cm,c/u,20,161000,113.38,84
125007,ASPIRADORAS,Fratacho de PVC Con Poliéster,Fratacho PVC Con Poliéster - 25 Cm,Fratacho PVC Con Poliéster - 25 Cm,c/u,20,183500,129.23,84
125008,ASPIRADORAS,Fratacho de PVC Con Poliéster,Fratacho PVC Con Poliéster - 30 Cm,Fratacho PVC Con Poliéster - 30 Cm,c/u,20,169500,119.37,84
126010,ESTAÑOS PARA SOLDAR,Terraja Para Caños de PVC,"Terraja Para Caños de PVC - ""ABRASOL""",,c/u,20,23000,16.20,36
126011,ESTAÑOS PARA SOLDAR,Pistola Aplicadora de Silicona,"Aplicador Reforzado Para Silicona - ""ABRASOL""",,c/u,20,17700,12.46,36
126027,ESTAÑOS PARA SOLDAR,Anafe Para Gas Envasado,Anafe Gas Envasado - 1 Hornalla,,c/u,10,21600,15.21,36
126028,ESTAÑOS PARA SOLDAR,Anafe Para Gas Envasado,Anafe Gas Envasado - 2 Hornallas,,c/u,10,20600,14.51,36
126029,ESTAÑOS PARA SOLDAR,Calentador Y Pantalla Para Gas Envasado,Calentador Gas Envasado - Garrafa de 3 Kilos,,c/u,10,21700,15.28,36
126036,ESTAÑOS PARA SOLDAR,Calentador Y Pantalla Para Gas Envasado,Calentador Gas Envasado - Garrafa de 10 Kilos,,c/u,10,18400,12.96,36
126037,ESTAÑOS PARA SOLDAR,Calentador Y Pantalla Para Gas Envasado,Pantalla Directa 1500 Cal - Para Garrafa de 10 Kilos,,c/u,10,20100,14.15,36
126042,CAÑOS ESPECIALES,RIEGO y SANITARIOS,"Canilla Met Esférica ½""",,c/u,100,17700,12.46,34
126043,CAÑOS ESPECIALES,RIEGO y SANITARIOS,"Canilla Met Esférica ¾""",,c/u,100,17700,12.46,34
126044,CAÑOS ESPECIALES,RIEGO y SANITARIOS,"Válvula Met Esférica ½""",,c/u,100,19900,14.01,34
126045,CAÑOS ESPECIALES,RIEGO y SANITARIOS,"Válvula Met Esférica ¾""",,c/u,100,20600,14.51,34
126073,ASPIRADORAS,Lápiz Carpintero,"Lápiz Carpintero ""Kommers"" - 24 Cm - Doc. - 6","Lápiz Carpintero ""Kommers"" - 24 Cm",,,169500,119.37,84
126100,ESTAÑOS PARA SOLDAR,Aprobado,Regulador de Gas - Cabezal,,c/u,10,20700,14.58,36
126101,ESTAÑOS PARA SOLDAR,Aprobado,"Regulador de Gas Con Manguera de 0,80 Mts","Regulador de Gas Con Manguera de 0,80 Mts",c/u,10,29500,20.77,36
126102,ESTAÑOS PARA SOLDAR,Aprobado,"Regulador de Gas Con Manguera de 1,50 Mts","Regulador de Gas Con Manguera de 1,50 Mts",c/u,10,30100,21.20,36
127001,CAÑOS ESPECIALES,RIEGO y SANITARIOS,"Cuerito Canilla de ½"" - % - 12",,,,20400,14.37,34
127002,CAÑOS ESPECIALES,RIEGO y SANITARIOS,Rociador Sapito Simón,,c/u,100,16400,11.55,34
127003,MANIJAS TIPO MINISTERIO PARA PUERTA,"PASADORES, CADENAS DE SEGURIDAD y RETENES",35 mm - Doc. - 10,35 mm,,,45300,31.90,22
127004,MANIJAS TIPO MINISTERIO PARA PUERTA,"PASADORES, CADENAS DE SEGURIDAD y RETENES",40 mm - Doc. - 10,40 mm,,,48700,34.30,22
127005,MANIJAS TIPO MINISTERIO PARA PUERTA,"PASADORES, CADENAS DE SEGURIDAD y RETENES",47 mm - Doc. - 10,47 mm,,,44900,31.62,22
127006,MANIJAS TIPO MINISTERIO PARA PUERTA,"PASADORES, CADENAS DE SEGURIDAD y RETENES",57 mm - Doc. - 10,57 mm,,,45000,31.69,22
127007,MANIJAS TIPO MINISTERIO PARA PUERTA,"PASADORES, CADENAS DE SEGURIDAD y RETENES",50 mm - Doc. - 10,50 mm,,,44300,31.20,22
127008,MANIJAS TIPO MINISTERIO PARA PUERTA,"PASADORES, CADENAS DE SEGURIDAD y RETENES",65 mm - Doc. - 10,65 mm,,,43700,30.77,22
127009,MANIJAS TIPO MINISTERIO PARA PUERTA,"PASADORES, CADENAS DE SEGURIDAD y RETENES",75 mm - Doc. - 10,75 mm,,,47100,33.17,22
127010,MANIJAS TIPO MINISTERIO PARA PUERTA,"PASADORES, CADENAS DE SEGURIDAD y RETENES",100 mm - Doc. - 10,100 mm,,,48200,33.94,22
127017,MANIJAS TIPO MINISTERIO PARA PUERTA,"PASADORES, CADENAS DE SEGURIDAD y RETENES",19x55mm - Doc. - 12,19x55mm,,,45900,32.32,22
127018,MANIJAS TIPO MINISTERIO PARA PUERTA,"PASADORES, CADENAS DE SEGURIDAD y RETENES",28x80mm - Doc. - 12,28x80mm,,,45500,32.04,22
127019,MANIJAS TIPO MINISTERIO PARA PUERTA,"PASADORES, CADENAS DE SEGURIDAD y RETENES",38x80mm - Doc. - 12,38x80mm,,,49100,34.58,22
127020,MANIJAS TIPO MINISTERIO PARA PUERTA,"PASADORES, CADENAS DE SEGURIDAD y RETENES",38x100mm - Doc. - 12,38x100mm,,,49000,34.51,22
127021,MANIJAS TIPO MINISTERIO PARA PUERTA,"PASADORES, CADENAS DE SEGURIDAD y RETENES",38x120mm - Doc. - 12,38x120mm,,,47200,33.24,22
127023,CAÑOS ESPECIALES,RIEGO y SANITARIOS,"Unión Plástica ½ a ¾""",,c/u,100,19000,13.38,34
127024,CAÑOS ESPECIALES,RIEGO y SANITARIOS,"Unión Plástica ½ a ½""",,c/u,100,20300,14.30,34
127025,CAÑOS ESPECIALES,RIEGO y SANITARIOS,"Unión Plástica ¾ a ¾""",,c/u,100,19600,13.80,34
127026,CAÑOS ESPECIALES,RIEGO y SANITARIOS,"Toma Canilla ½""",,c/u,100,18700,13.17,34
127027,CAÑOS ESPECIALES,RIEGO y SANITARIOS,Ventosa Goma Mediana,,c/u,50,18900,13.31,34
127030,CAÑOS ESPECIALES,RIEGO y SANITARIOS,Ventosa Goma Gigante,,c/u,50,20300,14.30,34
127032,CAÑOS ESPECIALES,RIEGO y SANITARIOS,"Válvula Con Cuerito ½"" - % - 12",,,,17600,12.39,34
127033,CAÑOS ESPECIALES,RIEGO y SANITARIOS,"Válvula Con Cuerito ¾"" - % - 12",,,,18200,12.82,34
127034,CAÑOS ESPECIALES,RIEGO y SANITARIOS,"Cuerito Canilla de ¾"" - % - 12",,,,18800,13.24,34
127035,ACCESORIOS PARA EL BAÑO,Duchador,Duchador Chico,,c/u,100,9000,6.34,35
127036,ACCESORIOS PARA EL BAÑO,Duchador,Duchador Grande,,c/u,12,8800,6.20,35
127037,ACCESORIOS PARA EL BAÑO,ACCESORIOS PARA LA COCINA,Lluvia Lava Verdura,,Paq,10,6950,4.89,35
127038,ACCESORIOS PARA EL BAÑO,Porta Papel Higiénico,Palito Porta Rollo,,c/u,12,7200,5.07,35
127039,ACCESORIOS PARA EL BAÑO,Tapón Cebador Grande - Para Termo,Tapón Cebador Grande,,c/u,12,7550,5.32,35
127040,ACCESORIOS PARA EL BAÑO,Duchador,Tapón Rejilla PVC,,c/u,12,8600,6.06,35
127041,ACCESORIOS PARA EL BAÑO,Duchador,Tapón Universal PVC,,c/u,12,8150,5.74,35
127042,ACCESORIOS PARA EL BAÑO,ACCESORIOS PARA LA COCINA,Traba Puerta- PVC,,Paq,10,7500,5.28,35
127043,CAÑOS ESPECIALES,RIEGO y SANITARIOS,"Toma Canilla ¾""",,c/u,100,16000,11.27,34
127044,ACCESORIOS PARA EL BAÑO,Duchador,Tapón Rejilla Cristal,,c/u,12,8450,5.95,35
127045,ACCESORIOS PARA EL BAÑO,Duchador,Tapón Universal Cristal,,c/u,12,8500,5.99,35
127046,ACCESORIOS PARA EL BAÑO,Porta Papel Higiénico,Tapón Univ. Automático,,c/u,12,9050,6.37,35
127047,ACCESORIOS PARA EL BAÑO,Topetina Blanca,Topetina Blanca Oval Chica ( Blíster x 3 Unid.) - Blíster 10,,,,8000,5.63,35
127048,ACCESORIOS PARA EL BAÑO,Topetina Blanca,Topetina Blanca Oval Grande ( Blíster x 2 Unid.) - Blíster 10,,,,8000,5.63,35
127049,ACCESORIOS PARA EL BAÑO,Topetina Blanca,Topetina Cristal Oval Grande ( Blíster x 3 Unid.) - Blíster - 10,,,,7000,4.93,35
127050,ACCESORIOS PARA EL BAÑO,Topetina Blanca,Topetina Blanca Redonda Chica ( Blíster x 4 Unid.) - Blíster - 10,,,,6900,4.86,35
127051,ACCESORIOS PARA EL BAÑO,Topetina Blanca,Topetina Blanca Redonda Grande ( Blíster x 3 Uni.) - Blíster - 10,,,,7850,5.53,35
127052,ACCESORIOS PARA EL BAÑO,Topetina Blanca,Topetina Cristal Redonda Grande ( Blíster x 3 Uni.) - Blíster - 10,,,,7550,5.32,35
128001,CANDADOS,,32 mm,32 mm,c/u,12,6600,4.65,17
128002,CANDADOS,,38 mm,38 mm,c/u,12,9150,6.44,17
128003,CANDADOS,,50 mm,50 mm,c/u,12,16700,11.76,17
128004,CANDADOS,,63 mm,63 mm,c/u,12,23000,16.20,17
128006,CANDADOS,,25 mm,25 mm,c/u,12,3550,2.50,17
128007,CANDADOS,,30 mm,30 mm,c/u,12,6350,4.47,17
128008,CANDADOS,,40 mm,40 mm,c/u,12,11600,8.17,17
128009,CANDADOS,,50 mm,50 mm,c/u,12,16000,11.27,17
128010,CANDADOS,,65 mm,65 mm,c/u,12,21900,15.42,17
128011,CANDADOS,"Nacional de Bronce, Combinación Numérica",40 mm,40 mm,c/u,12,9950,7.01,17
128016,CANDADOS,,20 mm,20 mm,c/u,12,3650,2.57,17
128017,CANDADOS,,25 mm,25 mm,c/u,12,3500,2.46,17
128018,CANDADOS,,32 mm,32 mm,c/u,12,7050,4.96,17
128020,CANDADOS,,30 mm - 52 mm,30 mm,c/u,12,6300,4.44,17
128021,CANDADOS,,40 mm - 62 mm,40 mm,c/u,12,10200,7.18,17
128023,CANDADOS,,40 mm - 125 mm,40 mm,c/u,12,10900,7.68,17
128024,CANDADOS,,38 mm,38 mm,c/u,12,9950,7.01,17
128029,CANDADOS,,50 mm,50 mm,c/u,12,15500,10.92,17
128030,CANDADOS,,63 mm,63 mm,c/u,12,20400,14.37,17
131001,ASPIRADORAS,Sierra Caladora,Sierra Caladora - 4328 - 450w,,c/u,,224500,158.10,79
131002,ASPIRADORAS,Sensitiva,"Sensitiva 14"" - 2414NB - 2000w","Sensitiva 14""",c/u,1,224000,157.75,78
131003,ASPIRADORAS,Sierra Circular,Sierra Circular 185 mm - 5007NK - 1800w,Sierra Circular 185 mm,c/u,,236500,166.55,79
131004,ASPIRADORAS,Atornillador Inalámbrico Con Maletín y Puntas,"Atornillador en Jgo - 6723DW - 4,8 v - 220",,c/u,,199500,140.49,78
131005,ASPIRADORAS,Atornillador,Atornillador con Led - FS4200 - 570w - 4000 c/u,,,,223500,157.39,78
131006,ASPIRADORAS,Amoladora 115 Milímetros,"Amoladora 4½"" - GA4530 - 720w",,c/u,4,237000,166.90,75
131008,ASPIRADORAS,Amoladora 230 Milímetros,"Amoladora 9"" - GA9020 - 2200w","Amoladora 9""",c/u,2,222000,156.34,75
131009,ASPIRADORAS,Taladro Percutor,Taladro Percutor 13 mm - HP1630 - 710w,Taladro Percutor 13 mm,c/u,,246500,173.59,76
131011,ASPIRADORAS,Sierra Circular,Sierra Circular 235 mm - N5900B - 2000w,Sierra Circular 235 mm,c/u,,241500,170.07,79
131013,ASPIRADORAS,Lijadora,Lijadora SSP de Acabado - MBO452 - 180w,,c/u,,232000,163.38,79
131014,ASPIRADORAS,Taladro Rotación,Taladro Rotación 10 mm - 6413 - 450w,Taladro Rotación 10 mm,c/u,,228500,160.92,76
131017,ASPIRADORAS,Taladro Percutor - SSP,Taladro Percutor 13 mm - MHP132 - 430w,Taladro Percutor 13 mm,c/u,,223000,157.04,76
131019,ASPIRADORAS,Rotomartillo - Encastre SDS Plus,Rotomartillo 24 mm SDS P - HR2470T - 780w,Rotomartillo 24 mm SDS P,c/u,,223500,157.39,76
131021,ASPIRADORAS,Martillo Demoledor,Martillo Demoledor - HM810T - 900w - Hex 17 mm,Hex 17 mm,c/u,,247500,174.30,77
131022,ASPIRADORAS,Martillo Demoledor,Martillo Demoledor - HM870C - 1100w - SDS Max,,c/u,,226500,159.51,77
131023,ASPIRADORAS,Rotomartillo - Encastre SDS Plus,Rotomartillo 24 mm SDS P - HR2470 - 780w,Rotomartillo 24 mm SDS P,c/u,,230500,162.32,76
131024,ASPIRADORAS,Rotomartillo - Encastre SDS Plus,Rotomartillo 28 mm SDS P - HR2810 - 800w,Rotomartillo 28 mm SDS P,c/u,,248000,174.65,76
131025,ASPIRADORAS,Amoladora 115 Milímetros - SSP,"Amoladora 4½"" - MGA452 - 570w",,c/u,8,236000,166.20,75
131027,ASPIRADORAS,Sensitiva,"Sensitiva SSP 14"" - MLC142 - 2000w","Sensitiva SSP 14""",c/u,1,231500,163.03,78
131028,ASPIRADORAS,Amoladora 115 Milímetros,"Amoladora 4½"" - 9557HP - 840w",,c/u,4,227000,159.86,75
131031,ASPIRADORAS,Amoladora 180 Milímetros - SSP,"Amoladora 7"" - MGA701 - 2000w","Amoladora 7""",c/u,2,218500,153.87,75
131040,ASPIRADORAS,Amoladora 180 Milímetros,"Amoladora 7"" - GA7020 - 2200w","Amoladora 7""",c/u,2,225000,158.45,75
131048,ASPIRADORAS,Lijadora Pulidora,Lijadora / Pulidora 180 mm - 9227CB - 1200w,Lijadora / Pulidora 180 mm,c/u,,239500,168.66,75
131050,ASPIRADORAS,Lijadora,"Lijadora Orbital, 92x185 mm - BO3710 - 190w","Lijadora Orbital, 92x185 mm",c/u,,234500,165.14,79
131054,ASPIRADORAS,Atornillador,Atornillador - FS4000 - 570w - 4000 c/u,,,,239500,168.66,78
131057,ASPIRADORAS,Rotomartillo - Encastre SDS Max,Rotomartillo 40 mm SDS M - HR4002 - 1050w,Rotomartillo 40 mm SDS M,c/u,,219000,154.23,76
131058,ASPIRADORAS,Martillo Demoledor,Martillo Demoledor - HM1203C - 1510w - SDS Max,,c/u,,232000,163.38,77
131059,ASPIRADORAS,Martillo Demoledor,Martillo Demoledor - HM1307 - 1510w - Hex 30 mm,Hex 30 mm,c/u,,245500,172.89,77
131060,ASPIRADORAS,"Ingletadora 10"" - 260 mm",Sierra Ingletadora - MLS100 - 1500w,,c/u,1,227500,160.21,78
131062,ASPIRADORAS,Atornillador Con Torque,Atornillador Torque - FS2701 - 570w - 2500 c/u,,,,237500,167.25,78
131063,ASPIRADORAS,Taladro Percutor - SSP,Taladro Percutor 13 mm - MHP161 - 710w,Taladro Percutor 13 mm,c/u,,216000,152.11,76
131064,ASPIRADORAS,Martillo Demoledor,Martillo Demoledor - HM1810 - 2000w - Hex 28 mm,Hex 28 mm,c/u,,247500,174.30,77
131071,ASPIRADORAS,Pistola de Calor,Pistola de Calor - HG6020 - 2000w,,c/u,,234000,164.79,80
131076,ASPIRADORAS,Martillo Demoledor,Martillo Demoledor - HM1801 - 2000w - Hex 28 mm,Hex 28 mm,c/u,,220500,155.28,77
131087,ASPIRADORAS,Soplador Eléctrico,Soplador Eléctrico - UB1101 - 600w,,c/u,,217500,153.17,80
131095,ASPIRADORAS,Taladro Atornillador Inalámbrico,"Taladro Atornillador - 13mm 6381DWPE - 14,4V c/u",13mm 6381DWPE,,,232000,163.38,77
131111,ASPIRADORAS,Cepillo Para Madera SSP,Cepillo Madera - 82 mm - MKP082 - 580w,Cepillo Madera - 82 mm,c/u,,232000,163.38,79
131116,ASPIRADORAS,Amoladora De Banco,Amoladora Banco -150 mm - GB602 - 250w,Amoladora Banco -150 mm,c/u,,215000,151.41,75
131118,ASPIRADORAS,Amoladora 115 Milímetros - SSP,"Amoladora 4½"" - MGA90B - 570w",,c/u,8,248000,174.65,75
131119,ASPIRADORAS,Amoladora 180 Milímetros,"Amoladora 7"" - GA7050 - 2000w","Amoladora 7""",c/u,2,245000,172.54,75
131120,ASPIRADORAS,Medidor Laser de Distancia,Medidor Laser de Distancia - LD050P - 50 Metros,50 Metros,c/u,,228500,160.92,80
131122,ASPIRADORAS,Medidor Laser de Distancia,Medidor Laser de Distancia - LD030P - 30 Metros,30 Metros,c/u,,216000,152.11,80
131132,ASPIRADORAS,Taladro Percutor,Taladro Percutor 13 mm - HP1640 - 680w,Taladro Percutor 13 mm,c/u,,242000,170.42,76
131138,ASPIRADORAS,Amoladora 180 Milímetros,"Amoladora 7"" - GA7030 - 2400w","Amoladora 7""",c/u,2,230000,161.97,75
131139,ASPIRADORAS,Amoladora 230 Milímetros,"Amoladora 9"" - GA9030 - 2400w","Amoladora 9""",c/u,2,238000,167.61,75
131141,ASPIRADORAS,Amoladora 115 Milímetros,"Amoladora 4½"" - GA4534 - 720w",,c/u,4,230500,162.32,75
131145,ASPIRADORAS,Sierra de Banco,Sierra de Banco - MLT100 - 1500w,,c/u,,221500,155.99,79
131150,ASPIRADORAS,Taladro Atornillador Inalámbrico SSP,Taladro Atornillador - 13mm MDF451DWEN 18v,13mm MDF451DWEN 18v,c/u,,242500,170.77,77
131151,ASPIRADORAS,Taladro Atornillador Inalámbrico,Taladro Inalámbrico - 13mm 8391DWPE3 - 18v,13mm 8391DWPE3,c/u,,247500,174.30,77
131159,ASPIRADORAS,Sierra Caladora,Sierra Calador SSP - MJV430 - 450w,,c/u,,220500,155.28,79
131161,ASPIRADORAS,Desmalezadora - 2 Tiempos,"Desmalezadora 40 cc - RBC411U - 1,8 HP",,c/u,,183000,128.87,80
131162,ASPIRADORAS,Motosierra - 2 Tiempos,"Motosierra 40 Cm - 32cc - EA3202S40B 1,8 HP",Motosierra 40 Cm - 32cc,c/u,,173500,122.18,80
131171,ASPIRADORAS,Atornillador Con Torque,Atornillador con Led - FS2200 - 570w - 2500 c/u,,,,245500,172.89,78
131172,ASPIRADORAS,Lijadora,Lijadora SSP Orbital - MBO500 - 240w,,c/u,,230500,162.32,79
131178,ASPIRADORAS,Amoladora Recta SSP,Amoladora Recta - SSP - MDG102 - 480w,,c/u,,244000,171.83,75
131182,ASPIRADORAS,Sierra Circular,Sierra Circula SSP 185 mm - MSS702 - 1050w,Sierra Circula SSP 185 mm,c/u,,243500,171.48,79
131184,ASPIRADORAS,Desmalezadora - 2 Tiempos,Desmalezadora 25 cc - EM2500U - 1 HP,,c/u,,168000,118.31,80
131185,ASPIRADORAS,Taladro Atornillador Inalámbrico,Taladro Atornillador - 13mm BDF454RFE - 18v,13mm BDF454RFE,c/u,,240500,169.37,77
131193,ASPIRADORAS,Amoladora 115 Milímetros - SSP,"Amoladora 4½"" - MGA503 - 710w",,c/u,8,227000,159.86,75
131195,ASPIRADORAS,Lijadora,"Lijadora Banda, 100x610 mm - MBS401 - 900w","Lijadora Banda, 100x610 mm",c/u,,246000,173.24,79
131430,ASPIRADORAS,Pala     -      Plano       -    Punta,25 mm - B-38984,25 mm,,,230500,162.32,82
131431,ASPIRADORAS,Pala     -      Plano       -    Punta,50 mm - B-26602,50 mm,,,242000,170.42,82
131464,ASPIRADORAS,Boquilla Magnética,"1/4"" - B-38984","1/4""",,,222000,156.34,82
131465,ASPIRADORAS,Boquilla Magnética,"5/16"" - B-38990","5/16""",,,222500,156.69,82
131466,ASPIRADORAS,Boquilla Magnética,"3/8"" - B-39001","3/8""",,,233000,164.08,82
131507,ASPIRADORAS,CATALOGO,5x110 - D00418,,,,207000,145.77,81
131508,ASPIRADORAS,CATALOGO,6x160 - D00452,,,,179500,126.41,81
131509,ASPIRADORAS,CATALOGO,6x210 - D00468,,,,161000,113.38,81
131510,ASPIRADORAS,CATALOGO,7x110 - D00496,,,,182000,128.17,81
131511,ASPIRADORAS,CATALOGO,8x210 - D00147,,,,171500,120.77,81
131512,ASPIRADORAS,CATALOGO,8x260 - D00153,,,,183000,128.87,81
131513,ASPIRADORAS,CATALOGO,9x210 - D00555,,,,182500,128.52,81
131514,ASPIRADORAS,CATALOGO,10x110 - D09117,,,,177500,125.00,81
131515,ASPIRADORAS,CATALOGO,10x160 - D00561,,,,170500,120.07,81
131516,ASPIRADORAS,CATALOGO,10x210 - D00577,,,,163000,114.79,81
131517,ASPIRADORAS,CATALOGO,10x260 - D00197,,,,190500,134.15,81
131518,ASPIRADORAS,CATALOGO,10x310 - D00206,,,,184000,129.58,81
131519,ASPIRADORAS,CATALOGO,10x460 - D17538,,,,165500,116.55,81
131520,ASPIRADORAS,CATALOGO,12x160 - D00614,,,,195000,137.32,81
131521,ASPIRADORAS,CATALOGO,12x210 - D00620,,,,155500,109.51,81
131522,ASPIRADORAS,CATALOGO,12x260 - D00636,,,,193000,135.92,81
131523,ASPIRADORAS,CATALOGO,12x350 - D16112,,,,191000,134.51,81
131524,ASPIRADORAS,CATALOGO,12x460 - D16271,,,,197000,138.73,81
131525,ASPIRADORAS,CATALOGO,13x160 - D00642,,,,174000,122.54,81
131526,ASPIRADORAS,CATALOGO,14x160 - D00658,,,,189000,133.10,81
131527,ASPIRADORAS,CATALOGO,14x260 - D00278,,,,197500,139.08,81
131528,ASPIRADORAS,CATALOGO,14x350 - D16134,,,,206000,145.07,81
131529,ASPIRADORAS,CATALOGO,14x460 - D17544,,,,179500,126.41,81
131530,ASPIRADORAS,CATALOGO,15x160 - D00670,,,,155000,109.15,81
131531,ASPIRADORAS,CATALOGO,16x2100 - D00686,,,,180000,126.76,81
131532,ASPIRADORAS,CATALOGO,16x310 - D00692,,,,185000,130.28,81
131533,ASPIRADORAS,CATALOGO,16x350 - D16162,,,,200000,140.85,81
131534,ASPIRADORAS,CATALOGO,16x460 - D16287,,,,200000,140.85,81
131535,ASPIRADORAS,CATALOGO,17x210 - D00701 - Mecha Espada Tipo Paleta - Mecha 3 Puntas Madera,,,,177000,124.65,81
131536,ASPIRADORAS,CATALOGO,18x210 - D00717,,,,181500,127.82,81
131537,ASPIRADORAS,CATALOGO,18x300 - D00337 - Código - Medida - Art. - Código - Medida - Art.,,,,177500,125.00,81
131538,ASPIRADORAS,CATALOGO,18x350 - D16221,,,,192000,135.21,81
131539,ASPIRADORAS,CATALOGO,18x460 - D17566,,,,175000,123.24,81
131540,ASPIRADORAS,CATALOGO,19x210 - D00739,,,,188500,132.75,81
131541,ASPIRADORAS,CATALOGO,20x210 - D00745,,,,161500,113.73,81
131542,ASPIRADORAS,CATALOGO,20x260 - D16259,,,,178500,125.70,81
131543,ASPIRADORAS,CATALOGO,20x310 - D00751,,,,205500,144.72,81
131544,ASPIRADORAS,CATALOGO,20x460 - D16900,,,,171500,120.77,81
131545,ASPIRADORAS,CATALOGO,22x460 - D16916,,,,190500,134.15,81
131546,ASPIRADORAS,CATALOGO,25x350 - D03311,,,,188000,132.39,81
131552,ASPIRADORAS,CATALOGO,6x200 - D07238,,,,199000,140.14,81
131553,ASPIRADORAS,CATALOGO,6x250 - D07331,,,,199000,140.14,81
131554,ASPIRADORAS,CATALOGO,8x200 - D07244,,,,199500,140.49,81
131555,ASPIRADORAS,CATALOGO,8x250 - D07347,,,,173500,122.18,81
131556,ASPIRADORAS,CATALOGO,8x400 - D07434,,,,170000,119.72,81
131557,ASPIRADORAS,CATALOGO,8x450 - D07559,,,,192000,135.21,81
131558,ASPIRADORAS,CATALOGO,10x200 - D07250,,,,194000,136.62,81
131559,ASPIRADORAS,CATALOGO,10x250 - D07353,,,,200000,140.85,81
131560,ASPIRADORAS,CATALOGO,10x400 - D07440,,,,155000,109.15,81
131561,ASPIRADORAS,CATALOGO,10x450 - D07565,,,,156500,110.21,81
131562,ASPIRADORAS,CATALOGO,12x200 - D07266,,,,187000,131.69,81
131563,ASPIRADORAS,CATALOGO,12x250 - D07369,,,,202500,142.61,81
131564,ASPIRADORAS,CATALOGO,12x400 - D07456,,,,207000,145.77,81
131565,ASPIRADORAS,CATALOGO,14x200 - D07272,,,,193500,136.27,81
131566,ASPIRADORAS,CATALOGO,14x250 - D07375,,,,176500,124.30,81
131567,ASPIRADORAS,CATALOGO,14x400 - D07462,,,,158500,111.62,81
131568,ASPIRADORAS,CATALOGO,14x450 - D07587,,,,187000,131.69,81
131569,ASPIRADORAS,CATALOGO,16x200 - D07288,,,,200000,140.85,81
131570,ASPIRADORAS,CATALOGO,16x250 - D07381,,,,177000,124.65,81
131571,ASPIRADORAS,CATALOGO,16x400 - D07478,,,,190500,134.15,81
131572,ASPIRADORAS,CATALOGO,18x200 - D07294,,,,202000,142.25,81
131573,ASPIRADORAS,CATALOGO,18x250 - D07397,,,,155500,109.51,81
131574,ASPIRADORAS,CATALOGO,18x400 - D07484,,,,196000,138.03,81
131575,ASPIRADORAS,CATALOGO,18x450 - D07602,,,,169000,119.01,81
131576,ASPIRADORAS,CATALOGO,20x200 - D07303,,,,173000,121.83,81
131577,ASPIRADORAS,CATALOGO,20x250 - D07406,,,,161000,113.38,81
131578,ASPIRADORAS,CATALOGO,20x400 - D07490,,,,181500,127.82,81
131579,ASPIRADORAS,CATALOGO,20x450 - D07618,,,,183500,129.23,81
131594,ASPIRADORAS,CATALOGO,12x450 - D07571,,,,196000,138.03,81
131595,ASPIRADORAS,CATALOGO,6x110 - D00446,,,,162000,114.08,81
131596,ASPIRADORAS,CATALOGO,8x110 - D00511,,,,157500,110.92,81
131597,ASPIRADORAS,CATALOGO,8x160 - D00527,,,,200000,140.85,81
131641,ASPIRADORAS,"Punta, Cincel y Pala Para Rotomartillo",Punta x 140 mm - D16374,Punta x 140 mm,,,234500,165.14,82
131642,ASPIRADORAS,"Punta, Cincel y Pala Para Rotomartillo",Punta x 160 mm - D08676,Punta x 160 mm,,,220500,155.28,82
131643,ASPIRADORAS,"Punta, Cincel y Pala Para Rotomartillo",Punta x 250 mm - D26571,Punta x 250 mm,,,245000,172.54,82
131644,ASPIRADORAS,"Punta, Cincel y Pala Para Rotomartillo",Plano 20 x140 mm - D08698,Plano 20 x140 mm,,,217000,152.82,82
131645,ASPIRADORAS,"Punta, Cincel y Pala Para Rotomartillo",Pala 40 x 250 mm - D26618,Pala 40 x 250 mm,,,228500,160.92,82
131646,ASPIRADORAS,Hexagonal               SDS,Plano 28 x 410 mm - D20753,Plano 28 x 410 mm,,,221000,155.63,82
131656,ASPIRADORAS,Pala     -      Plano       -    Punta,16 mm - D16994,16 mm,,,221000,155.63,82
131657,ASPIRADORAS,Pala     -      Plano       -    Punta,19 mm - D17005,19 mm,,,212000,149.30,82
131658,ASPIRADORAS,Pala     -      Plano       -    Punta,20 mm - D17251,20 mm,,,241000,169.72,82
131659,ASPIRADORAS,Pala     -      Plano       -    Punta,22 mm - D17011,22 mm,,,245000,172.54,82
131660,ASPIRADORAS,Pala     -      Plano       -    Punta,24 mm - D17027,24 mm,,,236500,166.55,82
131661,ASPIRADORAS,Pala     -      Plano       -    Punta,25 mm - D17033,25 mm,,,217500,153.17,82
131662,ASPIRADORAS,Pala     -      Plano       -    Punta,29 mm - D17267,29 mm,,,228000,160.56,82
131663,ASPIRADORAS,Pala     -      Plano       -    Punta,32 mm - D17049,32 mm,,,224500,158.10,82
131664,ASPIRADORAS,Pala     -      Plano       -    Punta,35 mm - D17055,35 mm,,,233000,164.08,82
131665,ASPIRADORAS,Pala     -      Plano       -    Punta,38 mm - D17061,38 mm,,,235000,165.49,82
131666,ASPIRADORAS,Boquilla Magnética,40 mm - D17273 - Código - Medida - Art.,40 mm,,,227000,159.86,82
131667,ASPIRADORAS,Boquilla Magnética,44 mm - D17077,44 mm,,,221000,155.63,82
131668,ASPIRADORAS,Boquilla Magnética,51 mm - D17083,51 mm,,,242500,170.77,82
131669,ASPIRADORAS,Pala     -      Plano       -    Punta,54 mm - D24876,54 mm,,,219000,154.23,82
131670,ASPIRADORAS,Pala     -      Plano       -    Punta,57 mm - D17099,57 mm,,,226000,159.15,82
131671,ASPIRADORAS,Pala     -      Plano       -    Punta,60 mm - D25688,60 mm,,,229500,161.62,82
131672,ASPIRADORAS,Pala     -      Plano       -    Punta,64 mm - D30140,64 mm,,,220500,155.28,82
131673,ASPIRADORAS,Pala     -      Plano       -    Punta,65 mm - D24882,65 mm,,,232500,163.73,82
131674,ASPIRADORAS,Pala     -      Plano       -    Punta,68 mm - D17108,68 mm,,,233000,164.08,82
131675,ASPIRADORAS,Pala     -      Plano       -    Punta,70 mm - D25694 - Código - Largo - Art.,70 mm,,,248000,174.65,82
131676,ASPIRADORAS,Pala     -      Plano       -    Punta,76 mm - D17114,76 mm,,,222500,156.69,82
131677,ASPIRADORAS,Pala     -      Plano       -    Punta,83 mm - D17120,83 mm,,,247500,174.30,82
131678,ASPIRADORAS,Pala     -      Plano       -    Punta,92 mm - D17136,92 mm,,,236000,166.20,82
131679,ASPIRADORAS,Pala     -      Plano       -    Punta,105 mm - D17142,105 mm,,,221500,155.99,82
131680,ASPIRADORAS,Pala     -      Plano       -    Punta,127 mm - D17158,127 mm,,,232500,163.73,82
131681,ASPIRADORAS,Pala     -      Plano       -    Punta,152 mm - D17164,152 mm,,,237000,166.90,82
131682,ASPIRADORAS,Boquilla Magnética,14 a 29 - D17170,,,,193000,135.92,82
131683,ASPIRADORAS,Boquilla Magnética,32 a 152 - D17186,,,,155500,109.51,82
131684,ASPIRADORAS,Pala     -      Plano       -    Punta,71mm - D17192,71mm,,,234000,164.79,82
131708,ASPIRADORAS,CATALOGO,3 x 60 - D07026,,,,180000,126.76,81
131709,ASPIRADORAS,CATALOGO,4 x 75 - D07032,,,,202000,142.25,81
131710,ASPIRADORAS,CATALOGO,5 x 85 - D07048,,,,168500,118.66,81
131711,ASPIRADORAS,CATALOGO,6 x 95 - D07054,,,,196000,138.03,81
131712,ASPIRADORAS,CATALOGO,6 x 315 - D07157,,,,186000,130.99,81
131713,ASPIRADORAS,CATALOGO,8 x 115 - D07076,,,,172000,121.13,81
131714,ASPIRADORAS,CATALOGO,8 x 315 - D07163,,,,187500,132.04,81
131715,ASPIRADORAS,CATALOGO,10 x 135 - D07098,,,,186500,131.34,81
131716,ASPIRADORAS,CATALOGO,10 x 315 - D07179,,,,189500,133.45,81
131717,ASPIRADORAS,CATALOGO,12 x 155 - D07107,,,,192000,135.21,81
131718,ASPIRADORAS,CATALOGO,12 x 315 - D07185,,,,188500,132.75,81
131719,ASPIRADORAS,CATALOGO,14 x 170 - D07113,,,,198500,139.79,81
131720,ASPIRADORAS,CATALOGO,14 x 315 - D07191,,,,187000,131.69,81
131721,ASPIRADORAS,CATALOGO,16 x 180 - D07129,,,,202000,142.25,81
131727,ASPIRADORAS,Hexagonal               SDS,Punta 28 x 410 mm - D20747,Punta 28 x 410 mm,,,235500,165.85,82
131728,ASPIRADORAS,Sierra Circular,165x20 10 Dte - D03327,,,,169500,119.37,82
131732,ASPIRADORAS,Hexagonal               SDS,Plano 30 x 400 mm - D15291,Plano 30 x 400 mm,,,228000,160.56,82
131733,ASPIRADORAS,"Punta, Cincel y Pala Para Rotomartillo",Punta x 450 mm - D26571,Punta x 450 mm,,,233000,164.08,82
131734,ASPIRADORAS,"Punta, Cincel y Pala Para Rotomartillo",Plano 19 x 210 mm - D26593,Plano 19 x 210 mm,,,238500,167.96,82
131735,ASPIRADORAS,"Punta, Cincel y Pala Para Rotomartillo",Plano 19 x 280 mm - D08698,Plano 19 x 280 mm,,,215000,151.41,82
131736,ASPIRADORAS,"Punta, Cincel y Pala Para Rotomartillo",Plano 19 x 450 mm - D26602,Plano 19 x 450 mm,,,222500,156.69,82
131737,ASPIRADORAS,"Punta, Cincel y Pala Para Rotomartillo",Pala 50 x 280 mm - D26618,Pala 50 x 280 mm,,,239000,168.31,82
131738,ASPIRADORAS,"Punta, Cincel y Pala Para Rotomartillo",Punta x 210 mm - D16374,Punta x 210 mm,,,218000,153.52,82
131739,ASPIRADORAS,"Punta, Cincel y Pala Para Rotomartillo",Punta x 280 mm - D08676,Punta x 280 mm,,,216500,152.46,82
131740,ASPIRADORAS,"Punta, Cincel y Pala Para Rotomartillo",Plano 20 x250 mm - D26602,Plano 20 x250 mm,,,231500,163.03,82
131741,ASPIRADORAS,CATALOGO,6 x 150 - D07674,,,,205500,144.72,81
131742,ASPIRADORAS,CATALOGO,8 x 150 - D07680,,,,181500,127.82,81
131743,ASPIRADORAS,CATALOGO,10 x 150 - D07696,,,,202500,142.61,81
131744,ASPIRADORAS,CATALOGO,12 x 150 - D07705,,,,198000,139.44,81
131745,ASPIRADORAS,CATALOGO,14 x 150 - D07711,,,,167000,117.61,81
131746,ASPIRADORAS,CATALOGO,15 x 150 - D07727,,,,197500,139.08,81
131747,ASPIRADORAS,CATALOGO,16 x 150 - D07733,,,,179000,126.06,81
131748,ASPIRADORAS,CATALOGO,18 x 150 - D07749,,,,196500,138.38,81
131749,ASPIRADORAS,CATALOGO,20 x 150 - D07755,,,,193500,136.27,81
131750,ASPIRADORAS,CATALOGO,22 x 150 - D07761,,,,171500,120.77,81
131751,ASPIRADORAS,CATALOGO,24 x 150 - D07777,,,,159000,111.97,81
131752,ASPIRADORAS,CATALOGO,25 x 150 - D07783,,,,205000,144.37,81
131753,ASPIRADORAS,CATALOGO,26 x 160 - D07799,,,,160500,113.03,81
131754,ASPIRADORAS,CATALOGO,28 x 160 - D07808,,,,205000,144.37,81
131755,ASPIRADORAS,CATALOGO,30 x 160 - D07814,,,,199500,140.49,81
131756,ASPIRADORAS,CATALOGO,32 x 160 - D07820,,,,192000,135.21,81
131757,ASPIRADORAS,CATALOGO,34 x 160 - D07836,,,,206000,145.07,81
131758,ASPIRADORAS,CATALOGO,35 x 160 - D07842,,,,205000,144.37,81
131759,ASPIRADORAS,CATALOGO,36 x 160 - D07858,,,,196500,138.38,81
131760,ASPIRADORAS,CATALOGO,12 x 340 - D-34506,,,,173000,121.83,81
131761,ASPIRADORAS,CATALOGO,12 x 540 - D-34512,,,,195500,137.68,81
131762,ASPIRADORAS,CATALOGO,14 x 340 - D-34528,,,,154000,108.45,81
131763,ASPIRADORAS,CATALOGO,14 x 540 - D-34534,,,,182000,128.17,81
131764,ASPIRADORAS,CATALOGO,15 x 340 - D-34540,,,,177500,125.00,81
131765,ASPIRADORAS,CATALOGO,15 x 540 - D-34556,,,,189500,133.45,81
131766,ASPIRADORAS,CATALOGO,16 x 340 - D-34562,,,,189500,133.45,81
131767,ASPIRADORAS,CATALOGO,16 x 540 - D-34578,,,,184500,129.93,81
131768,ASPIRADORAS,CATALOGO,18 x 340 - D-34584,,,,197500,139.08,81
131769,ASPIRADORAS,CATALOGO,18 x 540 - D-34590,,,,204000,143.66,81
131770,ASPIRADORAS,CATALOGO,20 x 340 - D-34609,,,,159000,111.97,81
131771,ASPIRADORAS,CATALOGO,20 x 540 - D-34615,,,,165500,116.55,81
131772,ASPIRADORAS,CATALOGO,22 x 340 - D-34621,,,,154500,108.80,81
131773,ASPIRADORAS,CATALOGO,22 x 540 - D-34637,,,,200500,141.20,81
131774,ASPIRADORAS,CATALOGO,24 x 340 - D-34643,,,,183500,129.23,81
131775,ASPIRADORAS,CATALOGO,24 x 540 - D-34659,,,,202500,142.61,81
131776,ASPIRADORAS,CATALOGO,25 x 340 - d-34665,,,,165000,116.20,81
131777,ASPIRADORAS,CATALOGO,25 x 540 - D-34671,,,,156500,110.21,81
131778,ASPIRADORAS,CATALOGO,28 x 370 - D-34687,,,,197500,139.08,81
131779,ASPIRADORAS,CATALOGO,28 x 570 - D-34693,,,,202000,142.25,81
131780,ASPIRADORAS,CATALOGO,30 x 370 - D-34702,,,,169500,119.37,81
131781,ASPIRADORAS,CATALOGO,30 x 570 - D-34718,,,,175000,123.24,81
131782,ASPIRADORAS,CATALOGO,32 x 370 - D-34724,,,,160500,113.03,81
131783,ASPIRADORAS,CATALOGO,32 x 570 - D-34730,,,,204000,143.66,81
131784,ASPIRADORAS,CATALOGO,35 x 370 - D-34746,,,,169500,119.37,81
131785,ASPIRADORAS,CATALOGO,35 x 570 - D-34752,,,,179500,126.41,81
131786,ASPIRADORAS,CATALOGO,38 x 370 - D-34768,,,,158000,111.27,81
131787,ASPIRADORAS,CATALOGO,38 x 570 - D-34774,,,,201000,141.55,81
131788,ASPIRADORAS,CATALOGO,40 x 370 - D-34780,,,,160500,113.03,81
131789,ASPIRADORAS,CATALOGO,40 x 570 - D-34796,,,,177500,125.00,81
131790,ASPIRADORAS,Hexagonal               SDS,Punta 18 x 300 mm - D-34425,Punta 18 x 300 mm,,,236500,166.55,82
131791,ASPIRADORAS,Hexagonal               SDS,Punta 18 x 400 mm - D-34431,Punta 18 x 400 mm,,,239000,168.31,82
131792,ASPIRADORAS,Hexagonal               SDS,Punta 18 x 600 mm - D-34447,Punta 18 x 600 mm,,,246500,173.59,82
131793,ASPIRADORAS,Hexagonal               SDS,Plano 25 x 300 mm - D-34453,Plano 25 x 300 mm,,,227000,159.86,82
131794,ASPIRADORAS,Hexagonal               SDS,Plano 25 x 400 mm - D-34469,Plano 25 x 400 mm,,,239000,168.31,82
131795,ASPIRADORAS,Hexagonal               SDS,Plano 25 x 600 mm - D-34475,Plano 25 x 600 mm,,,217500,153.17,82
131798,ASPIRADORAS,Hexagonal               SDS,Punta Autoafilable - B-10621,,,,175500,123.59,82
131800,ASPIRADORAS,Sierra Circular,165x20 40 Dte - D03349,,,,158500,111.62,82
131801,ASPIRADORAS,Sierra Circular,185x30 16 Dte - D03903,,,,179500,126.41,82
131803,ASPIRADORAS,"Punta, Cincel y Pala Para Rotomartillo",Pala 50 x215 mm - D26593,Pala 50 x215 mm,,,226500,159.51,82
131804,ASPIRADORAS,Sierra Circular,185x30 20 Dte - D09634,,,,204500,144.01,82
131805,ASPIRADORAS,Sierra Circular,185x30 40 Dte - D03919,,,,155000,109.15,82
131806,ASPIRADORAS,Sierra Circular,235x25 20 Dte - D15811,,,,173000,121.83,82
131807,ASPIRADORAS,Sierra Circular,235x25 40 Dte - D03377,,,,177000,124.65,82
131808,ASPIRADORAS,Sierra Circular,235x30 60 Dte D09640,,,,204500,144.01,82
131810,ASPIRADORAS,Sierra Circular,305x25 60 Dte B19364,,,,199000,140.14,82
131820,ASPIRADORAS,Sierra Circular,185x30 24 Dte - A89654,,,,158500,111.62,82
131822,ASPIRADORAS,CATALOGO,7 x 110 - D07060,,,,190000,133.80,81
131823,ASPIRADORAS,CATALOGO,9 x 125 - D07082,,,,182500,128.52,81
131824,ASPIRADORAS,CATALOGO,18 x 200 - D07135,,,,206000,145.07,81
131829,ASPIRADORAS,Sierra Circular,270x30 60 Dte A81826,,,,172500,121.48,82
131830,ASPIRADORAS,Sierra Circular,255x25 60 Dte B03632,,,,174500,122.89,82
131831,ASPIRADORAS,Sierra Circular,255x25 80 Dte B19255,,,,163000,114.79,82
131832,ASPIRADORAS,Sierra Circular,255x25 100 Dte B19261,,,,159500,112.32,82
131833,ASPIRADORAS,Sierra Circular,305x25 40 Dte B-03660,,,,199000,140.14,82
131834,ASPIRADORAS,Sierra Circular,255x25 60 Dte B19249,,,,177500,125.00,82
131835,ASPIRADORAS,Sierra Circular,305x25 100 Dte B03698,,,,189000,133.10,82
131838,ASPIRADORAS,CATALOGO,20 x 200 - D07141,,,,187500,132.04,81
131839,ASPIRADORAS,Sierra Circular,165x20 24 Dte - D03333,,,,185000,130.28,82
131840,ASPIRADORAS,Sierra Circular,185x30 16 Dte - A89648,,,,154000,108.45,82
131841,ASPIRADORAS,Sierra Circular,235x30 20 Dte - B04117,,,,195500,137.68,82
131842,ASPIRADORAS,Sierra Circular,235x30 40 Dte - B04123,,,,166000,116.90,82
131843,ASPIRADORAS,Pala     -      Plano       -    Punta,65 mm - D-31647,65 mm,,,216000,152.11,82
131844,ASPIRADORAS,Sierra Circular,270x30 24 Dte A81804,,,,183500,129.23,82
131878,ASPIRADORAS,CATALOGO,5 x 65 - D25133,,,,156500,110.21,81
131879,ASPIRADORAS,CATALOGO,6 x 65 - D25149,,,,194500,136.97,81
131880,ASPIRADORAS,CATALOGO,8 x 70 - D25155,,,,164000,115.49,81
131881,ASPIRADORAS,CATALOGO,10 x 80 - D25161,,,,164500,115.85,81
131882,ASPIRADORAS,Pala     -      Plano       -    Punta,21 mm - D-35380,21 mm,,,243500,171.48,82
131883,ASPIRADORAS,Pala     -      Plano       -    Punta,27 mm - D35396,27 mm,,,223500,157.39,82
131884,ASPIRADORAS,Pala     -      Plano       -    Punta,30 mm - D35405,30 mm,,,217000,152.82,82
131885,ASPIRADORAS,Pala     -      Plano       -    Punta,33 mm - D35411,33 mm,,,244500,172.18,82
131886,ASPIRADORAS,Pala     -      Plano       -    Punta,37 mm - D35427,37 mm,,,211500,148.94,82
131887,ASPIRADORAS,Boquilla Magnética,46 mm - D35455,46 mm,,,243000,171.13,82
131888,ASPIRADORAS,Boquilla Magnética,48 mm - D35461,48 mm,,,217000,152.82,82
131916,ASPIRADORAS,Hexagonal               SDS,Punta x 400 mm - D15279,Punta x 400 mm,,,216500,152.46,82
131917,ASPIRADORAS,Hexagonal               SDS,Plano 75 x 310 mm - D23868,Plano 75 x 310 mm,,,221000,155.63,82
131934,ASPIRADORAS,CATALOGO,12x600 - P-30673,,,,162500,114.44,81
131935,ASPIRADORAS,CATALOGO,14x600 - P-30704,,,,188500,132.75,81
131966,ASPIRADORAS,CATALOGO,16x450 - D07593,,,,154500,108.80,81
131996,ASPIRADORAS,Sierra Circular,255x25 40 Dte B19233,,,,154000,108.45,82
131999,ASPIRADORAS,Sierra Circular,305x25 100 Dte B19386,,,,195500,137.68,82
132000,TIJERA DE RECOLECCION CITRICA,,Tijera Recolectora Cítrica,,c/u,10,16600,11.69,61
132001,TIJERA DE RECOLECCION CITRICA,TIJERAS DE PODA,Tijera Poda - Azul,,c/u,10,17000,11.97,61
132002,TIJERA DE RECOLECCION CITRICA,TIJERAS DE PODA,Tijera Poda - Amarilla,,c/u,10,16200,11.41,61
132003,TIJERA DE RECOLECCION CITRICA,TIJERAS DE PODA,Tijera Poda - Roja,,c/u,10,15600,10.99,61
132004,TIJERA DE RECOLECCION CITRICA,TIJERA MULTIUSO,"Tijera Multiuso ""KASTOR""",,c/u,10,19300,13.59,61
135001,MANIJAS TIPO MINISTERIO PARA PUERTA,Pomela Mixta - Mini,Hierro Pulido c/u - 25,,,,35300,24.86,24
135003,MANIJAS TIPO MINISTERIO PARA PUERTA,Pomela Mixta - Mini,Zinc Amarilla c/u - 25,,,,37600,26.48,24
140001,"ARCOS DE SIERRA ""SIN PAR""",ARCOS DE SIERRA,Arco Calador El Abuelo,,c/u,10,7950,5.60,16
140002,"ARCOS DE SIERRA ""SIN PAR""",ARCOS DE SIERRA,El Abuelo,,c/u,10,8650,6.09,16
140003,"ARCOS DE SIERRA ""SIN PAR""",ARCOS DE SIERRA,Cabo con Perno,,c/u,10,8050,5.67,16
140004,"ARCOS DE SIERRA ""SIN PAR""",ARCOS DE SIERRA,Perno con Mariposa,,c/u,10,7050,4.96,16
140005,CADENAS ESLABON CORTO DERECHO,Argolla Para Guadaña,Argolla P/ Guadaña,,c/u,12,4500,3.17,29
140006,CADENAS ESLABON CORTO DERECHO,CADENAS TIPO NUDO,"13 x 1,70 Mts c/u - 12","13 x 1,70 Mts c/u",,,19300,13.59,29
140007,CADENAS ESLABON CORTO DERECHO,CADENAS TIPO NUDO,"13 x 2,20 Mts c/u - 12","13 x 2,20 Mts c/u",,,16700,11.76,29
140008,CADENAS ESLABON CORTO DERECHO,CADENAS TIPO NUDO,"12 x 1,70 Mts c/u - 12","12 x 1,70 Mts c/u",,,18800,13.24,29
140009,CADENAS ESLABON CORTO DERECHO,CADENAS TIPO NUDO,"12 x 2,20 Mts c/u - 12","12 x 2,20 Mts c/u",,,19100,13.45,29
140010,CADENAS ESLABON CORTO DERECHO,CADENAS TIPO NUDO,"10 x 1,70 Mts c/u - 12","10 x 1,70 Mts c/u",,,18100,12.75,29
140011,CADENAS ESLABON CORTO DERECHO,CADENAS TIPO NUDO,"10 x 2,20 Mts c/u - 12","10 x 2,20 Mts c/u",,,17900,12.61,29
140012,CADENAS ESLABON CORTO DERECHO,CADENAS TIPO NUDO,"8 x 2,20 Mts","8 x 2,20 Mts",c/u,12,19300,13.59,29
140013,"ARCOS DE SIERRA ""SIN PAR""",ARCOS DE SIERRA,Hojita Para Calador,,c/u,10,6950,4.89,16
140014,ACCESORIOS PARA DESTAPAR CAÑERIAS,Tijera Multiuso,Tijera Multiuso,,c/u,12,11900,8.38,30
140016,CADENAS ESLABON CORTO DERECHO,CADENAS TIPO NUDO,"15 x 1,70 Mts c/u - 12","15 x 1,70 Mts c/u",,,17700,12.46,29
140017,CADENAS ESLABON CORTO DERECHO,CADENAS TIPO NUDO,"17 x 1,70 Mts c/u - 12","17 x 1,70 Mts c/u",,,18500,13.03,29
140018,CADENAS ESLABON CORTO DERECHO,CADENAS TIPO NUDO,"8 x 1,70 Mts","8 x 1,70 Mts",c/u,12,18000,12.68,29
140020,CADENAS ESLABON CORTO DERECHO,CADENAS TIPO NUDO,N°18 Paq,,,,5050,3.56,29
140021,CADENAS ESLABON CORTO DERECHO,CADENAS TIPO NUDO,N°15 Paq,,,,3900,2.75,29
140022,CADENAS ESLABON CORTO DERECHO,CADENAS TIPO NUDO,N°12 Paq,,,,3950,2.78,29
140023,CADENAS ESLABON CORTO DERECHO,CADENAS TIPO NUDO,N°10 Paq,,,,4650,3.27,29
140024,ACCESORIOS PARA DESTAPAR CAÑERIAS,Cinta Para Destapar Cañerías,15 Metros,15 Metros,c/u,12,17700,12.46,30
140025,ACCESORIOS PARA DESTAPAR CAÑERIAS,Cinta Para Destapar Piletas,5 Metros,5 Metros,c/u,12,18300,12.89,30
140026,ACCESORIOS PARA DESTAPAR CAÑERIAS,Cinta Para Destapar Piletas,10 Metros,10 Metros,c/u,12,19400,13.66,30
140027,CADENAS ESLABON CORTO DERECHO,CINTAS PASACABLE,10 Metros c/u - 12,10 Metros c/u,,,18100,12.75,29
140028,CADENAS ESLABON CORTO DERECHO,CINTAS PASACABLE,15 Metros c/u - 12,15 Metros c/u,,,17500,12.32,29
140029,CADENAS ESLABON CORTO DERECHO,CINTAS PASACABLE,20 Metros c/u - 12,20 Metros c/u,,,19400,13.66,29
140030,CADENAS ESLABON CORTO DERECHO,CINTAS PASACABLE,25 Metros c/u - 12,25 Metros c/u,,,18100,12.75,29
140031,CADENAS ESLABON CORTO DERECHO,CINTAS PASACABLE,30 Metros c/u - 12,30 Metros c/u,,,17900,12.61,29
140032,HERRAMIENTAS DE JARDIN,Escobas para Césped Cuerpo PVC y Dientes de Alambre,Escoba Césped - PVC y Dientes de Alambre,,c/u,10,18600,13.10,31
140033,HERRAMIENTAS DE JARDIN,Junta Hojas Para Piletas de Natación,Junta Hoja para Pileta de Natación,,c/u,10,15800,11.13,31
140034,HERRAMIENTAS DE JARDIN,Junta Hojas Para Piletas de Natación,Junta Hoja / Pileta de Natación - Cabo Aluminio,,c/u,10,19100,13.45,31
140037,HERRAMIENTAS DE JARDIN,Tijera Para Ligustro,Tijera Ligustro - Hoja de 25 Cm,Tijera Ligustro - Hoja de 25 Cm,c/u,10,19900,14.01,31
140038,CADENAS ESLABON CORTO DERECHO,CINTAS PASACABLE,7 Metros c/u - 12,7 Metros c/u,,,17000,11.97,29
140039,CADENAS ESLABON CORTO DERECHO,CINTAS PASACABLE,10 Metros c/u - 12,10 Metros c/u,,,18800,13.24,29
140040,CADENAS ESLABON CORTO DERECHO,CINTAS PASACABLE,15 Metros c/u - 12,15 Metros c/u,,,18600,13.10,29
140041,CADENAS ESLABON CORTO DERECHO,CINTAS PASACABLE,20 Metros c/u - 12,20 Metros c/u,,,17200,12.11,29
140042,CADENAS ESLABON CORTO DERECHO,CINTAS PASACABLE,25 Metros c/u - 12,25 Metros c/u,,,17900,12.61,29
140044,ACCESORIOS PARA DESTAPAR CAÑERIAS,,"Fleje Hierro 1,50 Mts, Con Terminal de Bronce","Fleje Hierro 1,50 Mts, Con Terminal de Bronce",c/u,10,18200,12.82,30
140045,ACCESORIOS PARA DESTAPAR CAÑERIAS,,Tirabuzón para Destapar Cañerías,,c/u,10,11400,8.03,30
140046,ACCESORIOS PARA DESTAPAR CAÑERIAS,,Bocha de Aluminio para Destapar Cañerías,,c/u,10,11800,8.31,30
140047,ACCESORIOS PARA DESTAPAR CAÑERIAS,,Manija para Fleje de Destapar Cañerías,,c/u,10,11700,8.24,30
140048,ACCESORIOS PARA DESTAPAR CAÑERIAS,,Cepillo Pita para Destapar Cañerías,,c/u,10,10500,7.39,30
140049,RESORTES,,200 Gusano 60 mm,200 Gusano 60 mm,c/u,10,4200,2.96,13
140050,RESORTES,,201 Gusano 70 mm,201 Gusano 70 mm,c/u,10,4350,3.06,13
140051,RESORTES,,202 Gusano 80 mm,202 Gusano 80 mm,c/u,10,4150,2.92,13
140052,ACCESORIOS PARA DESTAPAR CAÑERIAS,Trincheta y Cutter,Cuchilla Retráctil - Hoja Trapezoidal,,c/u,12,10700,7.54,30
140053,ACCESORIOS PARA DESTAPAR CAÑERIAS,,Disco de Goma para Destapar Cañerías,,c/u,10,13500,9.51,30
140054,ACCESORIOS PARA DESTAPAR CAÑERIAS,Trincheta y Cutter,Cutter Recto,,c/u,12,10400,7.32,30
140057,HERRAMIENTAS DE JARDIN,Juego de Herramientas Para Jardinería,Juego Jardinería 4 Piezas,,c/u,10,19800,13.94,31
140058,ACCESORIOS PARA DESTAPAR CAÑERIAS,Cinta Para Destapar Cañerías,10 Metros,10 Metros,c/u,12,17800,12.54,30
140059,ACCESORIOS PARA DESTAPAR CAÑERIAS,Cinta Para Destapar Cañerías,5 Metros,5 Metros,c/u,12,17800,12.54,30
140069,HERRAMIENTAS DE JARDIN,Barrehojas de PVC,Barrehoja PVC,,c/u,10,19300,13.59,31
140100,HERRAMIENTAS DE JARDIN,Enrolladores de Manguera de Riego,Enrollador de Manguera Con Soporte,,c/u,2,19700,13.87,31
140101,HERRAMIENTAS DE JARDIN,Enrolladores de Manguera de Riego,Enrollador de Manguera Sin Soporte,,c/u,2,18300,12.89,31
140102,HERRAMIENTAS DE JARDIN,Soporte Cuelga Manguera,Cuelga Manguera - PVC,,c/u,10,18500,13.03,31
140103,LINEA RIEGO,Pistola de Riego,Pistola Riego 5 Posiciones - A Rápido - 13100,,c/u,10,5100,3.59,32
140104,LINEA RIEGO,Pistola de Riego,Pistola de Riego - Acople Rápido - 13101,,c/u,10,4750,3.35,32
140105,LINEA RIEGO,Pistola de Riego,Pistola de Riego Max - Acople Rápido - 13105,,c/u,10,4450,3.13,32
140106,LINEA RIEGO,Rociador de Acople Rápido Con Base,Sapito de Riego - 13103,,c/u,10,4800,3.38,32
140107,LINEA RIEGO,Lanza de Riego,Lanza Riego Acople Rápido - 13104,,c/u,10,5250,3.70,32
140108,LINEA RIEGO,Rociador de Acople Rápido Con Base,Rociador Giratorio Con Base - 13106,,c/u,10,5400,3.80,32
140110,LINEA RIEGO,Rociador de Acople Rápido Con Base,Rociador 5 Variables - 13108,,c/u,10,5550,3.91,32
140111,LINEA RIEGO,Regador o Rociador de Acople Rápido Tipo Bayoneta,Rociador Giratorio Bayoneta - 13109,,c/u,10,5350,3.77,32
140112,LINEA RIEGO,Accesorios Acople Rápido Para Riego,Acople Rápido Hembra - 63110,,c/u,10,5700,4.01,32
140113,LINEA RIEGO,Accesorios Acople Rápido Para Riego,Acople Rápido Macho - 63111,,c/u,10,5150,3.63,32
140114,LINEA RIEGO,Accesorios Acople Rápido Para Riego,Unión Manguera Macho / Macho -63112,,c/u,10,4800,3.38,32
140115,LINEA RIEGO,Accesorios Acople Rápido Para Riego,Reparador Manguera A. Rápido -63113,,c/u,10,5100,3.59,32
140117,LINEA RIEGO,Lanza de Riego,Lanza Riego Espiga a Manguera - 15304,,c/u,10,4550,3.20,32
142002,CUCHARAS SOLDADA,"Martillo Carpintero, Con Uña",Martillo Carpintero Uña N°18,,c/u,12,9400,6.62,58
142003,CUCHARAS SOLDADA,"Martillo Carpintero, Con Uña",Martillo Carpintero Uña N°20,,c/u,12,8250,5.81,58
142004,CUCHARAS SOLDADA,"Martillo Carpintero, Con Uña",Martillo Carpintero Uña N°22,,c/u,12,7950,5.60,58
142005,CUCHARAS SOLDADA,"Martillo Carpintero, Con Uña",Martillo Carpintero Uña N°25,,c/u,12,9950,7.01,58
142006,CUCHARAS SOLDADA,"Martillo Carpintero, Con Uña",Martillo Carpintero Uña N°28,,c/u,12,8650,6.09,58
143100,MECHAS ACERO RAPIDO,Mecha Ezeta TCC Acero Rápido,"0,50",,,,5400,3.80,42
143101,MECHAS ACERO RAPIDO,Mecha Ezeta TCC Acero Rápido,"0,75",,,,5100,3.59,42
143102,MECHAS ACERO RAPIDO,Mecha Ezeta TCC Acero Rápido,"1,00",,,,5450,3.84,42
143103,MECHAS ACERO RAPIDO,Mecha Ezeta TCC Acero Rápido,"1,25",,,,5500,3.87,42
143104,MECHAS ACERO RAPIDO,Mecha Ezeta TCC Acero Rápido,"1,50",,,,5700,4.01,42
143105,MECHAS ACERO RAPIDO,Mecha Ezeta TCC Acero Rápido,"1,75",,,,5500,3.87,42
143106,MECHAS ACERO RAPIDO,Mecha Ezeta TCC Acero Rápido,"2,00",,,,5150,3.63,42
143107,MECHAS ACERO RAPIDO,Mecha Ezeta TCC Acero Rápido,"2,25",,,,5200,3.66,42
143108,MECHAS ACERO RAPIDO,Mecha Ezeta TCC Acero Rápido,"2,50",,,,4300,3.03,42
143109,MECHAS ACERO RAPIDO,Mecha Ezeta TCC Acero Rápido,"2,75",,,,5650,3.98,42
143110,MECHAS ACERO RAPIDO,Mecha Ezeta TCC Acero Rápido,"3,00",,,,5500,3.87,42
143111,MECHAS ACERO RAPIDO,Mecha Ezeta TCC Acero Rápido,"3,25",,,,4650,3.27,42
143112,MECHAS ACERO RAPIDO,Mecha Ezeta TCC Acero Rápido,"3,50",,,,4500,3.17,42
143113,MECHAS ACERO RAPIDO,Mecha Ezeta TCC Acero Rápido,"3,75",,,,5300,3.73,42
143114,MECHAS ACERO RAPIDO,Mecha Ezeta TCC Acero Rápido,"4,00",,,,4700,3.31,42
143115,MECHAS ACERO RAPIDO,Mecha Ezeta TCC Acero Rápido,"4,25",,,,4750,3.35,42
143116,MECHAS ACERO RAPIDO,Mecha Ezeta TCC Acero Rápido,"4,50",,,,4250,2.99,42
143117,MECHAS ACERO RAPIDO,Mecha Ezeta TCC Acero Rápido,"4,75",,,,5550,3.91,42
143118,MECHAS ACERO RAPIDO,Mecha Ezeta TCC Acero Rápido,"5,00",,,,5100,3.59,42
143119,MECHAS ACERO RAPIDO,Mecha Ezeta TCC Acero Rápido,"5,25",,,,4850,3.42,42
143120,MECHAS ACERO RAPIDO,Mecha Ezeta TCC Acero Rápido,"5,50",,,,4450,3.13,42
143121,MECHAS ACERO RAPIDO,Mecha Ezeta TCC Acero Rápido,"5,75",,,,5200,3.66,42
143122,MECHAS ACERO RAPIDO,Mecha Ezeta TCC Acero Rápido,"6,00",,,,4300,3.03,42
143123,MECHAS ACERO RAPIDO,Mecha Ezeta TCC Acero Rápido,"6,25",,,,5350,3.77,42
143124,MECHAS ACERO RAPIDO,Mecha Ezeta TCC Acero Rápido,"6,50",,,,4550,3.20,42
143125,MECHAS ACERO RAPIDO,Mecha Ezeta TCC Acero Rápido,"6,75",,,,4900,3.45,42
143126,MECHAS ACERO RAPIDO,Mecha Ezeta TCC Acero Rápido,"7,00",,,,4750,3.35,42
143127,MECHAS ACERO RAPIDO,Mecha Ezeta TCC Acero Rápido,"7,25",,,,4800,3.38,42
143128,MECHAS ACERO RAPIDO,Mecha Ezeta TCC Acero Rápido,"7,50",,,,5350,3.77,42
143129,MECHAS ACERO RAPIDO,Mecha Ezeta TCC Acero Rápido,"7,75",,,,5400,3.80,42
143130,MECHAS ACERO RAPIDO,Mecha Ezeta TCC Acero Rápido,"8,00",,,,5100,3.59,42
143131,MECHAS ACERO RAPIDO,Mecha Ezeta TCC Acero Rápido,"8,25",,,,4400,3.10,42
143132,MECHAS ACERO RAPIDO,Mecha Ezeta TCC Acero Rápido,"8,50",,,,4350,3.06,42
143133,MECHAS ACERO RAPIDO,Mecha Ezeta TCC Acero Rápido,"8,75",,,,4500,3.17,42
143134,MECHAS ACERO RAPIDO,Mecha Ezeta TCC Acero Rápido,"9,00",,,,5200,3.66,42
143135,MECHAS ACERO RAPIDO,Mecha Ezeta TCC Acero Rápido,"9,25",,,,5250,3.70,42
143136,MECHAS ACERO RAPIDO,Mecha Ezeta TCC Acero Rápido,"9,50",,,,4650,3.27,42
143137,MECHAS ACERO RAPIDO,Mecha Ezeta TCC Acero Rápido,"9,75",,,,5250,3.70,42
143138,MECHAS ACERO RAPIDO,Mecha Ezeta TCC Acero Rápido,"10,00",,,,5000,3.52,42
143139,MECHAS ACERO RAPIDO,Mecha Ezeta TCC Acero Rápido,"10,25",,,,4900,3.45,42
143140,MECHAS ACERO RAPIDO,Mecha Ezeta TCC Acero Rápido,"10,50",,,,4650,3.27,42
143141,MECHAS ACERO RAPIDO,Mecha Ezeta TCC Acero Rápido,"10,75",,,,5400,3.80,42
143142,MECHAS ACERO RAPIDO,Mecha Ezeta TCC Acero Rápido,"11,00",,,,4400,3.10,42
143143,MECHAS ACERO RAPIDO,Mecha Ezeta TCC Acero Rápido,"11,25",,,,4900,3.45,42
143144,MECHAS ACERO RAPIDO,Mecha Ezeta TCC Acero Rápido,"11,50",,,,4650,3.27,42
143145,MECHAS ACERO RAPIDO,Mecha Ezeta TCC Acero Rápido,"11,75",,,,5250,3.70,42
143146,MECHAS ACERO RAPIDO,Mecha Ezeta TCC Acero Rápido,"12,00",,,,5000,3.52,42
143147,MECHAS ACERO RAPIDO,Mecha Ezeta TCC Acero Rápido,"12,25",,,,5250,3.70,42
143148,MECHAS ACERO RAPIDO,Mecha Ezeta TCC Acero Rápido,"12,50",,,,4300,3.03,42
143149,MECHAS ACERO RAPIDO,Mecha Ezeta TCC Acero Rápido,"12,75",,,,4850,3.42,42
143150,MECHAS ACERO RAPIDO,Mecha Ezeta TCC Acero Rápido,"13,00",,,,5150,3.63,42
143151,MECHAS ACERO RAPIDO,Mecha Ezeta TCC Acero Rápido,"13,50",,,,4250,2.99,42
143152,MECHAS ACERO RAPIDO,Mecha Ezeta TCC Acero Rápido,"14,00",,,,4700,3.31,42
143153,MECHAS ACERO RAPIDO,Mecha Ezeta TCC Acero Rápido,"14,50",,,,4550,3.20,42
143154,MECHAS ACERO RAPIDO,Mecha Ezeta TCC Acero Rápido,"15,00",,,,4450,3.13,42
143155,MECHAS ACERO RAPIDO,Mecha Ezeta TCC Acero Rápido,"15,50",,,,4650,3.27,42
143156,MECHAS ACERO RAPIDO,Mecha Ezeta TCC Acero Rápido,"16,00",,,,4750,3.35,42
143157,MECHAS ACERO RAPIDO,Mecha Ezeta TCC Acero Rápido,"16,50",,,,4250,2.99,42
143158,MECHAS ACERO RAPIDO,Mecha Ezeta TCC Acero Rápido,"17,00",,,,5350,3.77,42
143159,MECHAS ACERO RAPIDO,Mecha Ezeta TCC Acero Rápido,"17,50",,,,4500,3.17,42
143160,MECHAS ACERO RAPIDO,Mecha Ezeta TCC Acero Rápido,"18,00",,,,4800,3.38,42
143161,MECHAS ACERO RAPIDO,Mecha Ezeta TCC Acero Rápido,"18,50",,,,5300,3.73,42
143162,MECHAS ACERO RAPIDO,Mecha Ezeta TCC Acero Rápido,"19,00",,,,5000,3.52,42
143163,MECHAS ACERO RAPIDO,Mecha Ezeta TCC Acero Rápido,"19,50",,,,5500,3.87,42
143164,MECHAS ACERO RAPIDO,Mecha Ezeta TCC Acero Rápido,"20,00",,,,5450,3.84,42
143165,MECHAS ACERO RAPIDO,Mecha Ezeta TCC Acero Rápido,"13,25",,,,4350,3.06,42
143166,MECHAS ACERO RAPIDO,Mecha Ezeta TCC Acero Rápido,"13,75",,,,5550,3.91,42
143167,MECHAS ACERO RAPIDO,Mecha Ezeta TCC Acero Rápido,"14,25",,,,4300,3.03,42
143168,MECHAS ACERO RAPIDO,Mecha Ezeta TCC Acero Rápido,"14,75",,,,4300,3.03,42
143169,MECHAS ACERO RAPIDO,Mecha Ezeta TCC Acero Rápido,"15,25",,,,5650,3.98,42
143170,MECHAS ACERO RAPIDO,Mecha Ezeta TCC Acero Rápido,"15,75",,,,5550,3.91,42
143171,MECHAS ACERO RAPIDO,Mecha Ezeta TCC Acero Rápido,"16,25",,,,5100,3.59,42
143172,MECHAS ACERO RAPIDO,Mecha Ezeta TCC Acero Rápido,"16,75",,,,5100,3.59,42
143173,MECHAS ACERO RAPIDO,Mecha Ezeta TCC Acero Rápido,"17,25",,,,5300,3.73,42
143174,MECHAS ACERO RAPIDO,Mecha Ezeta TCC Acero Rápido,"17,75",,,,4900,3.45,42
143175,MECHAS ACERO RAPIDO,Mecha Ezeta TCC Acero Rápido,"18,25",,,,4400,3.10,42
143176,MECHAS ACERO RAPIDO,Mecha Ezeta TCC Acero Rápido,"18,75",,,,4300,3.03,42
143177,MECHAS ACERO RAPIDO,Mecha Ezeta TCC Acero Rápido,"19,25",,,,4750,3.35,42
143178,MECHAS ACERO RAPIDO,Mecha Ezeta TCC Acero Rápido,"19,75",,,,5450,3.84,42
143200,JUEGOS DE MECHAS,Mecha Ezeta Widia Corta,3,,,,22800,16.06,43
143201,JUEGOS DE MECHAS,Mecha Ezeta Widia Corta,4,,,,24200,17.04,43
143202,JUEGOS DE MECHAS,Mecha Ezeta Widia Corta,5,,,,24800,17.46,43
143203,JUEGOS DE MECHAS,Mecha Ezeta Widia Corta,6,,,,19300,13.59,43
143205,JUEGOS DE MECHAS,Mecha Ezeta Widia Corta,8,,,,24300,17.11,43
143206,JUEGOS DE MECHAS,Mecha Ezeta Widia Corta,10,,,,20300,14.30,43
143207,JUEGOS DE MECHAS,Mecha Ezeta Widia Corta,12,,,,22600,15.92,43
143208,JUEGOS DE MECHAS,Mecha Ezeta Widia Corta,13,,,,22200,15.63,43
143209,JUEGOS DE MECHAS,Mecha Ezeta Widia Corta,14,,,,21300,15.00,43
143210,JUEGOS DE MECHAS,Mecha Ezeta Widia Corta,16,,,,20700,14.58,43
143211,JUEGOS DE MECHAS,Mecha Ezeta Widia Corta,18,,,,20900,14.72,43
143215,JUEGOS DE MECHAS,Mecha Max Muro Widia Corta,5,,,,20900,14.72,43
143216,JUEGOS DE MECHAS,Mecha Max Muro Widia Corta,6,,,,19800,13.94,43
143217,JUEGOS DE MECHAS,Mecha Max Muro Widia Corta,8,,,,22100,15.56,43
143218,JUEGOS DE MECHAS,Mecha Max Muro Widia Corta,10,,,,19500,13.73,43
143219,JUEGOS DE MECHAS,Mecha Max Muro Widia Corta,12,,,,22100,15.56,43
143300,JUEGOS DE MECHAS,Mecha Ezeta Widia Larga - 400 mm,6,,,,24700,17.39,43
143301,JUEGOS DE MECHAS,Mecha Ezeta Widia Larga - 400 mm,8,,,,21000,14.79,43
143302,JUEGOS DE MECHAS,Mecha Ezeta Widia Larga - 400 mm,10,,,,23500,16.55,43
143303,JUEGOS DE MECHAS,Mecha Ezeta Widia Larga - 400 mm,12,,,,24100,16.97,43
143304,JUEGOS DE MECHAS,Mecha Ezeta Widia Larga - 400 mm,13,,,,24100,16.97,43
143305,JUEGOS DE MECHAS,Mecha Ezeta Widia Larga - 400 mm,14,,,,20300,14.30,43
143306,JUEGOS DE MECHAS,Mecha Ezeta Widia Larga - 400 mm,16,,,,19700,13.87,43
143307,JUEGOS DE MECHAS,Mecha Ezeta Widia Larga - 400 mm,18,,,,20000,14.08,43
143308,JUEGOS DE MECHAS,Mecha Ezeta Widia Larga - 400 mm,20,,,,22700,15.99,43
143309,JUEGOS DE MECHAS,Mecha Ezeta Widia Larga - 400 mm,25,,,,23700,16.69,43
143354,MECHAS ACERO RAPIDO,Mecha Ezeta MAX Acero Rápido,"2,00",,,,5250,3.70,42
143355,MECHAS ACERO RAPIDO,Mecha Ezeta MAX Acero Rápido,"2,25",,,,4500,3.17,42
143356,MECHAS ACERO RAPIDO,Mecha Ezeta MAX Acero Rápido,"2,50",,,,5400,3.80,42
143357,MECHAS ACERO RAPIDO,Mecha Ezeta MAX Acero Rápido,"2,75",,,,5000,3.52,42
143358,MECHAS ACERO RAPIDO,Mecha Ezeta MAX Acero Rápido,"3,00",,,,5400,3.80,42
143359,MECHAS ACERO RAPIDO,Mecha Ezeta MAX Acero Rápido,"3,25",,,,5400,3.80,42
143360,MECHAS ACERO RAPIDO,Mecha Ezeta MAX Acero Rápido,"3,50",,,,4900,3.45,42
143361,MECHAS ACERO RAPIDO,Mecha Ezeta MAX Acero Rápido,"3,75",,,,5650,3.98,42
143362,MECHAS ACERO RAPIDO,Mecha Ezeta MAX Acero Rápido,"4,00",,,,5100,3.59,42
143363,MECHAS ACERO RAPIDO,Mecha Ezeta MAX Acero Rápido,"4,25",,,,5200,3.66,42
143364,MECHAS ACERO RAPIDO,Mecha Ezeta MAX Acero Rápido,"4,50",,,,5200,3.66,42
143365,MECHAS ACERO RAPIDO,Mecha Ezeta MAX Acero Rápido,"4,75",,,,5550,3.91,42
143366,MECHAS ACERO RAPIDO,Mecha Ezeta MAX Acero Rápido,"5,00",,,,5200,3.66,42
143367,MECHAS ACERO RAPIDO,Mecha Ezeta MAX Acero Rápido,"5,25",,,,4500,3.17,42
143368,MECHAS ACERO RAPIDO,Mecha Ezeta MAX Acero Rápido,"5,50",,,,4350,3.06,42
143369,MECHAS ACERO RAPIDO,Mecha Ezeta MAX Acero Rápido,"5,75",,,,4900,3.45,42
143370,MECHAS ACERO RAPIDO,Mecha Ezeta MAX Acero Rápido,"6,00",,,,4700,3.31,42
143371,MECHAS ACERO RAPIDO,Mecha Ezeta MAX Acero Rápido,"6,25",,,,4650,3.27,42
143372,MECHAS ACERO RAPIDO,Mecha Ezeta MAX Acero Rápido,"6,50",,,,4350,3.06,42
143373,MECHAS ACERO RAPIDO,Mecha Ezeta MAX Acero Rápido,"6,75",,,,5000,3.52,42
143374,MECHAS ACERO RAPIDO,Mecha Ezeta MAX Acero Rápido,"7,00",,,,4700,3.31,42
143375,MECHAS ACERO RAPIDO,Mecha Ezeta MAX Acero Rápido,"7,25",,,,4950,3.49,42
143376,MECHAS ACERO RAPIDO,Mecha Ezeta MAX Acero Rápido,"7,50",,,,4350,3.06,42
143377,MECHAS ACERO RAPIDO,Mecha Ezeta MAX Acero Rápido,"7,75",,,,5500,3.87,42
143378,MECHAS ACERO RAPIDO,Mecha Ezeta MAX Acero Rápido,"8,00",,,,4350,3.06,42
143379,MECHAS ACERO RAPIDO,Mecha Ezeta MAX Acero Rápido,"8,25",,,,5550,3.91,42
143380,MECHAS ACERO RAPIDO,Mecha Ezeta MAX Acero Rápido,"8,50",,,,5550,3.91,42
143381,MECHAS ACERO RAPIDO,Mecha Ezeta MAX Acero Rápido,"8,75",,,,5150,3.63,42
143382,MECHAS ACERO RAPIDO,Mecha Ezeta MAX Acero Rápido,"9,00",,,,5000,3.52,42
143383,MECHAS ACERO RAPIDO,Mecha Ezeta MAX Acero Rápido,"9,25",,,,4950,3.49,42
143384,MECHAS ACERO RAPIDO,Mecha Ezeta MAX Acero Rápido,"9,50",,,,5100,3.59,42
143385,MECHAS ACERO RAPIDO,Mecha Ezeta MAX Acero Rápido,"9,75",,,,5450,3.84,42
143386,MECHAS ACERO RAPIDO,Mecha Ezeta MAX Acero Rápido,"10,00",,,,5600,3.94,42
143387,MECHAS ACERO RAPIDO,Mecha Ezeta MAX Acero Rápido,"10,25",,,,4900,3.45,42
143388,MECHAS ACERO RAPIDO,Mecha Ezeta MAX Acero Rápido,"10,50",,,,5450,3.84,42
143389,MECHAS ACERO RAPIDO,Mecha Ezeta MAX Acero Rápido,"10,75",,,,5250,3.70,42
143390,MECHAS ACERO RAPIDO,Mecha Ezeta MAX Acero Rápido,"11,00",,,,4750,3.35,42
143391,MECHAS ACERO RAPIDO,Mecha Ezeta MAX Acero Rápido,"11,25",,,,4950,3.49,42
143392,MECHAS ACERO RAPIDO,Mecha Ezeta MAX Acero Rápido,"11,50",,,,4500,3.17,42
143393,MECHAS ACERO RAPIDO,Mecha Ezeta MAX Acero Rápido,"11,75",,,,4350,3.06,42
143394,MECHAS ACERO RAPIDO,Mecha Ezeta MAX Acero Rápido,"12,00",,,,4400,3.10,42
143400,MECHAS ACERO RAPIDO,Mecha Ezeta Acero Rápido Doble Punta,"2,50",,,,5600,3.94,42
143401,MECHAS ACERO RAPIDO,Mecha Ezeta Acero Rápido Doble Punta,"3,30",,,,4750,3.35,42
143402,MECHAS ACERO RAPIDO,Mecha Ezeta Acero Rápido Doble Punta,"3,60",,,,5300,3.73,42
143403,MECHAS ACERO RAPIDO,Mecha Ezeta Acero Rápido Doble Punta,"4,20",,,,5000,3.52,42
143404,MECHAS ACERO RAPIDO,Mecha Ezeta Acero Rápido Doble Punta,"4,90",,,,4500,3.17,42
143405,MECHAS ACERO RAPIDO,Mecha Ezeta Acero Rápido Doble Punta,"5,10",,,,4600,3.24,42
143406,MECHAS ACERO RAPIDO,Mecha Ezeta Acero Rápido Doble Punta,"6,10",,,,4900,3.45,42
143500,MECHAS ACERO RAPIDO,Broca de Centrar TZN,"1,00",,,,4900,3.45,42
143501,MECHAS ACERO RAPIDO,Broca de Centrar TZN,"1,25",,,,5050,3.56,42
143502,MECHAS ACERO RAPIDO,Broca de Centrar TZN,"1,60",,,,4500,3.17,42
143503,MECHAS ACERO RAPIDO,Broca de Centrar TZN,"2,00",,,,4800,3.38,42
143504,MECHAS ACERO RAPIDO,Broca de Centrar TZN,"2,50",,,,4650,3.27,42
143505,MECHAS ACERO RAPIDO,Broca de Centrar TZN,"3,15",,,,4850,3.42,42
143506,MECHAS ACERO RAPIDO,Broca de Centrar TZN,"4,00",,,,4750,3.35,42
143507,MECHAS ACERO RAPIDO,Broca de Centrar TZN,"5,00",,,,5150,3.63,42
143508,MECHAS ACERO RAPIDO,Broca de Centrar TZN,"6,00",,,,5450,3.84,42
143612,JUEGOS DE MECHAS,Mecha TKN de Cabo Cónico,"8,00",,,,23000,16.20,44
143613,JUEGOS DE MECHAS,Mecha TKN de Cabo Cónico,"8,25",,,,19100,13.45,44
143614,JUEGOS DE MECHAS,Mecha TKN de Cabo Cónico,"8,50",,,,19300,13.59,44
143615,JUEGOS DE MECHAS,Mecha TKN de Cabo Cónico,"8,75",,,,23200,16.34,44
143616,JUEGOS DE MECHAS,Mecha TKN de Cabo Cónico,"9,00",,,,20600,14.51,44
143617,JUEGOS DE MECHAS,Mecha TKN de Cabo Cónico,"9,25",,,,23500,16.55,44
143618,JUEGOS DE MECHAS,Mecha TKN de Cabo Cónico,"9,50",,,,23000,16.20,44
143619,JUEGOS DE MECHAS,Mecha TKN de Cabo Cónico,"9,75",,,,24700,17.39,44
143620,JUEGOS DE MECHAS,Mecha TKN de Cabo Cónico,"10,00",,,,24500,17.25,44
143621,JUEGOS DE MECHAS,Mecha TKN de Cabo Cónico,"10,25",,,,20900,14.72,44
143622,JUEGOS DE MECHAS,Mecha TKN de Cabo Cónico,"10,50",,,,22500,15.85,44
143623,JUEGOS DE MECHAS,Mecha TKN de Cabo Cónico,"10,75",,,,19600,13.80,44
143624,JUEGOS DE MECHAS,Mecha TKN de Cabo Cónico,"11,00",,,,21000,14.79,44
143625,JUEGOS DE MECHAS,Mecha TKN de Cabo Cónico,"11,25",,,,25100,17.68,44
143626,JUEGOS DE MECHAS,Mecha TKN de Cabo Cónico,"11,50",,,,23300,16.41,44
143627,JUEGOS DE MECHAS,Mecha TKN de Cabo Cónico,"11,75",,,,21300,15.00,44
143628,JUEGOS DE MECHAS,Mecha TKN de Cabo Cónico,"12,00",,,,22600,15.92,44
143629,JUEGOS DE MECHAS,Mecha TKN de Cabo Cónico,"12,25",,,,24900,17.54,44
143630,JUEGOS DE MECHAS,Mecha TKN de Cabo Cónico,"12,50",,,,20700,14.58,44
143631,JUEGOS DE MECHAS,Mecha TKN de Cabo Cónico,"12,75",,,,21200,14.93,44
143632,JUEGOS DE MECHAS,Mecha TKN de Cabo Cónico,"13,00",,,,23900,16.83,44
143633,JUEGOS DE MECHAS,Mecha TKN de Cabo Cónico,"13,25",,,,24100,16.97,44
143634,JUEGOS DE MECHAS,Mecha TKN de Cabo Cónico,"13,50",,,,23100,16.27,44
143635,JUEGOS DE MECHAS,Mecha TKN de Cabo Cónico,"13,75",,,,24200,17.04,44
143636,JUEGOS DE MECHAS,Mecha TKN de Cabo Cónico,"14,00",,,,23600,16.62,44
143637,JUEGOS DE MECHAS,Mecha TKN de Cabo Cónico,"14,25",,,,23200,16.34,44
143638,JUEGOS DE MECHAS,Mecha TKN de Cabo Cónico,"14,50",,,,22200,15.63,44
143639,JUEGOS DE MECHAS,Mecha TKN de Cabo Cónico,"14,75",,,,23000,16.20,44
143640,JUEGOS DE MECHAS,Mecha TKN de Cabo Cónico,"15,00",,,,21500,15.14,44
143641,JUEGOS DE MECHAS,Mecha TKN de Cabo Cónico,"15,25",,,,21100,14.86,44
143642,JUEGOS DE MECHAS,Mecha TKN de Cabo Cónico,"15,50",,,,21100,14.86,44
143643,JUEGOS DE MECHAS,Mecha TKN de Cabo Cónico,"15,75",,,,19900,14.01,44
143644,JUEGOS DE MECHAS,Mecha TKN de Cabo Cónico,"16,00",,,,20100,14.15,44
143645,JUEGOS DE MECHAS,Mecha TKN de Cabo Cónico,"16,25",,,,25000,17.61,44
143646,JUEGOS DE MECHAS,Mecha TKN de Cabo Cónico,"16,50",,,,21900,15.42,44
143647,JUEGOS DE MECHAS,Mecha TKN de Cabo Cónico,"16,75",,,,20200,14.23,44
143648,JUEGOS DE MECHAS,Mecha TKN de Cabo Cónico,"17,00",,,,19600,13.80,44
143649,JUEGOS DE MECHAS,Mecha TKN de Cabo Cónico,"17,25",,,,19200,13.52,44
143650,JUEGOS DE MECHAS,Mecha TKN de Cabo Cónico,"17,50",,,,24300,17.11,44
143651,JUEGOS DE MECHAS,Mecha TKN de Cabo Cónico,"17,75",,,,19400,13.66,44
143652,JUEGOS DE MECHAS,Mecha TKN de Cabo Cónico,"18,00",,,,23800,16.76,44
143653,JUEGOS DE MECHAS,Mecha TKN de Cabo Cónico,"18,25",,,,24200,17.04,44
143654,JUEGOS DE MECHAS,Mecha TKN de Cabo Cónico,"18,50",,,,24500,17.25,44
143655,JUEGOS DE MECHAS,Mecha TKN de Cabo Cónico,"18,75",,,,18900,13.31,44
143656,JUEGOS DE MECHAS,Mecha TKN de Cabo Cónico,"19,00",,,,20900,14.72,44
143657,JUEGOS DE MECHAS,Mecha TKN de Cabo Cónico,"19,25",,,,23800,16.76,44
143658,JUEGOS DE MECHAS,Mecha TKN de Cabo Cónico,"19,50",,,,19600,13.80,44
143659,JUEGOS DE MECHAS,Mecha TKN de Cabo Cónico,"19,75",,,,21200,14.93,44
143660,JUEGOS DE MECHAS,Mecha TKN de Cabo Cónico,"20,00",,,,19800,13.94,44
143661,JUEGOS DE MECHAS,Mecha TKN de Cabo Cónico,"20,25",,,,24200,17.04,44
143662,JUEGOS DE MECHAS,Mecha TKN de Cabo Cónico,"20,50",,,,23800,16.76,44
143663,JUEGOS DE MECHAS,Mecha TKN de Cabo Cónico,"20,75",,,,24000,16.90,44
143664,JUEGOS DE MECHAS,Mecha TKN de Cabo Cónico,"21,00",,,,19800,13.94,44
143665,JUEGOS DE MECHAS,Mecha TKN de Cabo Cónico,"21,25",,,,21600,15.21,44
143666,JUEGOS DE MECHAS,Mecha TKN de Cabo Cónico,"21,50",,,,21400,15.07,44
143667,JUEGOS DE MECHAS,Mecha TKN de Cabo Cónico,"21,75",,,,23200,16.34,44
143668,JUEGOS DE MECHAS,Mecha TKN de Cabo Cónico,"22,00",,,,20300,14.30,44
143669,JUEGOS DE MECHAS,Mecha TKN de Cabo Cónico,"22,25",,,,21600,15.21,44
143670,JUEGOS DE MECHAS,Mecha TKN de Cabo Cónico,"22,50",,,,20600,14.51,44
143671,JUEGOS DE MECHAS,Mecha TKN de Cabo Cónico,"22,75",,,,23600,16.62,44
143672,JUEGOS DE MECHAS,Mecha TKN de Cabo Cónico,"23,00",,,,21700,15.28,44
143673,JUEGOS DE MECHAS,Mecha TKN de Cabo Cónico,"23,25",,,,22200,15.63,44
143674,JUEGOS DE MECHAS,Mecha TKN de Cabo Cónico,"23,50",,,,20700,14.58,44
143675,JUEGOS DE MECHAS,Mecha TKN de Cabo Cónico,"23,75",,,,24000,16.90,44
143676,JUEGOS DE MECHAS,Mecha TKN de Cabo Cónico,"24,00",,,,21800,15.35,44
143677,JUEGOS DE MECHAS,Mecha TKN de Cabo Cónico,"24,25",,,,24200,17.04,44
143678,JUEGOS DE MECHAS,Mecha TKN de Cabo Cónico,"24,50",,,,21100,14.86,44
143679,JUEGOS DE MECHAS,Mecha TKN de Cabo Cónico,"24,75",,,,25000,17.61,44
143680,JUEGOS DE MECHAS,Mecha TKN de Cabo Cónico,"25,00",,,,25200,17.75,44
143681,JUEGOS DE MECHAS,Mecha TKN de Cabo Cónico,"25,25",,,,21700,15.28,44
143682,JUEGOS DE MECHAS,Mecha TKN de Cabo Cónico,"25,50",,,,20600,14.51,44
143683,JUEGOS DE MECHAS,Mecha TKN de Cabo Cónico,"25,75",,,,21200,14.93,44
143684,JUEGOS DE MECHAS,Mecha TKN de Cabo Cónico,"26,00",,,,22200,15.63,44
143685,JUEGOS DE MECHAS,Mecha TKN de Cabo Cónico,"26,25",,,,25100,17.68,44
143686,JUEGOS DE MECHAS,Mecha TKN de Cabo Cónico,"26,50",,,,24100,16.97,44
143687,JUEGOS DE MECHAS,Mecha TKN de Cabo Cónico,"26,75",,,,24000,16.90,44
143688,JUEGOS DE MECHAS,Mecha TKN de Cabo Cónico,"27,00",,,,19600,13.80,44
143689,JUEGOS DE MECHAS,Mecha TKN de Cabo Cónico,"27,25",,,,20400,14.37,44
143690,JUEGOS DE MECHAS,Mecha TKN de Cabo Cónico,"27,50",,,,22900,16.13,44
143691,JUEGOS DE MECHAS,Mecha TKN de Cabo Cónico,"27,75",,,,24500,17.25,44
143692,JUEGOS DE MECHAS,Mecha TKN de Cabo Cónico,"28,00",,,,22400,15.77,44
143693,JUEGOS DE MECHAS,Mecha TKN de Cabo Cónico,"28,25",,,,19400,13.66,44
143694,JUEGOS DE MECHAS,Mecha TKN de Cabo Cónico,"28,50",,,,24300,17.11,44
143695,JUEGOS DE MECHAS,Mecha TKN de Cabo Cónico,"28,75",,,,24300,17.11,44
143696,JUEGOS DE MECHAS,Mecha TKN de Cabo Cónico,"29,00",,,,20600,14.51,44
143697,JUEGOS DE MECHAS,Mecha TKN de Cabo Cónico,"29,75",,,,23700,16.69,44
143698,JUEGOS DE MECHAS,Mecha TKN de Cabo Cónico,"29,25",,,,20500,14.44,44
143699,JUEGOS DE MECHAS,Mecha TKN de Cabo Cónico,"29,50",,,,24700,17.39,44
143700,JUEGOS DE MECHAS,Mecha TKN de Cabo Cónico,"30,00",,,,19700,13.87,44
143701,JUEGOS DE MECHAS,Mecha TKN de Cabo Cónico,"30,25",,,,21600,15.21,44
143702,JUEGOS DE MECHAS,Mecha TKN de Cabo Cónico,"30,50",,,,24900,17.54,44
143703,JUEGOS DE MECHAS,Mecha TKN de Cabo Cónico,"30,75",,,,20200,14.23,44
143704,JUEGOS DE MECHAS,Mecha TKN de Cabo Cónico,"31,00",,,,21700,15.28,44
143705,JUEGOS DE MECHAS,Mecha TKN de Cabo Cónico,"31,25",,,,21000,14.79,44
143706,JUEGOS DE MECHAS,Mecha TKN de Cabo Cónico,"31,50",,,,18900,13.31,44
143707,JUEGOS DE MECHAS,Mecha TKN de Cabo Cónico,"31,75",,,,19100,13.45,44
143708,JUEGOS DE MECHAS,Mecha TKN de Cabo Cónico,"32,00",,,,22000,15.49,44
143709,JUEGOS DE MECHAS,Mecha TKN de Cabo Cónico,"32,25",,,,20300,14.30,44
143710,JUEGOS DE MECHAS,Mecha TKN de Cabo Cónico,"32,50",,,,25300,17.82,44
143711,JUEGOS DE MECHAS,Mecha TKN de Cabo Cónico,"32,75",,,,21200,14.93,44
143712,JUEGOS DE MECHAS,Mecha TKN de Cabo Cónico,"33,00",,,,18900,13.31,44
143713,JUEGOS DE MECHAS,Mecha TKN de Cabo Cónico,"33,25",,,,24800,17.46,44
143714,JUEGOS DE MECHAS,Mecha TKN de Cabo Cónico,"33,50",,,,24200,17.04,44
143715,JUEGOS DE MECHAS,Mecha TKN de Cabo Cónico,"33,75",,,,23000,16.20,44
143716,JUEGOS DE MECHAS,Mecha TKN de Cabo Cónico,"34,00",,,,23900,16.83,44
143717,JUEGOS DE MECHAS,Mecha TKN de Cabo Cónico,"34,25",,,,19600,13.80,44
143718,JUEGOS DE MECHAS,Mecha TKN de Cabo Cónico,"34,50",,,,20600,14.51,44
143719,JUEGOS DE MECHAS,Mecha TKN de Cabo Cónico,"34,75",,,,24200,17.04,44
143720,JUEGOS DE MECHAS,Mecha TKN de Cabo Cónico,"35,00",,,,23300,16.41,44
143721,JUEGOS DE MECHAS,Mecha TKN de Cabo Cónico,"35,25",,,,19600,13.80,44
143722,JUEGOS DE MECHAS,Mecha TKN de Cabo Cónico,"35,50",,,,23400,16.48,44
143723,JUEGOS DE MECHAS,Mecha TKN de Cabo Cónico,"35,75",,,,21700,15.28,44
143724,JUEGOS DE MECHAS,Mecha TKN de Cabo Cónico,"36,00",,,,18700,13.17,44
143725,JUEGOS DE MECHAS,Mecha TKN de Cabo Cónico,"36,25",,,,19200,13.52,44
143726,JUEGOS DE MECHAS,Mecha TKN de Cabo Cónico,"36,50",,,,20400,14.37,44
143727,JUEGOS DE MECHAS,Mecha TKN de Cabo Cónico,"36,75",,,,24200,17.04,44
143728,JUEGOS DE MECHAS,Mecha TKN de Cabo Cónico,"37,00",,,,22300,15.70,44
143729,JUEGOS DE MECHAS,Mecha TKN de Cabo Cónico,"37,25",,,,23500,16.55,44
143730,JUEGOS DE MECHAS,Mecha TKN de Cabo Cónico,"37,50",,,,22200,15.63,44
143731,JUEGOS DE MECHAS,Mecha TKN de Cabo Cónico,"37,75",,,,19400,13.66,44
143732,JUEGOS DE MECHAS,Mecha TKN de Cabo Cónico,"38,00",,,,20600,14.51,44
143733,JUEGOS DE MECHAS,Mecha TKN de Cabo Cónico,"38,25",,,,20700,14.58,44
143734,JUEGOS DE MECHAS,Mecha TKN de Cabo Cónico,"38,50",,,,19000,13.38,44
143735,JUEGOS DE MECHAS,Mecha TKN de Cabo Cónico,"38,75",,,,21500,15.14,44
143736,JUEGOS DE MECHAS,Mecha TKN de Cabo Cónico,"39,00",,,,23900,16.83,44
143737,JUEGOS DE MECHAS,Mecha TKN de Cabo Cónico,"39,25",,,,21700,15.28,44
143738,JUEGOS DE MECHAS,Mecha TKN de Cabo Cónico,"39,50",,,,19400,13.66,44
143739,JUEGOS DE MECHAS,Mecha TKN de Cabo Cónico,"39,75",,,,24700,17.39,44
143740,JUEGOS DE MECHAS,Mecha TKN de Cabo Cónico,"40,00",,,,22600,15.92,44
143741,JUEGOS DE MECHAS,Mecha TKN de Cabo Cónico,"40,25",,,,18800,13.24,44
143742,JUEGOS DE MECHAS,Mecha TKN de Cabo Cónico,"40,50",,,,22100,15.56,44
143743,JUEGOS DE MECHAS,Mecha TKN de Cabo Cónico,"40,75",,,,20300,14.30,44
143744,JUEGOS DE MECHAS,Mecha TKN de Cabo Cónico,"41,00",,,,19600,13.80,44
143745,JUEGOS DE MECHAS,Mecha TKN de Cabo Cónico,"41,25",,,,21500,15.14,44
143746,JUEGOS DE MECHAS,Mecha TKN de Cabo Cónico,"41,50",,,,22800,16.06,44
143747,JUEGOS DE MECHAS,Mecha TKN de Cabo Cónico,"41,75",,,,20300,14.30,44
143748,JUEGOS DE MECHAS,Mecha TKN de Cabo Cónico,"42,00",,,,21400,15.07,44
143749,JUEGOS DE MECHAS,Mecha TKN de Cabo Cónico,"42,25",,,,23100,16.27,44
143750,JUEGOS DE MECHAS,Mecha TKN de Cabo Cónico,"42,50",,,,19300,13.59,44
143751,JUEGOS DE MECHAS,Mecha TKN de Cabo Cónico,"42,75",,,,25100,17.68,44
143752,JUEGOS DE MECHAS,Mecha TKN de Cabo Cónico,"43,00",,,,19100,13.45,44
143753,JUEGOS DE MECHAS,Mecha TKN de Cabo Cónico,"43,25",,,,22200,15.63,44
143754,JUEGOS DE MECHAS,Mecha TKN de Cabo Cónico,"43,50",,,,22000,15.49,44
143755,JUEGOS DE MECHAS,Mecha TKN de Cabo Cónico,"43,75",,,,25200,17.75,44
143756,JUEGOS DE MECHAS,Mecha TKN de Cabo Cónico,"44,00",,,,22400,15.77,44
143757,JUEGOS DE MECHAS,Mecha TKN de Cabo Cónico,"44,25",,,,21300,15.00,44
143758,JUEGOS DE MECHAS,Mecha TKN de Cabo Cónico,"44,50",,,,21800,15.35,44
143759,JUEGOS DE MECHAS,Mecha TKN de Cabo Cónico,"44,75",,,,22900,16.13,44
143760,JUEGOS DE MECHAS,Mecha TKN de Cabo Cónico,"45,00",,,,25200,17.75,44
143761,JUEGOS DE MECHAS,Mecha TKN de Cabo Cónico,"45,25",,,,20400,14.37,44
143762,JUEGOS DE MECHAS,Mecha TKN de Cabo Cónico,"45,50",,,,18800,13.24,44
143763,JUEGOS DE MECHAS,Mecha TKN de Cabo Cónico,"45,75",,,,23900,16.83,44
143764,JUEGOS DE MECHAS,Mecha TKN de Cabo Cónico,"46,00",,,,21000,14.79,44
143765,JUEGOS DE MECHAS,Mecha TKN de Cabo Cónico,"46,25",,,,23500,16.55,44
143766,JUEGOS DE MECHAS,Mecha TKN de Cabo Cónico,"46,50",,,,22800,16.06,44
143767,JUEGOS DE MECHAS,Mecha TKN de Cabo Cónico,"46,75",,,,23800,16.76,44
143768,JUEGOS DE MECHAS,Mecha TKN de Cabo Cónico,"47,00",,,,23600,16.62,44
143769,JUEGOS DE MECHAS,Mecha TKN de Cabo Cónico,"47,25",,,,20900,14.72,44
143770,JUEGOS DE MECHAS,Mecha TKN de Cabo Cónico,"47,50",,,,19000,13.38,44
143771,JUEGOS DE MECHAS,Mecha TKN de Cabo Cónico,"47,75",,,,22300,15.70,44
143772,JUEGOS DE MECHAS,Mecha TKN de Cabo Cónico,"48,00",,,,24100,16.97,44
143773,JUEGOS DE MECHAS,Mecha TKN de Cabo Cónico,"48,25",,,,19900,14.01,44
143774,JUEGOS DE MECHAS,Mecha TKN de Cabo Cónico,"48,50",,,,23800,16.76,44
143775,JUEGOS DE MECHAS,Mecha TKN de Cabo Cónico,"48,75",,,,21800,15.35,44
143776,JUEGOS DE MECHAS,Mecha TKN de Cabo Cónico,"49,00",,,,23300,16.41,44
143777,JUEGOS DE MECHAS,Mecha TKN de Cabo Cónico,"49,25",,,,22900,16.13,44
143778,JUEGOS DE MECHAS,Mecha TKN de Cabo Cónico,"49,50",,,,24100,16.97,44
143779,JUEGOS DE MECHAS,Mecha TKN de Cabo Cónico,"49,75",,,,19100,13.45,44
143780,JUEGOS DE MECHAS,Mecha TKN de Cabo Cónico,"50,00",,,,23800,16.76,44
143782,JUEGOS DE MECHAS,Mecha TKN de Cabo Cónico,"56,00",,,,21700,15.28,44
143800,JUEGOS DE MECHAS,Fresa Frontal de 4 Puntas FGCN,"3,00",,,,20600,14.51,44
143801,JUEGOS DE MECHAS,Fresa Frontal de 4 Puntas FGCN,"4,00",,,,19000,13.38,44
143802,JUEGOS DE MECHAS,Fresa Frontal de 4 Puntas FGCN,"5,00",,,,20000,14.08,44
143803,JUEGOS DE MECHAS,Fresa Frontal de 4 Puntas FGCN,"6,00",,,,19000,13.38,44
143804,JUEGOS DE MECHAS,Fresa Frontal de 4 Puntas FGCN,"7,00",,,,24900,17.54,44
143805,JUEGOS DE MECHAS,Fresa Frontal de 4 Puntas FGCN,"8,00",,,,22100,15.56,44
143806,JUEGOS DE MECHAS,Fresa Frontal de 4 Puntas FGCN,"9,00",,,,25200,17.75,44
143807,JUEGOS DE MECHAS,Fresa Frontal de 4 Puntas FGCN,"10,00",,,,22300,15.70,44
143808,JUEGOS DE MECHAS,Fresa Frontal de 4 Puntas FGCN,"11,00",,,,20400,14.37,44
143809,JUEGOS DE MECHAS,Fresa Frontal de 4 Puntas FGCN,"12,00",,,,23700,16.69,44
143810,JUEGOS DE MECHAS,Fresa Frontal de 4 Puntas FGCN,"13,00",,,,20000,14.08,44
143811,JUEGOS DE MECHAS,Fresa Frontal de 4 Puntas FGCN,"14,00",,,,21100,14.86,44
143812,JUEGOS DE MECHAS,Fresa Frontal de 4 Puntas FGCN,"15,00",,,,23900,16.83,44
143813,JUEGOS DE MECHAS,Fresa Frontal de 4 Puntas FGCN,"16,00",,,,24400,17.18,44
143814,JUEGOS DE MECHAS,Fresa Frontal de 4 Puntas FGCN,"17,00",,,,20900,14.72,44
143815,JUEGOS DE MECHAS,Fresa Frontal de 4 Puntas FGCN,"18,00",,,,19500,13.73,44
143816,JUEGOS DE MECHAS,Fresa Frontal de 4 Puntas FGCN,"19,00",,,,21100,14.86,44
143817,JUEGOS DE MECHAS,Fresa Frontal de 4 Puntas FGCN,"20,00",,,,24600,17.32,44
143818,JUEGOS DE MECHAS,Fresa Frontal de 4 Puntas FGCN,"7,50",,,,23600,16.62,44
143819,JUEGOS DE MECHAS,Fresa Frontal de 4 Puntas FGCN,"3,50",,,,24600,17.32,44
143826,JUEGOS DE MECHAS,Mecha Acero Rápido TCC de 2 - 3 - 4 - 5 - 6 - 7 - 8 - 9 y 10 mm,Blíster 3+3 Mechas Acero Rápido y Widia - Blíster,Blíster 3+3 Mechas Acero Rápido y Widia,,,21300,15.00,43
143827,JUEGOS DE MECHAS,Mecha Acero Rápido TCC de 1 - 1.50 - 2 - 2.50 - 3 - 3.50 - 4 - 4.50,Blíster 5 Mechas Acero Rápido - Blíster,Blíster 5 Mechas Acero Rápido,,,25100,17.68,43
143828,JUEGOS DE MECHAS,Mecha Acero Rápido TCC de 2.50 - 3 - 4 - 5 y 6 mm,Blíster 5 Mechas Acero Rápido - Blíster,Blíster 5 Mechas Acero Rápido,,,22000,15.49,43
143829,JUEGOS DE MECHAS,Mecha Acero Rápido TCC de 4 - 6 - 7 - 8 y 10 mm,Blíster 9 Mechas Acero Rápido - Blíster,Blíster 9 Mechas Acero Rápido,,,22000,15.49,43
143887,JUEGOS DE MECHAS,Mecha Pta. Widia de 4 - 5 y 6 mm,Juego 4 Mechas Punta de Widia - Jgo,Juego 4 Mechas Punta de Widia,,,24800,17.46,43
143901,JUEGOS DE MECHAS,"Mecha Acero Rápido TCC de 2 - 3 - 4, 5 y 6 mm",Contenedor -Juego 11 Mechas Acero Rápido - Jgo,Contenedor -Juego 11 Mechas Acero Rápido,,,22100,15.56,43
143902,JUEGOS DE MECHAS,"Mecha Acero Rápido TCC de 2 - 3 - 4, 5 y 6 mm",Contenedor -Juego 19 Mechas Acero Rápido - Jgo,Contenedor -Juego 19 Mechas Acero Rápido,,,24000,16.90,43
143903,JUEGOS DE MECHAS,,Contenedor -Juego 6 Mechas Acero Rápido - Jgo,Contenedor -Juego 6 Mechas Acero Rápido,,,23500,16.55,43
143904,MECHAS ACERO RAPIDO,Mecha Ezeta MAX Acero Rápido,Exhibidor Chico Max Acero Rápido,,c/u,,4350,3.06,42
143909,JUEGOS DE MECHAS,Mecha Acero Rápido TCC de 1 - 1.50 - 2 - 2.50 - 3 - 3.50 - 4 - 4.50,Contenedor -Juego 25 Mechas Acero Rápido - Jgo,Contenedor -Juego 25 Mechas Acero Rápido,,,22700,15.99,43
143910,MECHAS ACERO RAPIDO,Mecha Ezeta MAX Acero Rápido,Exhibidor Grande Acero Rápido,,c/u,,5500,3.87,42
143912,MECHAS ACERO RAPIDO,Mecha Ezeta MAX Acero Rápido,Exhibidor Chico Acero Rápido,,c/u,,5050,3.56,42
143913,JUEGOS DE MECHAS,Mecha Ezeta Widia Larga - 400 mm,22,,,,20800,14.65,43
143932,JUEGOS DE MECHAS,Mecha TKN de Cabo Cónico,"51,00",,,,19200,13.52,44
144001,MANIJAS TIPO MINISTERIO PARA PUERTA,"PASADORES, CADENAS DE SEGURIDAD y RETENES",N°3 - 35 mm,35 mm,c/u,12,48700,34.30,22
144002,MANIJAS TIPO MINISTERIO PARA PUERTA,"PASADORES, CADENAS DE SEGURIDAD y RETENES",N°1 - 50 mm,50 mm,c/u,12,46000,32.39,22
144003,MANIJAS TIPO MINISTERIO PARA PUERTA,"PASADORES, CADENAS DE SEGURIDAD y RETENES",N°1 - 60x45 mm,60x45 mm,c/u,12,48300,34.01,22
144004,MANIJAS TIPO MINISTERIO PARA PUERTA,"PASADORES, CADENAS DE SEGURIDAD y RETENES",N°1 - 60x45 mm,60x45 mm,c/u,12,46900,33.03,22
144005,MANIJAS TIPO MINISTERIO PARA PUERTA,"PASADORES, CADENAS DE SEGURIDAD y RETENES",N°2 - 45x35 mm,45x35 mm,c/u,12,48900,34.44,22
144006,MANIJAS TIPO MINISTERIO PARA PUERTA,"PASADORES, CADENAS DE SEGURIDAD y RETENES",N°2 - 45x35 mm,45x35 mm,c/u,12,46400,32.68,22
144007,MANIJAS TIPO MINISTERIO PARA PUERTA,"PASADORES, CADENAS DE SEGURIDAD y RETENES",N°3 - 35x35 mm,35x35 mm,c/u,12,44000,30.99,22
144008,MANIJAS TIPO MINISTERIO PARA PUERTA,"PASADORES, CADENAS DE SEGURIDAD y RETENES",N°3 - 35x35 mm,35x35 mm,c/u,12,50300,35.42,22
144009,MANIJAS TIPO MINISTERIO PARA PUERTA,"PASADORES, CADENAS DE SEGURIDAD y RETENES",N°0 - 80x50 mm,80x50 mm,c/u,12,46400,32.68,22
144010,MANIJAS TIPO MINISTERIO PARA PUERTA,"PASADORES, CADENAS DE SEGURIDAD y RETENES",N°0 - 80x50 mm,80x50 mm,c/u,12,51300,36.13,22
144011,MANIJAS TIPO MINISTERIO PARA PUERTA,"PASADORES, CADENAS DE SEGURIDAD y RETENES",N°1 - 60x45 mm,60x45 mm,c/u,12,45800,32.25,22
144012,MANIJAS TIPO MINISTERIO PARA PUERTA,"PASADORES, CADENAS DE SEGURIDAD y RETENES",Niquelado,,c/u,12,40000,28.17,22
144013,MANIJAS TIPO MINISTERIO PARA PUERTA,"PASADORES, CADENAS DE SEGURIDAD y RETENES",Bronceado,,c/u,12,39700,27.96,22
144016,MANIJAS TIPO MINISTERIO PARA PUERTA,"PASADORES, CADENAS DE SEGURIDAD y RETENES",N°2 - 45x35 mm,45x35 mm,c/u,12,44300,31.20,22
144017,MANIJAS TIPO MINISTERIO PARA PUERTA,"PASADORES, CADENAS DE SEGURIDAD y RETENES",N°0 - 80x50 mm,80x50 mm,c/u,12,48500,34.15,22
144018,MANIJAS TIPO MINISTERIO PARA PUERTA,"PASADORES, CADENAS DE SEGURIDAD y RETENES",N°3 - 35x35 mm,35x35 mm,c/u,12,46500,32.75,22
144021,MANIJAS TIPO MINISTERIO PARA PUERTA,"PASADORES, CADENAS DE SEGURIDAD y RETENES",Doc. - 10,,,,38200,26.90,22
144022,MANIJAS TIPO MINISTERIO PARA PUERTA,"PASADORES, CADENAS DE SEGURIDAD y RETENES",41x15 mm Doc. - 10,41x15 mm Doc.,,,48900,34.44,22
144023,MANIJAS TIPO MINISTERIO PARA PUERTA,"PASADORES, CADENAS DE SEGURIDAD y RETENES",60x16 mm - Doc. - 10 - Respiradero Ø 45 mm,60x16 mm,,,50900,35.85,22
144031,MANIJAS TIPO MINISTERIO PARA PUERTA,"PASADORES, CADENAS DE SEGURIDAD y RETENES",N°0 - 57 mm,57 mm,c/u,12,44800,31.55,22
144032,MANIJAS TIPO MINISTERIO PARA PUERTA,"PASADORES, CADENAS DE SEGURIDAD y RETENES",N°2 - 47 mm,47 mm,c/u,12,48300,34.01,22
144033,MANIJAS TIPO MINISTERIO PARA PUERTA,"PASADORES, CADENAS DE SEGURIDAD y RETENES",N°0 - 57 mm,57 mm,c/u,12,49600,34.93,22
144034,MANIJAS TIPO MINISTERIO PARA PUERTA,"PASADORES, CADENAS DE SEGURIDAD y RETENES",N°1 - 50 mm,50 mm,c/u,12,44000,30.99,22
144035,MANIJAS TIPO MINISTERIO PARA PUERTA,"PASADORES, CADENAS DE SEGURIDAD y RETENES",N°2 - 47 mm,47 mm,c/u,12,44200,31.13,22
144036,MANIJAS TIPO MINISTERIO PARA PUERTA,"PASADORES, CADENAS DE SEGURIDAD y RETENES",N°3 - 35 mm,35 mm,c/u,12,49600,34.93,22
145001,ASPIRADORAS,Cabo de Madera,"Cabo Para Pala de 1,20 Metro","Cabo Para Pala de 1,20 Metro",c/u,12,173000,121.83,85
145002,ASPIRADORAS,Cabo de Madera,"Cabo Para Pala de 0,70 Mts - Empuñadura Metálica","Cabo Para Pala de 0,70 Mts - Empuñadura Metálica",c/u,12,225500,158.80,85
145003,ASPIRADORAS,Cabo de Madera,"Cabo Para Hacha de 0,90 Metro","Cabo Para Hacha de 0,90 Metro",c/u,12,183500,129.23,85
145004,ASPIRADORAS,Cabo de Madera,"Cabo Para Maza de 0,90 Metro","Cabo Para Maza de 0,90 Metro",c/u,12,185500,130.63,85
145005,ASPIRADORAS,Cabo de Madera,"Cabo Para Maza de 0,60 Metro","Cabo Para Maza de 0,60 Metro",c/u,12,189500,133.45,85
145006,ASPIRADORAS,Cabo de Madera,"Cabo Para Azada de 1,50 Metro","Cabo Para Azada de 1,50 Metro",c/u,12,204000,143.66,85
145007,ASPIRADORAS,Cabo de Madera,"Cabo Para Pico de 0,90 Metro","Cabo Para Pico de 0,90 Metro",c/u,12,173000,121.83,85
145008,ASPIRADORAS,Cabo de Madera,"Cabo Para Horquilla de 1,50 Metro","Cabo Para Horquilla de 1,50 Metro",c/u,12,194000,136.62,85
145009,ASPIRADORAS,Cabo de Madera,Cabo Para Hachita de Mano Tipo Vizcaína,,c/u,12,184000,129.58,85
145011,ASPIRADORAS,Cabo de Madera,"Cabo Para Rastrillo de 1,35 Metro","Cabo Para Rastrillo de 1,35 Metro",c/u,12,181500,127.82,85
145012,ASPIRADORAS,Cabo de Madera,Cabo Para Martillo Galponero,,c/u,12,174500,122.89,85
145013,ASPIRADORAS,Cabo de Madera,"Cabo Para Martillo de 0,30 Metro","Cabo Para Martillo de 0,30 Metro",c/u,12,188000,132.39,85
145014,ASPIRADORAS,Cabo de Madera,"Cabo Para Martillo de 0,40 Metro","Cabo Para Martillo de 0,40 Metro",c/u,12,166500,117.25,85
145015,ASPIRADORAS,Cabo de Madera,"Cabo Para Maza de 0,30 Metro","Cabo Para Maza de 0,30 Metro",c/u,12,159000,111.97,85
145016,ASPIRADORAS,Cabo de Madera,"Cabo Para Maza de 0,40 Metro","Cabo Para Maza de 0,40 Metro",c/u,12,192500,135.56,85
145017,ASPIRADORAS,Cabo de Madera,"Cabo Para Pala de 0,70 Mts - Empuñadura Plástica","Cabo Para Pala de 0,70 Mts - Empuñadura Plástica",c/u,12,230000,161.97,85
145018,ASPIRADORAS,Cabo de Madera,"Cabo Para Hacha de 0,90 Metro - Labrado","Cabo Para Hacha de 0,90 Metro - Labrado",c/u,12,174000,122.54,85
147001,COLAS SINTETICA,Cemento de Contacto 101,Cemento de Contacto Fanacola 90 x 40 Grs - Pomo 24,Cemento de Contacto Fanacola 90 x 40 Grs,,,8150,5.74,99
147002,COLAS SINTETICA,Cemento de Contacto 101,Cemento de Contacto Fanacola 90 x 100 Grs - Lata - 40,Cemento de Contacto Fanacola 90 x 100 Grs,,,7450,5.25,99
147003,COLAS SINTETICA,Cemento de Contacto 101,Cemento de Contacto Fanacola 90 x 200 Grs - Lata - 24,Cemento de Contacto Fanacola 90 x 200 Grs,,,7400,5.21,99
147004,COLAS SINTETICA,Cemento de Contacto 101,Cemento de Contacto Fanacola 90 x 400 Grs - Lata - 24,Cemento de Contacto Fanacola 90 x 400 Grs,,,7850,5.53,99
147005,COLAS SINTETICA,Cemento de Contacto 101,Cemento de Contacto Fanacola 90 x 750 Grs - Lata - 12,Cemento de Contacto Fanacola 90 x 750 Grs,,,9200,6.48,99
147006,COLAS SINTETICA,Cemento de Contacto 101,Cemento de Contacto Fanacola 90 x 2800 Grs - Lata - 4,Cemento de Contacto Fanacola 90 x 2800 Grs,,,7500,5.28,99
147010,COLAS SINTETICA,Cola Sintética - Fanacola 1011,Cola Sintética Fanacola 1011 x 1/4 Kilogramo - Lata - 24,,,,9000,6.34,99
147011,COLAS SINTETICA,Cola Sintética - Fanacola 1011,Cola Sintética Fanacola 1011 x 1/2 Kilogramo - Lata - 24,,,,8000,5.63,99
147012,COLAS SINTETICA,Cola Sintética - Fanacola 1011,Cola Sintética Fanacola 1011 x 1 Kilogramo - Lata - 12,,,,7100,5.00,99
147013,COLAS SINTETICA,Cola Sintética - Fanacola 1011,Cola Sintética Fanacola 1011 x 4 Kilogramos - Lata - 4,,,,8850,6.23,99
147016,COLAS SINTETICA,Cola Sintética En Pomo,Cola Sintética Fanacola en Pomo x 125 Gramos - Pomo 24,Cola Sintética Fanacola en Pomo x 125 Gramos,,,7900,5.56,99
147017,COLAS SINTETICA,Cola Sintética En Pomo,Cola Sintética Fanacola en Pomo x 250 Gramos - Pomo 24,Cola Sintética Fanacola en Pomo x 250 Gramos,,,8950,6.30,99
147018,COLAS SINTETICA,Cola Sintética En Pomo,Cola Sintética Fanacola en Pomo x 500 Gramos - Pomo 24,Cola Sintética Fanacola en Pomo x 500 Gramos,,,7850,5.53,99
147019,COLAS SINTETICA,Cola Sintética En Pomo,Cola Sintética Fanacola en Pomo x 1000 Gramos - Pomo 12,Cola Sintética Fanacola en Pomo x 1000 Gramos,,,7000,4.93,99
150142,TEJIDOS MEDIA SOMBRA,Contenido    250 cc      500 cc     1 Litro   4 Litros,,,,,42200,29.72,93
150143,TEJIDOS MEDIA SOMBRA,Contenido    250 cc      500 cc     1 Litro   4 Litros,,,,,44100,31.06,93
150144,TEJIDOS MEDIA SOMBRA,Contenido    250 cc      500 cc     1 Litro   4 Litros,,,,,37800,26.62,93
150145,TEJIDOS MEDIA SOMBRA,Contenido    250 cc      500 cc     1 Litro   4 Litros,,,,,38200,26.90,93
150150,TEJIDOS MEDIA SOMBRA,Tipo,,,,,34800,24.51,93
150151,TEJIDOS MEDIA SOMBRA,Tipo,,,,,40500,28.52,93
150152,TEJIDOS MEDIA SOMBRA,Tipo,,,,,44700,31.48,93
150153,TEJIDOS MEDIA SOMBRA,Tipo,,,,,44200,31.13,93
150154,TEJIDOS MEDIA SOMBRA,Tipo,,,,,42500,29.93,93
150156,TEJIDOS MEDIA SOMBRA,Tipo,,,,,45100,31.76,93
150157,TEJIDOS MEDIA SOMBRA,Tipo,,,,,41700,29.37,93
150158,TEJIDOS MEDIA SOMBRA,Tipo,,,,,43500,30.63,93
150196,TEJIDOS MEDIA SOMBRA,Contenido      1 Litro   4 Litros,,,,,40100,28.24,93
150197,TEJIDOS MEDIA SOMBRA,Contenido      1 Litro   4 Litros,,,,,35500,25.00,93
150198,TEJIDOS MEDIA SOMBRA,Contenido      1 Litro   4 Litros,,,,,36400,25.63,93
150199,TEJIDOS MEDIA SOMBRA,Contenido      1 Litro   4 Litros,,,,,35700,25.14,93
150204,TEJIDOS MEDIA SOMBRA,Contenido      1 Litro   4 Litros,,,,,43500,30.63,93
150205,TEJIDOS MEDIA SOMBRA,Fijador Sellador,Fijador Sellador x 4 Litros - Lata,,,,34300,24.15,94
150206,TEJIDOS MEDIA SOMBRA,Fijador Sellador,Fijador Sellador x 10 Litros - Lata,,,,40600,28.59,94
150207,TEJIDOS MEDIA SOMBRA,Fijador Sellador,Fijador Sellador x 20 Litros - Lata,,,,38400,27.04,94
150208,TEJIDOS MEDIA SOMBRA,"Enduido Interior - ""Acuarel""",Enduido x 1 Litro - Lata,,,,43600,30.70,94
150209,TEJIDOS MEDIA SOMBRA,"Enduido Interior - ""Acuarel""",Enduido x 4 Litros - Lata,,,,40600,28.59,94
150210,TEJIDOS MEDIA SOMBRA,"Enduido Interior - ""Acuarel""",Enduido x 10 Litros - Lata,,,,41300,29.08,94
150211,TEJIDOS MEDIA SOMBRA,"Enduido Interior - ""Acuarel""",Enduido x 20 Litros - Lata,,,,35000,24.65,94
150226,TEJIDOS MEDIA SOMBRA,Entonador x 120 cc,,,,,37700,26.55,94
150227,TEJIDOS MEDIA SOMBRA,Entonador x 120 cc,,,,,46000,32.39,94
150228,TEJIDOS MEDIA SOMBRA,Entonador x 120 cc,,,,,42600,30.00,94
150229,TEJIDOS MEDIA SOMBRA,Entonador x 120 cc,,,,,40300,28.38,94
150230,TEJIDOS MEDIA SOMBRA,Entonador x 120 cc,,,,,43200,30.42,94
150236,TEJIDOS MEDIA SOMBRA,Tipo,,,,,43900,30.92,93
150237,TEJIDOS MEDIA SOMBRA,Entonador x 120 cc,,,,,34900,24.58,94
150238,TEJIDOS MEDIA SOMBRA,Entonador x 120 cc,,,,,45700,32.18,94
150239,TEJIDOS MEDIA SOMBRA,Entonador x 120 cc,,,,,41700,29.37,94
150240,TEJIDOS MEDIA SOMBRA,Entonador x 120 cc,,,,,39400,27.75,94
150241,TEJIDOS MEDIA SOMBRA,Entonador x 120 cc,,,,,42200,29.72,94
150242,TEJIDOS MEDIA SOMBRA,Entonador x 120 cc,,,,,38100,26.83,94
150243,TEJIDOS MEDIA SOMBRA,Entonador x 120 cc,,,,,44500,31.34,94
150244,TEJIDOS MEDIA SOMBRA,Tipo,,,,,43400,30.56,93
150245,TEJIDOS MEDIA SOMBRA,Tipo,,,,,41700,29.37,93
150246,TEJIDOS MEDIA SOMBRA,Tipo,,,,,36200,25.49,93
150247,TEJIDOS MEDIA SOMBRA,Contenido      1 Litro   4 Litros,,,,,45600,32.11,93
150248,TEJIDOS MEDIA SOMBRA,Contenido      1 Litro   4 Litros,,,,,39200,27.61,93
150249,TEJIDOS MEDIA SOMBRA,Contenido      1 Litro   4 Litros,,,,,44900,31.62,93
150250,TEJIDOS MEDIA SOMBRA,Contenido      1 Litro   4 Litros,,,,,34700,24.44,93
150251,TEJIDOS MEDIA SOMBRA,Contenido      1 Litro   4 Litros,,,,,35500,25.00,93
150252,TEJIDOS MEDIA SOMBRA,Contenido      1 Litro   4 Litros,,,,,35800,25.21,93
150253,TEJIDOS MEDIA SOMBRA,Contenido      1 Litro   4 Litros,,,,,36000,25.35,93
150254,TEJIDOS MEDIA SOMBRA,Contenido      1 Litro   4 Litros,,,,,37900,26.69,93
150255,TEJIDOS MEDIA SOMBRA,Contenido      1 Litro   4 Litros,,,,,42500,29.93,93
150256,TEJIDOS MEDIA SOMBRA,Contenido      1 Litro   4 Litros,,,,,38200,26.90,93
150257,TEJIDOS MEDIA SOMBRA,Contenido      1 Litro   4 Litros,,,,,45300,31.90,93
150258,TEJIDOS MEDIA SOMBRA,Contenido      1 Litro   4 Litros,,,,,44700,31.48,93
150259,TEJIDOS MEDIA SOMBRA,Contenido      1 Litro   4 Litros,,,,,44200,31.13,93
150260,TEJIDOS MEDIA SOMBRA,Fijador Sellador,Fijador Sellador x 1 Litro - Lata,,,,37000,26.06,94
150277,TEJIDOS MEDIA SOMBRA,Tono,,,,,41600,29.30,94
150278,TEJIDOS MEDIA SOMBRA,Tono,,,,,40600,28.59,94
150279,TEJIDOS MEDIA SOMBRA,Tono,,,,,35500,25.00,94
150280,TEJIDOS MEDIA SOMBRA,Tono,,,,,37600,26.48,94
150281,TEJIDOS MEDIA SOMBRA,Tono,,,,,40400,28.45,94
150282,TEJIDOS MEDIA SOMBRA,Tono,,,,,40000,28.17,94
150283,TEJIDOS MEDIA SOMBRA,Tono,,,,,36000,25.35,94
150284,TEJIDOS MEDIA SOMBRA,Tono,,,,,45300,31.90,94
150285,TEJIDOS MEDIA SOMBRA,Tono,,,,,35900,25.28,94
150286,TEJIDOS MEDIA SOMBRA,Tono,,,,,41900,29.51,94
150287,TEJIDOS MEDIA SOMBRA,Tono,,,,,42600,30.00,94
150288,TEJIDOS MEDIA SOMBRA,Tono,,,,,41300,29.08,94
150289,TEJIDOS MEDIA SOMBRA,Tono,,,,,44100,31.06,94
150290,TEJIDOS MEDIA SOMBRA,Tono,,,,,40800,28.73,94
150291,TEJIDOS MEDIA SOMBRA,Tono,,,,,43900,30.92,94
150292,TEJIDOS MEDIA SOMBRA,Tono,Venda Para Membrana en Pasta 10 x 25 Mts,Venda Para Membrana en Pasta 10 x 25 Mts,,,62400,43.94,94
150297,TEJIDOS MEDIA SOMBRA,Tono,,,,,34500,24.30,94
150334,TEJIDOS MEDIA SOMBRA,Tono,,,,,41700,29.37,94
150335,TEJIDOS MEDIA SOMBRA,Tono,,,,,40900,28.80,94
150336,TEJIDOS MEDIA SOMBRA,Tono,,,,,41800,29.44,94
150337,TEJIDOS MEDIA SOMBRA,Tono,,,,,43200,30.42,94
150377,TEJIDOS MEDIA SOMBRA,Contenido      1 Litro   4 Litros,,,,,39000,27.46,93
150378,TEJIDOS MEDIA SOMBRA,Contenido      1 Litro   4 Litros,,,,,41700,29.37,93
150379,TEJIDOS MEDIA SOMBRA,Contenido      1 Litro   4 Litros,,,,,40000,28.17,93
150380,TEJIDOS MEDIA SOMBRA,Contenido      1 Litro   4 Litros,,,,,41500,29.23,93
151013,MANIJAS TIPO MINISTERIO PARA PUERTA,Pomela Mixta - Mini,"1,20 Mts Zinc Amarillo c/u 100","1,20 Mts Zinc Amarillo c/u 100",,,45900,32.32,24
151014,MANIJAS TIPO MINISTERIO PARA PUERTA,Pomela Mixta - Mini,"1,50 Mts Zinc Amarillo c/u 100","1,50 Mts Zinc Amarillo c/u 100",,,51000,35.92,24
151015,MANIJAS TIPO MINISTERIO PARA PUERTA,Pomela Mixta - Mini,"1,00 Mts Zinc Amarillo c/u 100","1,00 Mts Zinc Amarillo c/u 100",,,47400,33.38,24
151016,MANIJAS TIPO MINISTERIO PARA PUERTA,Pomela Mixta - Mini,"2,00 Mts Zinc Amarillo c/u 100","2,00 Mts Zinc Amarillo c/u 100",,,49800,35.07,24
151020,MANIJAS TIPO MINISTERIO PARA PUERTA,Pomela Mixta - Mini,"1,00 Mts Hierro Pulido c/u 100","1,00 Mts Hierro Pulido c/u 100",,,48900,34.44,24
151022,MANIJAS TIPO MINISTERIO PARA PUERTA,Pomela Mixta - Mini,"1,20 Mts Hierro Pulido c/u 100","1,20 Mts Hierro Pulido c/u 100",,,46000,32.39,24
151023,MANIJAS TIPO MINISTERIO PARA PUERTA,Pomela Mixta - Mini,"1,50 Mts Hierro Pulido c/u 100","1,50 Mts Hierro Pulido c/u 100",,,44300,31.20,24
151024,MANIJAS TIPO MINISTERIO PARA PUERTA,Pomela Mixta - Mini,"2,00 Mts Hierro Pulido c/u 100","2,00 Mts Hierro Pulido c/u 100",,,44200,31.13,24
153002,MANIJAS TIPO MINISTERIO PARA PUERTA,,Corto - Doc. - 10,,,,34400,24.23,21
153003,MANIJAS TIPO MINISTERIO PARA PUERTA,,Mediano - Doc. - 10,,,,34800,24.51,21
153004,MANIJAS TIPO MINISTERIO PARA PUERTA,,Largo - Doc. - 10,,,,31900,22.46,21
153005,MANIJAS TIPO MINISTERIO PARA PUERTA,,Corto - Doc. - 10,,,,36100,25.42,21
153006,MANIJAS TIPO MINISTERIO PARA PUERTA,,Mediano - Doc. - 10,,,,33000,23.24,21
153007,MANIJAS TIPO MINISTERIO PARA PUERTA,,Largo - Doc. - 10,,,,37300,26.27,21
153008,MANIJAS TIPO MINISTERIO PARA PUERTA,MANIJAS BISELADA PARA PUERTA,Corto - Doc. - 10,,,,37500,26.41,21
153009,MANIJAS TIPO MINISTERIO PARA PUERTA,MANIJAS BISELADA PARA PUERTA,Mediano - Doc. - 10,,,,38800,27.32,21
153010,MANIJAS TIPO MINISTERIO PARA PUERTA,MANIJAS BISELADA PARA PUERTA,Largo - Doc. - 10,,,,40000,28.17,21
153017,MANIJAS TIPO MINISTERIO PARA PUERTA,MANIJAS BISELADA PARA PUERTA,Corto - Doc. - 10,,,,31100,21.90,21
153018,MANIJAS TIPO MINISTERIO PARA PUERTA,MANIJAS BISELADA PARA PUERTA,Mediano - Doc. - 10,,,,33600,23.66,21
153019,MANIJAS TIPO MINISTERIO PARA PUERTA,MANIJAS BISELADA PARA PUERTA,Largo - Doc. - 10,,,,35600,25.07,21
153020,MANIJAS TIPO MINISTERIO PARA PUERTA,MANIJONES,de Bronce,,c/u,12,33100,23.31,21
153021,MANIJAS TIPO MINISTERIO PARA PUERTA,MANIJONES,c/u   12,,c/u,12,34600,24.37,21
153022,MANIJAS TIPO MINISTERIO PARA PUERTA,MANIJONES,c/u   12,,c/u,12,32600,22.96,21
155001,COLAS SINTETICA,Cemento de Contacto 101,Cemento de Contacto 101 x 50 cc - Pomo 24,,,,7400,5.21,97
155002,COLAS SINTETICA,Cemento de Contacto 101,Cemento de Contacto 101 x 1/4 Litro - Lata - 24,,,,7050,4.96,97
155003,COLAS SINTETICA,Cemento de Contacto 101,Cemento de Contacto 101 x 1/2 Litro - Lata - 24,,,,7500,5.28,97
155004,COLAS SINTETICA,Cemento de Contacto 101,Cemento de Contacto 101 x 1 Litro - Lata - 12,,,,7700,5.42,97
155005,COLAS SINTETICA,Cemento de Contacto 101,Cemento de Contacto 101 x 4 Litros - Lata - 4,,,,8300,5.85,97
155006,COLAS SINTETICA,Cola Sintética A-20,Cola Sintética A-20 x 1/4 Kilogramo - Lata - 24,,,,7400,5.21,97
155007,COLAS SINTETICA,Cola Sintética A-20,Cola Sintética A-20 x 1/2 Kilogramo - Lata - 24,,,,8900,6.27,97
155008,COLAS SINTETICA,Cola Sintética A-20,Cola Sintética A-20 x 1 Kilogramo - Lata - 12,,,,7200,5.07,97
155009,COLAS SINTETICA,Cola Sintética A-20,Cola Sintética A-20 x 6 Kilogramos - Lata - 4,,,,7600,5.35,97
155010,COLAS SINTETICA,Cola Sintética A-20,Cola Sintética A-20 x 24 Kilogramos - Lata - 1,,,,8200,5.77,97
155011,COLAS SINTETICA,Cemento de Contacto 101,Cemento de Contacto 101 x 1/8 Litro - Lata - 24,,,,7550,5.32,97
155012,COLAS SINTETICA,Cola Sintética A-20,Cola Sintética A-20 x 1/8 Kilogramo - Lata - 24,,,,8650,6.09,97
155013,COLAS SINTETICA,Cola Sintética A-20,Cola Sintética A-20 x 220 Kilogramos - Lata - 1,,,,8000,5.63,97
155014,SILICONAS,Silicona Neutra en Cartucho,Silicona x 300 Gramos - Neutra,Silicona x 300 Gramos - Neutra,c/u,12,7050,4.96,98
155015,COLAS SINTETICA,Cemento de Contacto 101,Cemento de Contacto 101 x 10 Litros - Lata - 1,,,,8000,5.63,97
155016,COLAS SINTETICA,Cemento de Contacto 101,Cemento de Contacto 101 x 18 Litros - Lata - 1,,,,7550,5.32,97
155018,COLAS SINTETICA,Cemento de Contacto 91,Cemento de Contacto 91 x 18 Litros - Lata - 1,,,,6850,4.82,97
155019,COLAS SINTETICA,Cemento de Contacto 91,Cemento de Contacto 91 x 200 Litros - Lata - 1,,,,9050,6.37,97
155020,SILICONAS,Silicona en Pomo,Silicona x 50 Gramos Transparente,Silicona x 50 Gramos Transparente,c/u,24,7000,4.93,98
155021,SILICONAS,Silicona en Pomo,Silicona x 50 Gramos Blanca,Silicona x 50 Gramos Blanca,c/u,24,8000,5.63,98
155022,SILICONAS,Silicona en Pomo,Silicona x 50 Gramos Negra,Silicona x 50 Gramos Negra,c/u,24,6400,4.51,98
155023,COLAS SINTETICA,Cola Sintética A-10,Cola Sintética A-10 x 24 Kilogramos - Lata - 24,,,,7650,5.39,97
155024,COLAS SINTETICA,Cola Sintética A-10,Cola Sintética A-10 x 220 Kilogramos - Lata - 24,,,,6900,4.86,97
155025,SILICONAS,Silicona en Cartucho,Silicona x 300 Gramos - Negra,Silicona x 300 Gramos - Negra,c/u,12,7000,4.93,98
155026,SILICONAS,Silicona en Cartucho,Silicona x 300 Gramos - Blanca,Silicona x 300 Gramos - Blanca,c/u,12,7800,5.49,98
155027,SILICONAS,Silicona en Cartucho,Silicona x 300 Gramos - Transparente,Silicona x 300 Gramos - Transparente,c/u,12,7300,5.14,98
155028,SILICONAS,ASISTENTES PARA CEMENTO - D10,"Asistente Para Cemento ""D10"" x 1 Litro","Asistente Para Cemento ""D10"" x 1 Litro",c/u,12,10200,7.18,98
155030,COLAS SINTETICA,Cemento de Contacto 91,Cemento de Contacto 91 x 4 Litros - Lata - 4,,,,8100,5.70,97
155031,SILICONAS,ASISTENTES PARA CEMENTO - D10,"Asistente Para Cemento ""D10"" x 18 Litros","Asistente Para Cemento ""D10"" x 18 Litros",c/u,1,10800,7.61,98
155035,SILICONAS,COLAS SINTETICA X36,"Cola Sintética ""X36"" x 22 Kilogramos","Cola Sintética ""X36"" x 22 Kilogramos",c/u,1,10100,7.11,98
155036,COLAS SINTETICA,Cemento de Contacto 101,Cemento de Contacto 101 x 200 Litros - Lata - 1,,,,8900,6.27,97
155038,SILICONAS,COLAS SINTETICA X36,"Cola Sintética ""X36"" x 1 Kilogramo","Cola Sintética ""X36"" x 1 Kilogramo",c/u,12,10600,7.46,98
155039,SILICONAS,COLAS SINTETICA X36,"Cola Sintética ""X36"" x 6 Kilogramos","Cola Sintética ""X36"" x 6 Kilogramos",c/u,4,10700,7.54,98
158001,CUCHARAS SOLDADA,GRINFAS y BARRETAS,Grinfa 6 mm,Grinfa 6 mm,c/u,12,11500,8.10,57
158002,CUCHARAS SOLDADA,GRINFAS y BARRETAS,Grinfa 8 mm,Grinfa 8 mm,c/u,12,11600,8.17,57
158003,CUCHARAS SOLDADA,GRINFAS y BARRETAS,Grinfa 10 mm,Grinfa 10 mm,c/u,12,11900,8.38,57
158004,CUCHARAS SOLDADA,GRINFAS y BARRETAS,Grinfa 12 mm,Grinfa 12 mm,c/u,12,11200,7.89,57
158005,CUCHARAS SOLDADA,GRINFAS y BARRETAS,Grinfa 14 mm,Grinfa 14 mm,c/u,12,11900,8.38,57
158006,CUCHARAS SOLDADA,GRINFAS y BARRETAS,Grinfa 16 mm,Grinfa 16 mm,c/u,12,10900,7.68,57
158007,CUCHARAS SOLDADA,GRINFAS y BARRETAS,Grinfa 18 mm,Grinfa 18 mm,c/u,12,11800,8.31,57
158008,CUCHARAS SOLDADA,GRINFAS y BARRETAS,Grinfa 20 mm,Grinfa 20 mm,c/u,12,12200,8.59,57
158009,CUCHARAS SOLDADA,GRINFAS y BARRETAS,Grinfa 22 mm,Grinfa 22 mm,c/u,12,11300,7.96,57
158016,CUCHARAS SOLDADA,PUNTAS y CORTAHIERROS,"Cortahierro Hex. 3/4"" x 200 mm","Cortahierro Hex. 3/4"" x 200 mm",c/u,12,12700,8.94,57
158017,CUCHARAS SOLDADA,PUNTAS y CORTAHIERROS,"Cortahierro Hex. 3/4"" x 250 mm","Cortahierro Hex. 3/4"" x 250 mm",c/u,12,12100,8.52,57
158018,CUCHARAS SOLDADA,PUNTAS y CORTAHIERROS,"Cortahierro Hex. 3/4"" x 300 mm","Cortahierro Hex. 3/4"" x 300 mm",c/u,12,11000,7.75,57
158019,CUCHARAS SOLDADA,PUNTAS y CORTAHIERROS,"Cortahierro Hex. 3/4"" x 350 mm","Cortahierro Hex. 3/4"" x 350 mm",c/u,12,12600,8.87,57
158020,CUCHARAS SOLDADA,PUNTAS y CORTAHIERROS,"Cortahierro Hex. 3/4"" x 400 mm","Cortahierro Hex. 3/4"" x 400 mm",c/u,12,11600,8.17,57
158021,CUCHARAS SOLDADA,PUNTAS y CORTAHIERROS,"Cortahierro Hex. 3/4"" x 450 mm","Cortahierro Hex. 3/4"" x 450 mm",c/u,12,12300,8.66,57
158024,CUCHARAS SOLDADA,PUNTAS y CORTAHIERROS,"Punta Hexagonal 3/4"" x 200 mmc/u - 12","Punta Hexagonal 3/4"" x 200 mmc/u",,,11400,8.03,57
158025,CUCHARAS SOLDADA,PUNTAS y CORTAHIERROS,"Punta Hexagonal 3/4"" x 250 mmc/u - 12","Punta Hexagonal 3/4"" x 250 mmc/u",,,12600,8.87,57
158026,CUCHARAS SOLDADA,PUNTAS y CORTAHIERROS,"Punta Hexagonal 3/4"" x 300 mmc/u - 12","Punta Hexagonal 3/4"" x 300 mmc/u",,,12200,8.59,57
158027,CUCHARAS SOLDADA,PUNTAS y CORTAHIERROS,"Punta Hexagonal 3/4"" x 350 mmc/u - 12","Punta Hexagonal 3/4"" x 350 mmc/u",,,11200,7.89,57
158028,CUCHARAS SOLDADA,PUNTAS y CORTAHIERROS,"Punta Hexagonal 3/4"" x 400 mmc/u - 12","Punta Hexagonal 3/4"" x 400 mmc/u",,,11800,8.31,57
158030,CUCHARAS SOLDADA,GRINFAS y BARRETAS,"Barreta 3/4"" x 500 mm","Barreta 3/4"" x 500 mm",c/u,12,11800,8.31,57
158031,CUCHARAS SOLDADA,GRINFAS y BARRETAS,"Barreta 3/4"" x 600 mm","Barreta 3/4"" x 600 mm",c/u,12,10900,7.68,57
158032,CUCHARAS SOLDADA,GRINFAS y BARRETAS,"Barreta 3/4"" x 700 mm","Barreta 3/4"" x 700 mm",c/u,12,11100,7.82,57
158038,CUCHARAS SOLDADA,Maza Encabada,Maza 800 Grs,Maza 800 Grs,c/u,12,8550,6.02,58
158039,CUCHARAS SOLDADA,Maza Encabada,Maza 1 Kilo,,c/u,12,8950,6.30,58
158040,CUCHARAS SOLDADA,Maza Encabada,Maza 1½ Kilo,,c/u,12,8900,6.27,58
158042,CUCHARAS SOLDADA,Maza Encabada,Maza 2 Kilos,,c/u,12,9300,6.55,58
158043,CUCHARAS SOLDADA,Maza Encabada,Maza 3 Kilos,,c/u,12,9050,6.37,58
158044,CUCHARAS SOLDADA,Maza Encabada,Maza 4 Kilos,,c/u,12,8550,6.02,58
158045,CUCHARAS SOLDADA,Maza Encabada,Maza 5 Kilos,,c/u,12,9300,6.55,58
158046,CUCHARAS SOLDADA,Maza Encabada,Maza 8 Kilos,,c/u,12,8100,5.70,58
158047,CUCHARAS SOLDADA,Maza Encabada,Maza 10 Kilos,,c/u,12,10300,7.25,58
158048,CUCHARAS SOLDADA,GRINFAS y BARRETAS,Hachita Vizcaína,,c/u,12,9650,6.80,57
158049,CUCHARAS SOLDADA,"Martillo Galponero, Con Uña Tipo Papagayo",Martillo Galponero N°27,,c/u,12,8450,5.95,58
158050,CUCHARAS SOLDADA,Maza Encabada,Maza 6 Kilos,,c/u,12,8550,6.02,58
158054,CUCHARAS SOLDADA,"Martillo Carpintero, Con Pena",Martillo Carpintero Pena N°16,,c/u,12,9900,6.97,58
158055,CUCHARAS SOLDADA,"Martillo Carpintero, Con Pena",Martillo Carpintero Pena N°18,,c/u,12,9100,6.41,58
158056,CUCHARAS SOLDADA,"Martillo Carpintero, Con Pena",Martillo Carpintero Pena N°20,,c/u,12,9550,6.73,58
158057,CUCHARAS SOLDADA,"Martillo Carpintero, Con Pena",Martillo Carpintero Pena N°22,,c/u,12,8450,5.95,58
158058,CUCHARAS SOLDADA,"Martillo Carpintero, Con Pena",Martillo Carpintero Pena N°25,,c/u,12,9850,6.94,58
158059,CUCHARAS SOLDADA,PUNTAS y CORTAHIERROS,"Punta Hexagonal 3/4"" x 450 mmc/u - 12","Punta Hexagonal 3/4"" x 450 mmc/u",,,11500,8.10,57
158060,CUCHARAS SOLDADA,Martelina Albañil,Martillo Albañil,,c/u,12,9450,6.65,58
158061,CUCHARAS SOLDADA,HACHUELAS,Hachuela Albañil,,c/u,12,10300,7.25,57
158062,CUCHARAS SOLDADA,"Martillo Bolita, Para Mecánico",Martillo Bolita 300 Grs,Martillo Bolita 300 Grs,c/u,12,9250,6.51,58
158063,CUCHARAS SOLDADA,"Martillo Bolita, Para Mecánico",Martillo Bolita 400 Grs,Martillo Bolita 400 Grs,c/u,12,9800,6.90,58
158064,CUCHARAS SOLDADA,"Martillo Bolita, Para Mecánico",Martillo Bolita 500 Grs,Martillo Bolita 500 Grs,c/u,12,9600,6.76,58
158065,CUCHARAS SOLDADA,"Martillo Bolita, Para Mecánico",Martillo Bolita 800 Grs,Martillo Bolita 800 Grs,c/u,12,9500,6.69,58
158066,CUCHARAS SOLDADA,"Martillo Bolita, Para Mecánico",Martillo Bolita 1000 Grs,Martillo Bolita 1000 Grs,c/u,12,7700,5.42,58
158067,CUCHARAS SOLDADA,HACHUELAS,Hachuela Azulejista,,c/u,12,8950,6.30,57
158068,CUCHARAS SOLDADA,GRINFAS y BARRETAS,Grinfa 25 mm,Grinfa 25 mm,c/u,12,12600,8.87,57
158070,CUCHARAS SOLDADA,GRINFAS y BARRETAS,"Barreta 1¼"" x 1500 mm","Barreta 1¼"" x 1500 mm",c/u,12,12300,8.66,57
158071,CUCHARAS SOLDADA,GRINFAS y BARRETAS,"Barreta 3/4"" x 1000 mm","Barreta 3/4"" x 1000 mm",c/u,12,12300,8.66,57
158072,CUCHARAS SOLDADA,GRINFAS y BARRETAS,"Barreta 3/4"" x 1200 mm","Barreta 3/4"" x 1200 mm",c/u,12,11900,8.38,57
158073,CUCHARAS SOLDADA,GRINFAS y BARRETAS,"Barreta 1¼"" x 1200 mm","Barreta 1¼"" x 1200 mm",c/u,12,12200,8.59,57
158074,CUCHARAS SOLDADA,"Martillo Bolita, Para Mecánico",Martillo Bolita 200 Grs,Martillo Bolita 200 Grs,c/u,12,9250,6.51,58
158075,CUCHARAS SOLDADA,GRINFAS y BARRETAS,"Barreta 1"" x 1500 mm","Barreta 1"" x 1500 mm",c/u,12,11100,7.82,57
158132,CUCHARAS SOLDADA,GRINFAS y BARRETAS,Escuadra Albañil 30 Cms,Escuadra Albañil 30 Cms,c/u,12,9350,6.58,57
158133,CUCHARAS SOLDADA,GRINFAS y BARRETAS,Escuadra Albañil 40 Cms,Escuadra Albañil 40 Cms,c/u,12,9300,6.55,57
158134,CUCHARAS SOLDADA,GRINFAS y BARRETAS,Escuadra Albañil 50 Cms,Escuadra Albañil 50 Cms,c/u,12,9900,6.97,57
158135,CUCHARAS SOLDADA,GRINFAS y BARRETAS,Escuadra Albañil 60 Cms,Escuadra Albañil 60 Cms,c/u,12,8050,5.67,57
158136,CUCHARAS SOLDADA,GRINFAS y BARRETAS,Escuadra Albañil 70 Cms,Escuadra Albañil 70 Cms,c/u,12,9500,6.69,57
160001,PALAS DE ACERO FORJADO,Pala Forjada Cabo Corto,Palear Ancha Cabo Corto,,c/u,6,24100,16.97,51
160002,PALAS DE ACERO FORJADO,Pala Forjada Cabo Corto,Punta Corazón Cabo Corto,,c/u,6,31800,22.39,51
160003,PALAS DE ACERO FORJADO,Pala Forjada Cabo Corto,1/2 Luna Ancha Cabo Corto,,c/u,6,24700,17.39,51
160004,PALAS DE ACERO FORJADO,Pala Forjada Cabo Corto,Punta Césped Cabo Corto,,c/u,6,24000,16.90,51
160006,PALAS DE ACERO FORJADO,Pala Forjada Cabo Corto,Pocera Cabo Corto,,c/u,6,26400,18.59,51
160007,PALAS DE ACERO FORJADO,Pala Forjada Cabo Corto,Pocera Escoces Cabo Corto,,c/u,6,25100,17.68,51
160008,PALAS DE ACERO FORJADO,Pala Estampada,Carbonera Cabo Corto,,c/u,6,29600,20.85,51
160009,PALAS DE ACERO FORJADO,Pala Forjada Cabo Largo,Palear Ancha Cabo Largo,,c/u,6,27200,19.15,51
160010,PALAS DE ACERO FORJADO,Pala Forjada Cabo Largo,Punta Corazón Cabo Largo,,c/u,6,30300,21.34,51
160012,PALAS DE ACERO FORJADO,Pala Forjada Cabo Largo,Punta Césped Cabo Largo,,c/u,6,31500,22.18,51
160013,PALAS DE ACERO FORJADO,Pala Estampada,Palear Estampada Cabo Corto,,c/u,6,31100,21.90,51
160014,PALAS DE ACERO FORJADO,Pala Forjada Cabo Largo,1/2 Luna Ancha Cabo Largo,,c/u,6,30000,21.13,51
160015,PALAS DE ACERO FORJADO,Pala Estampada,Corazón Estampada Cabo Largo,,c/u,6,24300,17.11,51
160033,PICOS DE ACERO FORJADO,,Pico Dos Puntas,,c/u,6,19600,13.80,52
160035,PICOS DE ACERO FORJADO,,Pico Punta y Pala de 62 mm,Pico Punta y Pala de 62 mm,c/u,6,24800,17.46,52
160036,PICOS DE ACERO FORJADO,,Pico Punta y Pala de 75 mm,Pico Punta y Pala de 75 mm,c/u,6,25300,17.82,52
160037,PICOS DE ACERO FORJADO,,Pico Punta y Pala de 102 mm,Pico Punta y Pala de 102 mm,c/u,6,26700,18.80,52
160039,PICOS DE ACERO FORJADO,,Pico Pala y Hacha de 75 mm,Pico Pala y Hacha de 75 mm,c/u,6,26100,18.38,52
160040,PICOS DE ACERO FORJADO,,Pico Pala y Hacha de 102 mm,Pico Pala y Hacha de 102 mm,c/u,6,25200,17.75,52
160041,PICOS DE ACERO FORJADO,AZADAS FORJADA,Azada Carpir N°0,,c/u,12,19800,13.94,52
160042,PICOS DE ACERO FORJADO,AZADAS FORJADA,Azada Carpir N°1,,c/u,12,24700,17.39,52
160043,PICOS DE ACERO FORJADO,AZADAS FORJADA,Azada Carpir N°2,,c/u,12,21000,14.79,52
160044,PICOS DE ACERO FORJADO,AZADAS FORJADA,Azada Algodonera N°0,,c/u,12,21000,14.79,52
160045,PICOS DE ACERO FORJADO,AZADAS FORJADA,Azada Algodonera N°1,,c/u,12,23800,16.76,52
160046,PICOS DE ACERO FORJADO,AZADAS FORJADA,Azada Algodonera N°2,,c/u,12,23500,16.55,52
160049,PICOS DE ACERO FORJADO,AZADAS FORJADA,Azada Albañil N°1,,c/u,12,22900,16.13,52
160051,PINZAS PICO DE LORO,TIJERA PODAR,Tijera Forjada de Podar de 240 mm,Tijera Forjada de Podar de 240 mm,c/u,12,27300,19.23,54
160053,TENAZAS,MAZAS y MARTILLOS,Maza Acero de 1 Kgr,Maza Acero de 1 Kgr,c/u,12,18800,13.24,53
160054,TENAZAS,MAZAS y MARTILLOS,Maza Acero de 1½ Kgr,,c/u,12,11800,8.31,53
160055,TENAZAS,MAZAS y MARTILLOS,Maza Acero de 2 Kgr,Maza Acero de 2 Kgr,c/u,12,17700,12.46,53
160056,PALAS DE ACERO FORJADO,Pala Forjada Cabo Largo,Pocera Cabo Largo,,c/u,6,28500,20.07,51
160058,TENAZAS,Tenaza Azulejista,Tenaza Azulejista N°6,,c/u,12,11900,8.38,53
160059,TENAZAS,,Tenaza Carpintero N°6,,c/u,12,14800,10.42,53
160060,TENAZAS,,Tenaza Carpintero N°7,,c/u,12,12200,8.59,53
160061,TENAZAS,,Tenaza Carpintero N°8,,c/u,12,12200,8.59,53
160062,TENAZAS,,Tenaza Carpintero N°9,,c/u,12,11900,8.38,53
160063,TENAZAS,,Tenaza Carpintero N°10,,c/u,12,13800,9.72,53
160064,TENAZAS,,Tenaza Armador A9,,c/u,12,12300,8.66,53
160065,TENAZAS,,Tenaza Armador A12,,c/u,12,12400,8.73,53
160066,PICOS DE ACERO FORJADO,CUCHARAS ALBAÑIL,Cuchara Forjada N°6,,c/u,12,24900,17.54,52
160067,PICOS DE ACERO FORJADO,CUCHARAS ALBAÑIL,Cuchara Forjada N°7,,c/u,12,23900,16.83,52
160068,PICOS DE ACERO FORJADO,CUCHARAS ALBAÑIL,Cuchara Forjada N°8,,c/u,12,20500,14.44,52
160070,PICOS DE ACERO FORJADO,CUCHARAS ALBAÑIL,Cuchara Forjada N°9,,c/u,12,19500,13.73,52
160071,PICOS DE ACERO FORJADO,CUCHARAS ALBAÑIL,Cucharin Forjado N°5½,,c/u,12,23200,16.34,52
160072,TENAZAS,PUNTAS y CORTAHIERROS,Cortahierro Hex. 19 x 200 mm,Cortahierro Hex. 19 x 200 mm,c/u,12,18100,12.75,53
160073,TENAZAS,PUNTAS y CORTAHIERROS,Cortahierro Hex. 19 x 250 mm,Cortahierro Hex. 19 x 250 mm,c/u,12,19900,14.01,53
160074,TENAZAS,PUNTAS y CORTAHIERROS,Cortahierro Hex. 19 x 300 mm,Cortahierro Hex. 19 x 300 mm,c/u,12,19400,13.66,53
160075,TENAZAS,PUNTAS y CORTAHIERROS,Cortahierro Hex. 19 x 350 mm,Cortahierro Hex. 19 x 350 mm,c/u,12,19800,13.94,53
160076,TENAZAS,PUNTAS y CORTAHIERROS,Cortahierro Hex. 19 x 400 mm,Cortahierro Hex. 19 x 400 mm,c/u,12,19400,13.66,53
160077,TENAZAS,PUNTAS y CORTAHIERROS,Punta Hex. 19 x 200 mm,Punta Hex. 19 x 200 mm,c/u,12,17900,12.61,53
160078,TENAZAS,PUNTAS y CORTAHIERROS,Punta Hex. 19 x 250 mm,Punta Hex. 19 x 250 mm,c/u,12,17900,12.61,53
160079,TENAZAS,PUNTAS y CORTAHIERROS,Punta Hex. 19 x 300 mm,Punta Hex. 19 x 300 mm,c/u,12,19100,13.45,53
160080,TENAZAS,PUNTAS y CORTAHIERROS,Punta Hex. 19 x 350 mm,Punta Hex. 19 x 350 mm,c/u,12,18000,12.68,53
160081,PINZAS PICO DE LORO,Pinza Forjada Pico de Loro de Doble Cremallera,Pinza Pico de Loro Doble Cremallera de 175 mm,Pinza Pico de Loro Doble Cremallera de 175 mm,c/u,12,26300,18.52,54
160082,PINZAS PICO DE LORO,Pinza Forjada Pico de Loro de Doble Cremallera,Pinza Pico de Loro Doble Cremallera de 250 mm,Pinza Pico de Loro Doble Cremallera de 250 mm,c/u,12,25500,17.96,54
160083,PINZAS PICO DE LORO,Pinza Forjada Pico de Loro de Doble Cremallera,Pinza Pico de Loro Doble Cremallera de 300 mm,Pinza Pico de Loro Doble Cremallera de 300 mm,c/u,12,26400,18.59,54
160095,TENAZAS,MAZAS y MARTILLOS,Martillo Bolita 200 Grs,Martillo Bolita 200 Grs,c/u,12,11800,8.31,53
160096,TENAZAS,MAZAS y MARTILLOS,Martillo Bolita 300 Grs,Martillo Bolita 300 Grs,c/u,12,13200,9.30,53
160097,TENAZAS,MAZAS y MARTILLOS,Martillo Bolita 400 Grs,Martillo Bolita 400 Grs,c/u,12,14700,10.35,53
160098,TENAZAS,MAZAS y MARTILLOS,Martillo Bolita 500 Grs,Martillo Bolita 500 Grs,c/u,12,13800,9.72,53
160099,PINZAS PICO DE LORO,Pinza Forjada Pico de Loro Tradicional,Pinza Pico de Loro,,c/u,12,16000,11.27,54
160103,PINZAS PICO DE LORO,HACHAS TUMBA,Hacha Tumba de 2 Kgr - Encabada,Hacha Tumba de 2 Kgr - Encabada,c/u,12,27000,19.01,54
160104,PINZAS PICO DE LORO,MACHETES,"Machete de 18""","Machete de 18""",c/u,20,26900,18.94,54
160109,PINZAS PICO DE LORO,MACHETES,"Machete de 20""","Machete de 20""",c/u,20,25400,17.89,54
160110,TENAZAS,Martillo Albañil Con Uña Tipo Papagayo,Martillo Galponero 500 Grs,Martillo Galponero 500 Grs,c/u,12,13700,9.65,53
160111,PALAS DE ACERO FORJADO,Pala Estampada,Palear Estampada Cabo Largo,,c/u,6,28300,19.93,51
160112,PALAS DE ACERO FORJADO,Pala Estampada,Corazón Estampada Cabo Corto,,c/u,6,29200,20.56,51
160113,PALAS DE ACERO FORJADO,Pala Forjada Cabo Largo,1/2 Luna Angosta Cabo Largo,,c/u,6,24200,17.04,51
160120,PINZAS PICO DE LORO,HACHAS TUMBA,Hacha Tumba de 2 Kgr - Sin Cabo,Hacha Tumba de 2 Kgr - Sin Cabo,c/u,12,26100,18.38,54
160121,PALAS DE ACERO FORJADO,Pala Estampada,Pocera Estampada Cabo Corto,,c/u,6,29800,20.99,51
160124,PICOS DE ACERO FORJADO,CUCHARAS ALBAÑIL,Cuchara Forjada N°8,,c/u,12,19400,13.66,52
160125,PICOS DE ACERO FORJADO,CUCHARAS ALBAÑIL,Cuchara Forjada N°7,,c/u,12,23800,16.76,52
160126,PICOS DE ACERO FORJADO,CUCHARAS ALBAÑIL,Cuchara Forjada N°8R,,c/u,12,18700,13.17,52
160127,PICOS DE ACERO FORJADO,CUCHARAS ALBAÑIL,Cuchara Forjada N°7R,,c/u,12,22300,15.70,52
160128,PICOS DE ACERO FORJADO,CUCHARAS ALBAÑIL,Cuchara Forjada N°10,,c/u,12,24800,17.46,52
160140,PICOS DE ACERO FORJADO,AZADAS FORJADA,Azada Mendocina N°2,,c/u,12,21400,15.07,52
160141,PICOS DE ACERO FORJADO,AZADAS FORJADA,Azada Mendocina N°2½,,c/u,12,24900,17.54,52
160142,PICOS DE ACERO FORJADO,AZADAS FORJADA,Azada Mendocina N°3,,c/u,12,24500,17.25,52
160143,PICOS DE ACERO FORJADO,AZADAS FORJADA,Azada Mendocina N°3½,,c/u,12,21900,15.42,52
160150,PALAS DE ACERO FORJADO,Pala Estampada,Pocera Estampada Cabo Largo,,c/u,6,25500,17.96,51
160156,PINZAS PICO DE LORO,MACHETES,"Machete de 22""","Machete de 22""",c/u,20,28500,20.07,54
169133,HERRADURAS DE ALUMINIO - DEPORTIVA,,1 - Jgo,,,,17000,11.97,111
171001,MANIJAS TIPO MINISTERIO PARA PUERTA,"Ficha Carpintero 2 x 3 x 1,5","2x3x1,5 - Zinc Amarilla Derecha D/P",,,,36500,25.70,23
171002,MANIJAS TIPO MINISTERIO PARA PUERTA,"Ficha Carpintero 2 x 3 x 1,5","2x5x1,5 - Zinc Amarilla Derecha D/P",,,,39300,27.68,23
171003,MANIJAS TIPO MINISTERIO PARA PUERTA,"Ficha Carpintero 80 x 20 x 1,5","80x20x1,5 - Zinc Amarilla Derecha D/P",,,,30700,21.62,23
171004,MANIJAS TIPO MINISTERIO PARA PUERTA,"Ficha Carpintero 2 x 3 x 1,5","2x3x1,5 - Zinc Amarilla Reversible D/P",,,,35800,25.21,23
171005,MANIJAS TIPO MINISTERIO PARA PUERTA,"Ficha Carpintero 2 x 3 x 1,5","2x5x1,5 - Zinc Amarilla Reversible D/P",,,,35400,24.93,23
171006,MANIJAS TIPO MINISTERIO PARA PUERTA,Reversible de Hierro Pulido,75x36 mm - Derecha,75x36 mm,c/u,24,49200,34.65,23
171007,MANIJAS TIPO MINISTERIO PARA PUERTA,Reversible de Hierro Pulido,75x36 mm - Izquierda,75x36 mm,c/u,24,50800,35.77,23
171008,MANIJAS TIPO MINISTERIO PARA PUERTA,Zincado Dorado,75x75 mm - Derecha,75x75 mm,c/u,24,50600,35.63,23
171009,MANIJAS TIPO MINISTERIO PARA PUERTA,"Ficha Carpintero 2 x 3 x 1,5",75x75 mm - Izquierda - Zincado Amarillo - 3 Agujeros,75x75 mm,c/u,24,45000,31.69,23
171010,MANIJAS TIPO MINISTERIO PARA PUERTA,Reversible de Hierro Pulido,75x75 mm - Derecha,75x75 mm,c/u,24,50400,35.49,23
171011,MANIJAS TIPO MINISTERIO PARA PUERTA,Reversible de Hierro Pulido,75x75 mm - Izquierda,75x75 mm,c/u,24,45000,31.69,23
171012,MANIJAS TIPO MINISTERIO PARA PUERTA,"Ficha Carpintero 80 x 20 x 1,5","80x20x1,5 - Zinc Amarilla Reversible D/P",,,,39400,27.75,23
171013,MANIJAS TIPO MINISTERIO PARA PUERTA,Reversible de Hierro Pulido,100x36 mm - Izquierda,100x36 mm,c/u,24,51300,36.13,23
171014,MANIJAS TIPO MINISTERIO PARA PUERTA,Reversible de Hierro Pulido,100x36 mm - Derecha,100x36 mm,c/u,24,46700,32.89,23
171015,MANIJAS TIPO MINISTERIO PARA PUERTA,"Ficha Carpintero 2 x 3 x 1,5",100x75 mm - Izquierda,100x75 mm,c/u,24,47500,33.45,23
171016,MANIJAS TIPO MINISTERIO PARA PUERTA,"Ficha Carpintero 2 x 3 x 1,5",100x75 mm - Derecha - Código - Medida - Terminación - Mano - U/Vta,100x75 mm,c/u,24,50800,35.77,23
171017,MANIJAS TIPO MINISTERIO PARA PUERTA,"Ficha Carpintero 2 x 3 x 1,5",100x88 mm - Izquierda,100x88 mm,c/u,24,51000,35.92,23
171018,MANIJAS TIPO MINISTERIO PARA PUERTA,"Ficha Carpintero 2 x 3 x 1,5",100x88 mm - Derecha,100x88 mm,c/u,24,50700,35.70,23
171019,MANIJAS TIPO MINISTERIO PARA PUERTA,"Ficha Carpintero 80 x 20 x 1,5",100x75 mm - Derecha - Zincado Amarillo - 3 Agujeros,100x75 mm,c/u,24,50400,35.49,23
171020,MANIJAS TIPO MINISTERIO PARA PUERTA,"Ficha Carpintero 80 x 20 x 1,5",100x75 mm - Izquierda - Código - Medida - Terminación - Mano - U/Vta,100x75 mm,c/u,24,43800,30.85,23
171021,MANIJAS TIPO MINISTERIO PARA PUERTA,"Ficha Carpintero 2 x 3 x 1,5","2x3x1,5 - Zinc Amarilla Izquierda D/P",,,,35700,25.14,23
171022,MANIJAS TIPO MINISTERIO PARA PUERTA,"Ficha Carpintero 2 x 3 x 1,5","2x5x1,5 - Zinc Amarilla Izquierda D/P",,,,30900,21.76,23
171023,MANIJAS TIPO MINISTERIO PARA PUERTA,"Ficha Carpintero 80 x 20 x 1,5","80x20x1,5 - Zinc Amarilla Izquierda D/P",,,,40100,28.24,23
171024,MANIJAS TIPO MINISTERIO PARA PUERTA,"Ficha Carpintero 2 x 3 x 1,5",75x58 mm - Derecha,75x58 mm,c/u,24,45900,32.32,23
171025,MANIJAS TIPO MINISTERIO PARA PUERTA,"Ficha Carpintero 2 x 3 x 1,5",75x58 mm - Izquierda,75x58 mm,c/u,24,51200,36.06,23
171026,MANIJAS TIPO MINISTERIO PARA PUERTA,Reversible de Hierro Pulido,60 mm - Hierro Pulido c/u - 100,60 mm,,,47800,33.66,23
171027,MANIJAS TIPO MINISTERIO PARA PUERTA,Reversible de Hierro Pulido,80 mm - Hierro Pulido c/u - 100,80 mm,,,47500,33.45,23
171028,MANIJAS TIPO MINISTERIO PARA PUERTA,Reversible de Hierro Pulido,60 mm - Hierro Pulido c/u - 100,60 mm,,,50800,35.77,23
171029,MANIJAS TIPO MINISTERIO PARA PUERTA,Reversible de Hierro Pulido,80 mm - Hierro Pulido c/u - 100,80 mm,,,50200,35.35,23
171030,MANIJAS TIPO MINISTERIO PARA PUERTA,"POMELAS, BISAGRAS 5005, BISAGRAS ""T"", FALLEBAS y HIERROS FALLEBA",7 mm - Símil Oro,7 mm,c/u,100,47300,33.31,24
171031,MANIJAS TIPO MINISTERIO PARA PUERTA,"POMELAS, BISAGRAS 5005, BISAGRAS ""T"", FALLEBAS y HIERROS FALLEBA",9 mm - Símil Oro,9 mm,c/u,100,45200,31.83,24
171032,MANIJAS TIPO MINISTERIO PARA PUERTA,"POMELAS, BISAGRAS 5005, BISAGRAS ""T"", FALLEBAS y HIERROS FALLEBA",11 mm - Símil Oro,11 mm,c/u,100,44600,31.41,24
171033,MANIJAS TIPO MINISTERIO PARA PUERTA,"POMELAS, BISAGRAS 5005, BISAGRAS ""T"", FALLEBAS y HIERROS FALLEBA",13 mm - Zinc Amarilla c/u - 100,13 mm,,,44900,31.62,24
171034,MANIJAS TIPO MINISTERIO PARA PUERTA,"POMELAS, BISAGRAS 5005, BISAGRAS ""T"", FALLEBAS y HIERROS FALLEBA",13 mm - Hierro Pulido c/u - 100,13 mm,,,47200,33.24,24
171035,MANIJAS TIPO MINISTERIO PARA PUERTA,Pomela Mixta - Mini,13 mm - Hierro Pulido,13 mm,c/u,100,45700,32.18,24
171036,MANIJAS TIPO MINISTERIO PARA PUERTA,"POMELAS, BISAGRAS 5005, BISAGRAS ""T"", FALLEBAS y HIERROS FALLEBA",14 mm - Hierro Pulido c/u - 100,14 mm,,,45100,31.76,24
171037,MANIJAS TIPO MINISTERIO PARA PUERTA,"POMELAS, BISAGRAS 5005, BISAGRAS ""T"", FALLEBAS y HIERROS FALLEBA",14 mm - Zinc Amarilla c/u - 100,14 mm,,,49300,34.72,24
171038,MANIJAS TIPO MINISTERIO PARA PUERTA,"Ficha Carpintero 2 x 3 x 1,5",100x58 mm - Derecha,100x58 mm,c/u,24,49700,35.00,23
171039,MANIJAS TIPO MINISTERIO PARA PUERTA,"Ficha Carpintero 2 x 3 x 1,5",100x58 mm - Izquierda,100x58 mm,c/u,24,48000,33.80,23
171040,MANIJAS TIPO MINISTERIO PARA PUERTA,"POMELAS, BISAGRAS 5005, BISAGRAS ""T"", FALLEBAS y HIERROS FALLEBA",Derecha - Zinc Amarilla c/u - 24,,,,37700,26.55,24
171041,MANIJAS TIPO MINISTERIO PARA PUERTA,"POMELAS, BISAGRAS 5005, BISAGRAS ""T"", FALLEBAS y HIERROS FALLEBA",Izquierda - Zinc Amarilla c/u - 24,,,,31600,22.25,24
171042,MANIJAS TIPO MINISTERIO PARA PUERTA,"POMELAS, BISAGRAS 5005, BISAGRAS ""T"", FALLEBAS y HIERROS FALLEBA",Derecha - Zinc Azul,,c/u,24,38700,27.25,24
171043,MANIJAS TIPO MINISTERIO PARA PUERTA,"POMELAS, BISAGRAS 5005, BISAGRAS ""T"", FALLEBAS y HIERROS FALLEBA",Izquierda - Zinc Azul,,c/u,24,39200,27.61,24
171044,MANIJAS TIPO MINISTERIO PARA PUERTA,"POMELAS, BISAGRAS 5005, BISAGRAS ""T"", FALLEBAS y HIERROS FALLEBA",Derecha - Hierro Pulido c/u - 24,,,,38400,27.04,24
171045,MANIJAS TIPO MINISTERIO PARA PUERTA,"POMELAS, BISAGRAS 5005, BISAGRAS ""T"", FALLEBAS y HIERROS FALLEBA",Izquierda - Hierro Pulido c/u - 24,,,,35200,24.79,24
171046,MANIJAS TIPO MINISTERIO PARA PUERTA,"POMELAS, BISAGRAS 5005, BISAGRAS ""T"", FALLEBAS y HIERROS FALLEBA",Derecha - Zinc Amarilla c/u - 24,,,,30700,21.62,24
171047,MANIJAS TIPO MINISTERIO PARA PUERTA,"POMELAS, BISAGRAS 5005, BISAGRAS ""T"", FALLEBAS y HIERROS FALLEBA",Izquierda - Zinc Amarilla c/u - 24,,,,36800,25.92,24
171048,MANIJAS TIPO MINISTERIO PARA PUERTA,"POMELAS, BISAGRAS 5005, BISAGRAS ""T"", FALLEBAS y HIERROS FALLEBA",Derecha - Zinc Azul,,c/u,24,31700,22.32,24
171049,MANIJAS TIPO MINISTERIO PARA PUERTA,"POMELAS, BISAGRAS 5005, BISAGRAS ""T"", FALLEBAS y HIERROS FALLEBA",Izquierda - Zinc Azul,,c/u,24,31200,21.97,24
171050,MANIJAS TIPO MINISTERIO PARA PUERTA,"POMELAS, BISAGRAS 5005, BISAGRAS ""T"", FALLEBAS y HIERROS FALLEBA",Derecha - Hierro Pulido c/u - 24,,,,33100,23.31,24
171051,MANIJAS TIPO MINISTERIO PARA PUERTA,"POMELAS, BISAGRAS 5005, BISAGRAS ""T"", FALLEBAS y HIERROS FALLEBA",Izquierda - Hierro Pulido c/u - 24,,,,32400,22.82,24
171052,MANIJAS TIPO MINISTERIO PARA PUERTA,"POMELAS, BISAGRAS 5005, BISAGRAS ""T"", FALLEBAS y HIERROS FALLEBA",Derecha Hierro Pulido,,c/u,24,32500,22.89,24
171053,MANIJAS TIPO MINISTERIO PARA PUERTA,"POMELAS, BISAGRAS 5005, BISAGRAS ""T"", FALLEBAS y HIERROS FALLEBA",Izquierda Hierro Pulido c/u - 24,,,,32200,22.68,24
171054,MANIJAS TIPO MINISTERIO PARA PUERTA,"POMELAS, BISAGRAS 5005, BISAGRAS ""T"", FALLEBAS y HIERROS FALLEBA",Derecha Hierro Pulido c/u - 24,,,,37700,26.55,24
171055,MANIJAS TIPO MINISTERIO PARA PUERTA,"POMELAS, BISAGRAS 5005, BISAGRAS ""T"", FALLEBAS y HIERROS FALLEBA",Izquierda Hierro Pulido c/u - 24,,,,39800,28.03,24
171056,MANIJAS TIPO MINISTERIO PARA PUERTA,Reversible de Hierro Pulido,65x65 mm Hierro Pulido c/u - 50,65x65 mm Hierro Pulido c/u,,,46000,32.39,23
171057,MANIJAS TIPO MINISTERIO PARA PUERTA,Reversible de Hierro Pulido,65x65 mm Zinc Amarilla c/u - 50,65x65 mm Zinc Amarilla c/u,,,49200,34.65,23
171058,MANIJAS TIPO MINISTERIO PARA PUERTA,Reversible de Hierro Pulido,65x65 mm - Zinc Azul,65x65 mm,c/u,50,43800,30.85,23
171059,MANIJAS TIPO MINISTERIO PARA PUERTA,Reversible de Hierro Pulido,65x65 mm Hierro Pulido c/u - 50,65x65 mm Hierro Pulido c/u,,,48700,34.30,23
171060,MANIJAS TIPO MINISTERIO PARA PUERTA,Reversible de Hierro Pulido,65x65 mm Hierro Pulido c/u - 50,65x65 mm Hierro Pulido c/u,,,49000,34.51,23
171061,MANIJAS TIPO MINISTERIO PARA PUERTA,Reversible de Hierro Pulido,65x65 mm Hierro Pulido c/u - 50,65x65 mm Hierro Pulido c/u,,,44200,31.13,23
173001,DESTORNILLADORES,Llave Combinada Milimétrica,6 mm,6 mm,,,10800,7.61,65
173002,DESTORNILLADORES,Llave Combinada Milimétrica,7 mm,7 mm,,,11100,7.82,65
173003,DESTORNILLADORES,Llave Combinada Milimétrica,8 mm,8 mm,,,11300,7.96,65
173004,DESTORNILLADORES,Llave Combinada Milimétrica,9 mm,9 mm,,,11500,8.10,65
173005,DESTORNILLADORES,Llave Combinada Milimétrica,10 mm,10 mm,,,12200,8.59,65
173006,DESTORNILLADORES,Llave Combinada Milimétrica,11 mm,11 mm,,,11900,8.38,65
173007,DESTORNILLADORES,Llave Combinada Milimétrica,12 mm,12 mm,,,11200,7.89,65
173008,DESTORNILLADORES,Llave Combinada Milimétrica,13 mm,13 mm,,,10800,7.61,65
173009,DESTORNILLADORES,Llave Combinada Milimétrica,14 mm,14 mm,,,12300,8.66,65
173010,DESTORNILLADORES,Llave Combinada Milimétrica,15 mm,15 mm,,,11100,7.82,65
173011,DESTORNILLADORES,Llave Combinada Milimétrica,16 mm,16 mm,,,11700,8.24,65
173012,DESTORNILLADORES,Llave Combinada Milimétrica,17 mm,17 mm,,,11000,7.75,65
173013,DESTORNILLADORES,Llave Combinada Milimétrica,18 mm,18 mm,,,10800,7.61,65
173014,DESTORNILLADORES,Llave Combinada Milimétrica,19 mm,19 mm,,,10900,7.68,65
173015,DESTORNILLADORES,Llave Combinada Milimétrica,20 mm,20 mm,,,12000,8.45,65
173016,DESTORNILLADORES,Llave Combinada Milimétrica,21 mm,21 mm,,,11700,8.24,65
173017,DESTORNILLADORES,Llave Combinada Milimétrica,22 mm,22 mm,,,11300,7.96,65
173018,DESTORNILLADORES,Llave Combinada Milimétrica,23 mm,23 mm,,,11600,8.17,65
173019,DESTORNILLADORES,Llave Combinada Milimétrica,24 mm,24 mm,,,11400,8.03,65
173020,DESTORNILLADORES,Llave Combinada Milimétrica,25 mm,25 mm,,,11600,8.17,65
173021,DESTORNILLADORES,Llave Combinada Milimétrica,26 mm,26 mm,,,11800,8.31,65
173022,DESTORNILLADORES,Llave Combinada Milimétrica,27 mm,27 mm,,,11000,7.75,65
173023,DESTORNILLADORES,Llave Combinada Milimétrica,28 mm,28 mm,,,11000,7.75,65
173024,DESTORNILLADORES,Llave Combinada Milimétrica,29 mm,29 mm,,,12000,8.45,65
173025,DESTORNILLADORES,Llave Combinada Milimétrica,30 mm,30 mm,,,12200,8.59,65
173026,DESTORNILLADORES,Llave Combinada Milimétrica,32 mm,32 mm,,,10700,7.54,65
173030,DESTORNILLADORES,Llave Combinada SAE,"1/4""","1/4""",,,11400,8.03,65
173031,DESTORNILLADORES,Llave Combinada SAE,"5/16""","5/16""",,,11900,8.38,65
173032,DESTORNILLADORES,Llave Combinada SAE,"3/8""","3/8""",,,10700,7.54,65
173033,DESTORNILLADORES,Llave Combinada SAE,"7/16""","7/16""",,,11600,8.17,65
173034,DESTORNILLADORES,Llave Combinada SAE,"1/2""","1/2""",,,10700,7.54,65
173035,DESTORNILLADORES,Llave Combinada SAE,"9/16""","9/16""",,,11600,8.17,65
173036,DESTORNILLADORES,Llave Combinada SAE,"5/8""","5/8""",,,11500,8.10,65
173037,DESTORNILLADORES,Llave Combinada SAE,"11/16""","11/16""",,,11600,8.17,65
173038,DESTORNILLADORES,Llave Combinada SAE,"3/4""","3/4""",,,10900,7.68,65
173039,DESTORNILLADORES,Llave Combinada SAE,"13/16""","13/16""",,,11200,7.89,65
173040,DESTORNILLADORES,Llave Combinada SAE,"7/8""","7/8""",,,11500,8.10,65
173041,DESTORNILLADORES,Llave Combinada SAE,"15/16""","15/16""",,,10800,7.61,65
173042,DESTORNILLADORES,Llave Combinada SAE,"1""","1""",,,11000,7.75,65
173050,DESTORNILLADORES,Llave Ajustable Tipo Francesa,"6"" - 6631","6""",,,11700,8.24,65
173051,DESTORNILLADORES,Llave Ajustable Tipo Francesa,"8"" - 6632","8""",,,10700,7.54,65
173052,DESTORNILLADORES,Llave Ajustable Tipo Francesa,"10"" - 6633","10""",,,11500,8.10,65
173053,DESTORNILLADORES,Llave Ajustable Tipo Francesa,"12"" - 6634","12""",,,12100,8.52,65
173054,DESTORNILLADORES,Llave Ajustable Tipo Francesa,"15"" - 6635","15""",,,11400,8.03,65
173100,PINZAS SEGER,PINZAS y ALICATES PARA ELECTRONICA,"Corte Frontal 4"" - 6569 - $ 0,00","Corte Frontal 4""",c/u,6,16500,11.62,64
173101,PINZAS SEGER,PINZAS y ALICATES PARA ELECTRONICA,"Corte Oblicuo 5"" - 6570 - $ 0,00","Corte Oblicuo 5""",c/u,6,16400,11.55,64
173102,TIJERA DE RECOLECCION CITRICA,Alicate Corte Oblicuo,"Corte Oblicuo 6"" - 6338","Corte Oblicuo 6""",c/u,6,20000,14.08,63
173103,TIJERA DE RECOLECCION CITRICA,Alicate Corte Oblicuo,"Corte Oblicuo 7"" - 6339","Corte Oblicuo 7""",c/u,6,21400,15.07,63
173104,TIJERA DE RECOLECCION CITRICA,Alicate Corte Oblicuo,"Corte Oblicuo 8"" - 6340","Corte Oblicuo 8""",c/u,6,22600,15.92,63
173105,TIJERA DE RECOLECCION CITRICA,Alicate Media Caña,"Alic. Media Caña 6"" - 6341","Alic. Media Caña 6""",c/u,6,22300,15.70,63
173106,TIJERA DE RECOLECCION CITRICA,Alicate Media Caña,"Alic. Media Caña 8"" - 6342","Alic. Media Caña 8""",c/u,6,21100,14.86,63
173107,PINZAS SEGER,PINZAS y ALICATES PARA ELECTRONICA,"1/2 Caña Aguja 5"" - 6571 - $ 0,00","1/2 Caña Aguja 5""",c/u,6,17300,12.18,64
173108,PINZAS SEGER,PINZAS y ALICATES PARA ELECTRONICA,"1/2 Caña Curva 5"" - 6572 - $ 0,00","1/2 Caña Curva 5""",c/u,6,17100,12.04,64
173109,TIJERA DE RECOLECCION CITRICA,Alicate Media Caña,"1/2 Caña Curva 8"" - 6343","1/2 Caña Curva 8""",c/u,6,21800,15.35,63
173110,TIJERA DE RECOLECCION CITRICA,Pinza Pico de Loro,Pico Loro Mini - 5159,,c/u,6,15500,10.92,63
173111,TIJERA DE RECOLECCION CITRICA,Pinza Pico de Loro,Pico Loro Tradicional - 5160,,c/u,6,17200,12.11,63
173112,TIJERA DE RECOLECCION CITRICA,Pinza Pico de Loro Doble Cremallera,"Doble Cremallera 10"" - 3958","Doble Cremallera 10""",c/u,6,20000,14.08,63
173113,TIJERA DE RECOLECCION CITRICA,Pinza Pico de Loro Doble Cremallera,"Doble Cremallera 12"" - 6381","Doble Cremallera 12""",c/u,6,23200,16.34,63
173114,TIJERA DE RECOLECCION CITRICA,Pinza Pico de Loro Pesada,Pico Loro Pesada - 3415,,c/u,6,20300,14.30,63
173115,PINZAS SEGER,PINZAS y ALICATES PARA ELECTRONICA,"Punta Chata 5"" - 6573 - $ 0,00","Punta Chata 5""",c/u,6,15400,10.85,64
173117,PINZAS SEGER,PINZAS y ALICATES PARA ELECTRONICA,"Rosario 5"" - 6574 - $ 0,00","Rosario 5""",c/u,6,17600,12.39,64
173118,PINZAS SEGER,PINZAS y ALICATES PARA ELECTRONICA,"Universal 5"" - 6575 - $ 0,00","Universal 5""",c/u,6,15300,10.77,64
173119,TIJERA DE RECOLECCION CITRICA,Pinza Universal,"Pinza Universal 7"" - 6346","Pinza Universal 7""",c/u,6,21200,14.93,63
173120,TIJERA DE RECOLECCION CITRICA,Pinza Universal,"Pinza Universal 8"" - 6347","Pinza Universal 8""",c/u,6,22400,15.77,63
173121,PINZAS SEGER,Pinza Pelacables,"Pela Cable Auto. 8"" - 3972","Pela Cable Auto. 8""",c/u,6,17200,12.11,64
173122,PINZAS SEGER,Pinza Pelacables,"Pela Cable 8"" - 2624","Pela Cable 8""",c/u,6,17800,12.54,64
173123,PINZAS SEGER,Pinza Crimpeadora,Crimpeadora - 6543,,c/u,6,12500,8.80,64
173124,TIJERA DE RECOLECCION CITRICA,Pinza Sacabocado,"Sacabocado 9"" - 6424","Sacabocado 9""",c/u,6,21200,14.93,63
173126,TIJERA DE RECOLECCION CITRICA,Pinza Universal,"Pinza Universal 6"" - 6769","Pinza Universal 6""",c/u,6,23200,16.34,63
173127,PINZAS SEGER,Pinza y Alicate Para Electrónica,"Seger 5"" - Abrir Curva - 5073 - $ 0,00","Seger 5"" - Abrir Curva",c/u,6,16200,11.41,64
173128,PINZAS SEGER,Pinza y Alicate Para Electrónica,"Seger 5"" - Cerrar Recta - 5074 - $ 0,00","Seger 5"" - Cerrar Recta",c/u,6,17500,12.32,64
173139,ACCESORIOS PARA HERRERIA,Mascara Fotosensible,"Mascara Fotosensible ""RED"" - 6787",,c/u,6,5600,3.94,69
173140,ACCESORIOS PARA HERRERIA,Mascara Fotosensible,"Mascara Fotosensible ""PRO"" - WH511",,c/u,6,4800,3.38,69
173141,ACCESORIOS PARA HERRERIA,Soporte Magnético - Para Herrero,"Soporte Magnético 4"" - 6663","Soporte Magnético 4""",c/u,6,11100,7.82,69
173142,ACCESORIOS PARA HERRERIA,Soporte Magnético - Para Herrero,"Soporte Magnético 5"" - 6664","Soporte Magnético 5""",c/u,6,11000,7.75,69
173143,ACCESORIOS PARA HERRERIA,Pinza Porta Electrodo y Masa,Pinza Portaelectrodo de 300 Amp,,c/u,12,5050,3.56,69
173144,ACCESORIOS PARA HERRERIA,Pinza Porta Electrodo y Masa,Pinza Portaelectrodo de 500 Amp,,c/u,12,5250,3.70,69
173145,ACCESORIOS PARA HERRERIA,Pinza Porta Electrodo y Masa,Pinza Masa de 300 Amp,,c/u,12,4750,3.35,69
173146,ACCESORIOS PARA HERRERIA,Pinza Porta Electrodo y Masa,Pinza Masa de 500 Amp,,c/u,12,4500,3.17,69
173202,DESTORNILLADORES,,PH 0 3 x 200 mm - 6209,PH 0 3 x 200 mm,c/u,6,11600,8.17,65
173203,DESTORNILLADORES,,PH 1 4 x 100 mm - 6210,PH 1 4 x 100 mm,c/u,6,11600,8.17,65
173204,DESTORNILLADORES,,PH 1 5 x 100 mm - 6211,PH 1 5 x 100 mm,c/u,6,11900,8.38,65
173205,DESTORNILLADORES,,PH 1 5 x 125 mm - 6738,PH 1 5 x 125 mm,c/u,6,11000,7.75,65
173206,DESTORNILLADORES,,PH 1 5 x 150 mm - 6212,PH 1 5 x 150 mm,c/u,6,10600,7.46,65
173207,DESTORNILLADORES,,PH 2 6 x 38 mm - 6213,PH 2 6 x 38 mm,c/u,6,10600,7.46,65
173208,DESTORNILLADORES,,PH 2 6 x 100 mm - 6739,PH 2 6 x 100 mm,c/u,6,11100,7.82,65
173209,DESTORNILLADORES,,PH 2 6 x 125 mm - 6214,PH 2 6 x 125 mm,c/u,6,11800,8.31,65
173210,DESTORNILLADORES,,PH 2 6 x 150 mm - 6215,PH 2 6 x 150 mm,c/u,6,11600,8.17,65
173211,DESTORNILLADORES,,PH 3 8 x 200 mm - 6216,PH 3 8 x 200 mm,c/u,6,11600,8.17,65
173212,DESTORNILLADORES,,PL 3 3 x 100 mm - 6217,PL 3 3 x 100 mm,c/u,6,12100,8.52,65
173213,DESTORNILLADORES,,PL 3 3 x 150 mm - 6218,PL 3 3 x 150 mm,c/u,6,11000,7.75,65
173214,DESTORNILLADORES,,PL 4 4 x 100 mm - 6219,PL 4 4 x 100 mm,c/u,6,11200,7.89,65
173215,DESTORNILLADORES,,PL 4 4 x 125 mm - 6220,PL 4 4 x 125 mm,c/u,6,11100,7.82,65
173216,DESTORNILLADORES,,PL 5 5 x 100 mm - 6221,PL 5 5 x 100 mm,c/u,6,12300,8.66,65
173217,DESTORNILLADORES,,PL 5 5 x 125 mm - 6222,PL 5 5 x 125 mm,c/u,6,11900,8.38,65
173218,DESTORNILLADORES,,PL 5 5 x 150 mm - 6223,PL 5 5 x 150 mm,c/u,6,10800,7.61,65
173219,DESTORNILLADORES,,PL 6 6 x 100 mm - 6225,PL 6 6 x 100 mm,c/u,6,12100,8.52,65
173220,DESTORNILLADORES,,PL 6 6 x 125 mm - 6226,PL 6 6 x 125 mm,c/u,6,11400,8.03,65
173221,DESTORNILLADORES,,PL 6 6 x 150 mm - 6227,PL 6 6 x 150 mm,c/u,6,12000,8.45,65
173222,DESTORNILLADORES,,PL 8 8 x 200 mm - 6228,PL 8 8 x 200 mm,c/u,6,12200,8.59,65
173223,DESTORNILLADORES,,PL 8 8 x 250 mm - 6229,PL 8 8 x 250 mm,c/u,6,10600,7.46,65
173304,RESORTES,Metro Madera,Wembley - Metal,,c/u,12,1800,1.27,14
173400,DESTORNILLADORES,Barra de Extensión,Barra Extensión 63 mm - Con LED - 6065,Barra Extensión 63 mm - Con LED,c/u,10,10800,7.61,66
173401,DESTORNILLADORES,Barra de Extensión,Barra de Extensión 75 mm - 3541,Barra de Extensión 75 mm,c/u,6,10600,7.46,66
173402,DESTORNILLADORES,Barra de Extensión,Barra de Extensión 125 mm - 3542,Barra de Extensión 125 mm,c/u,6,11700,8.24,66
173403,DESTORNILLADORES,Barra de Extensión,Barra de Extensión 250 mm - 3543,Barra de Extensión 250 mm,c/u,6,11900,8.38,66
173404,DESTORNILLADORES,"Bocallave Encastre 1/2"" - Milimétrica",8 mm,8 mm,,,10700,7.54,67
173405,DESTORNILLADORES,"Bocallave Encastre 1/2"" - Milimétrica",9 mm,9 mm,,,11900,8.38,67
173406,DESTORNILLADORES,"Bocallave Encastre 1/2"" - Milimétrica",10 mm,10 mm,,,11300,7.96,67
173407,DESTORNILLADORES,"Bocallave Encastre 1/2"" - Milimétrica",11 mm,11 mm,,,11000,7.75,67
173408,DESTORNILLADORES,"Bocallave Encastre 1/2"" - Milimétrica",12 mm,12 mm,,,11000,7.75,67
173409,DESTORNILLADORES,"Bocallave Encastre 1/2"" - Milimétrica",13 mm,13 mm,,,12200,8.59,67
173410,DESTORNILLADORES,"Bocallave Encastre 1/2"" - Milimétrica",14 mm,14 mm,,,10700,7.54,67
173411,DESTORNILLADORES,"Bocallave Encastre 1/2"" - Milimétrica",15 mm,15 mm,,,11500,8.10,67
173412,DESTORNILLADORES,"Bocallave Encastre 1/2"" - Milimétrica",16 mm,16 mm,,,11100,7.82,67
173413,DESTORNILLADORES,"Bocallave Encastre 1/2"" - Milimétrica",17 mm,17 mm,,,12100,8.52,67
173414,DESTORNILLADORES,"Bocallave Encastre 1/2"" - Milimétrica",18 mm,18 mm,,,11900,8.38,67
173415,DESTORNILLADORES,"Bocallave Encastre 1/2"" - Milimétrica",19 mm,19 mm,,,11200,7.89,67
173416,DESTORNILLADORES,"Bocallave Encastre 1/2"" - Milimétrica",20 mm,20 mm,,,11700,8.24,67
173417,DESTORNILLADORES,"Bocallave Encastre 1/2"" - Milimétrica",21 mm,21 mm,,,11800,8.31,67
173418,DESTORNILLADORES,"Bocallave Encastre 1/2"" - Milimétrica",22 mm,22 mm,,,11200,7.89,67
173419,DESTORNILLADORES,"Bocallave Encastre 1/2"" - Milimétrica",23 mm,23 mm,,,11100,7.82,67
173420,DESTORNILLADORES,"Bocallave Encastre 1/2"" - Milimétrica",24 mm,24 mm,,,10800,7.61,67
173421,DESTORNILLADORES,"Bocallave Encastre 1/2"" - Milimétrica",25 mm,25 mm,,,11800,8.31,67
173422,DESTORNILLADORES,"Bocallave Encastre 1/2"" - Milimétrica",26 mm,26 mm,,,11000,7.75,67
173423,DESTORNILLADORES,"Bocallave Encastre 1/2"" - Milimétrica",27 mm,27 mm,,,11100,7.82,67
173424,DESTORNILLADORES,"Bocallave Encastre 1/2"" - Milimétrica",28 mm,28 mm,,,10700,7.54,67
173425,DESTORNILLADORES,"Bocallave Encastre 1/2"" - Milimétrica",29 mm,29 mm,,,12300,8.66,67
173426,DESTORNILLADORES,"Bocallave Encastre 1/2"" - Milimétrica",30 mm,30 mm,,,12200,8.59,67
173427,DESTORNILLADORES,"Bocallave Encastre 1/2"" - Milimétrica",32 mm,32 mm,,,12300,8.66,67
173428,DESTORNILLADORES,"Bocallave Encastre 1/2"" - SAE","5/16""","5/16""",,,11700,8.24,67
173429,DESTORNILLADORES,"Bocallave Encastre 1/2"" - SAE","3/8""","3/8""",,,11400,8.03,67
173430,DESTORNILLADORES,"Bocallave Encastre 1/2"" - SAE","7/16""","7/16""",,,11500,8.10,67
173431,DESTORNILLADORES,"Bocallave Encastre 1/2"" - SAE","1/2""","1/2""",,,12400,8.73,67
173432,DESTORNILLADORES,"Bocallave Encastre 1/2"" - SAE","9/16""","9/16""",,,12300,8.66,67
173433,DESTORNILLADORES,"Bocallave Encastre 1/2"" - SAE","5/8""","5/8""",,,11800,8.31,67
173434,DESTORNILLADORES,"Bocallave Encastre 1/2"" - SAE","11/16""","11/16""",,,12000,8.45,67
173435,DESTORNILLADORES,"Bocallave Encastre 1/2"" - SAE","3/4""","3/4""",,,11200,7.89,67
173436,DESTORNILLADORES,"Bocallave Encastre 1/2"" - SAE","13/16""","13/16""",,,11300,7.96,67
173437,DESTORNILLADORES,"Bocallave Encastre 1/2"" - SAE","7/8""","7/8""",,,10900,7.68,67
173438,DESTORNILLADORES,"Bocallave Encastre 1/2"" - SAE","15/16""","15/16""",,,11300,7.96,67
173439,DESTORNILLADORES,"Bocallave Encastre 1/2"" - SAE","1""","1""",,,12000,8.45,67
173440,DESTORNILLADORES,"Bocallave Encastre 1/2"" - SAE","1-1/16""","1-1/16""",,,11500,8.10,67
173441,DESTORNILLADORES,"Bocallave Encastre 1/2"" - SAE","1-1/8""","1-1/8""",,,12100,8.52,67
173442,DESTORNILLADORES,"Bocallave Encastre 1/2"" - SAE","1-3/16""","1-3/16""",,,11100,7.82,67
173443,DESTORNILLADORES,"Bocallave Encastre 1/2"" - SAE","1-1/4""","1-1/4""",,,11900,8.38,67
173444,JUEGOS DE BOCALLAVE,,Bocallave Juego x 17 Piezas - 3893,,c/u,6,81900,57.68,68
173447,JUEGOS DE BOCALLAVE,Tubo Bujía 16 y 21 mm,Bocallave Juego x 55 Piezas - 6628,,c/u,4,84300,59.37,68
173448,DESTORNILLADORES,"Bocallave Para Bujías - Encastre 1/2""",16 mm,16 mm,,,11600,8.17,67
173449,DESTORNILLADORES,"Bocallave Para Bujías - Encastre 1/2""",21 mm,21 mm,,,12400,8.73,67
173450,DESTORNILLADORES,"Bocallave Para Bujías - Encastre 1/2""","5/8""","5/8""",,,11600,8.17,67
173451,DESTORNILLADORES,"Bocallave Para Bujías - Encastre 1/2""","13/16""","13/16""",,,10800,7.61,67
173452,DESTORNILLADORES,Llave Crique,Llave Crique Articulada - 150 mm - 6240,Llave Crique Articulada - 150 mm,c/u,6,11000,7.75,66
173453,DESTORNILLADORES,Llave Crique,Llave Crique Corta - 130 mm - 4132,Llave Crique Corta - 130 mm,c/u,6,11000,7.75,66
173454,DESTORNILLADORES,Llave Crique,Llave Crique Extensible a 450 mm - 6731,Llave Crique Extensible a 450 mm,c/u,6,11800,8.31,66
173455,DESTORNILLADORES,Llave Crique,Llave Crique Curva - 240 mm - 4066,Llave Crique Curva - 240 mm,c/u,6,12300,8.66,66
173456,DESTORNILLADORES,Llave Crique,Llave Crique Doble - 250 mm - 3500,Llave Crique Doble - 250 mm,c/u,6,12100,8.52,66
173457,DESTORNILLADORES,Llave Crique,Llave Crique Pesada - 280 mm - 3501,Llave Crique Pesada - 280 mm,c/u,6,10800,7.61,66
173458,DESTORNILLADORES,"Manija de Fuerza y ""T""",Manija de Fuerza 380 mm - 3540,Manija de Fuerza 380 mm,c/u,6,11900,8.38,66
173459,DESTORNILLADORES,"Manija de Fuerza y ""T""",Manija de Fuerza 450 mm - 6732,Manija de Fuerza 450 mm,c/u,6,10900,7.68,66
173460,DESTORNILLADORES,"Manija de Fuerza y ""T""","Manija ""T"" - 3539",,c/u,6,7450,5.25,66
173461,DESTORNILLADORES,Movimiento Universal,Movimiento Universal - 3456,,c/u,6,8400,5.92,66
173463,JUEGOS DE BOCALLAVE,Tubo Bujía 21 mm,Bocallave Juego x 22 Piezas - 6660,,c/u,6,77300,54.44,68
173464,JUEGOS DE BOCALLAVE,Tubo Bujía 21 mm,Bocallave Juego x 20 Piezas - 6659,,c/u,6,83400,58.73,68
173465,DESTORNILLADORES,"Tubo Pta. T8, T10, T15, T20, T25 y T30 - PL 3, 4, 4.5, 5, 5.5, 6, 6 , 7 y 8 mm",Bocallave Juego x 28 Piezas - 6657,,c/u,6,7250,5.11,67
173466,DESTORNILLADORES,JUEGOS DE BOCALLAVE,Bocallave Juego x 46 Piezas - 6763,,c/u,6,8650,6.09,67
173467,DESTORNILLADORES,"Tubo Pta. T8, T10, T15, T20, T25 y T30 - PL 3, 4, 4.5, 5, 5.5, 6, 6 , 7 y 8 mm",Bocallave Juego x 53 Piezas - 6728,,c/u,6,8550,6.02,67
173468,JUEGOS DE BOCALLAVE,"Pinza Pico de Loro y Universal 7"" - Martillo",Bocallave Juego x 100 Piezas - 6629,,c/u,4,76300,53.73,68
175012,ASPIRADORAS,Nivel de Madera,Nivel Madera N°1 - 30 Cm,Nivel Madera N°1 - 30 Cm,c/u,12,179000,126.06,83
175013,ASPIRADORAS,Nivel de Madera,Nivel Madera N°1 - 40 Cm,Nivel Madera N°1 - 40 Cm,c/u,12,200000,140.85,83
175014,ASPIRADORAS,Nivel de Madera,Nivel Madera N°1 - 50 Cm,Nivel Madera N°1 - 50 Cm,c/u,12,171000,120.42,83
175015,ASPIRADORAS,Nivel de Madera Con Cantonera,Nivel Madera N°3 - Con Cantonera 30 Cm,Nivel Madera N°3 - Con Cantonera 30 Cm,c/u,12,204500,144.01,83
175016,ASPIRADORAS,Nivel de Madera Con Cantonera,Nivel Madera N°3 - Con Cantonera 40 Cm,Nivel Madera N°3 - Con Cantonera 40 Cm,c/u,12,154000,108.45,83
175017,ASPIRADORAS,Nivel de Madera Con Cantonera,Nivel Madera N°3 - Con Cantonera 50 Cm,Nivel Madera N°3 - Con Cantonera 50 Cm,c/u,12,203500,143.31,83
175018,ASPIRADORAS,Nivel de Aluminio,Nivel Aluminio Común - 30 Cm,Nivel Aluminio Común - 30 Cm,c/u,12,205000,144.37,83
175019,ASPIRADORAS,Nivel de Aluminio,Nivel Aluminio Común - 40 Cm,Nivel Aluminio Común - 40 Cm,c/u,12,159500,112.32,83
175020,ASPIRADORAS,Nivel de Aluminio,Nivel Aluminio Común - 50 Cm,Nivel Aluminio Común - 50 Cm,c/u,12,207000,145.77,83
175021,ASPIRADORAS,Nivel de Aluminio Reforzado,Nivel Aluminio Reforzado - 30 Cm,Nivel Aluminio Reforzado - 30 Cm,c/u,12,179000,126.06,83
175022,ASPIRADORAS,Nivel de Aluminio Reforzado,Nivel Aluminio Reforzado - 40 Cm,Nivel Aluminio Reforzado - 40 Cm,c/u,12,166000,116.90,83
175023,ASPIRADORAS,Nivel de Aluminio Reforzado,Nivel Aluminio Reforzado - 50 Cm,Nivel Aluminio Reforzado - 50 Cm,c/u,12,185500,130.63,83
175027,ASPIRADORAS,Gota de Repuesto Para Nivel,Nivel: Gota Repuesto Chica,,c/u,20,164000,115.49,83
175028,ASPIRADORAS,Gota de Repuesto Para Nivel,Nivel: Gota Repuesto Mediana,,c/u,20,202500,142.61,83
175029,ASPIRADORAS,Gota de Repuesto Para Nivel,Nivel: Gota Repuesto Grande,,c/u,20,183000,128.87,83
175035,ASPIRADORAS,Nivel de PVC,Nivel PVC Imantado - 35 Cm,Nivel PVC Imantado - 35 Cm,c/u,12,195000,137.32,83
175036,ASPIRADORAS,Nivel de PVC,Nivel PVC Imantado - 45 Cm,Nivel PVC Imantado - 45 Cm,c/u,12,173500,122.18,83
175037,ASPIRADORAS,Nivel de PVC,Nivel PVC - 65 Cm,Nivel PVC - 65 Cm,c/u,12,182000,128.17,83
175040,ASPIRADORAS,Zaranda de Pino,"Zaranda de Pino, para Fino - 50 x 34 Cm","Zaranda de Pino, para Fino - 50 x 34 Cm",c/u,12,172500,121.48,84
175102,ASPIRADORAS,Fratacho de Algarrobo,Fratacho Algarrobo 12 x 25 Cm,Fratacho Algarrobo 12 x 25 Cm,c/u,12,167000,117.61,84
175103,ASPIRADORAS,Fratacho de Algarrobo,Fratacho Algarrobo 12 x 30 Cm,Fratacho Algarrobo 12 x 30 Cm,c/u,12,180500,127.11,84
175104,ASPIRADORAS,Fratacho de Algarrobo,Fratacho Algarrobo 12 x 35 Cm,Fratacho Algarrobo 12 x 35 Cm,c/u,12,180000,126.76,84
175106,ASPIRADORAS,Fratacho de Algarrobo,Fratacho Algarrobo 14 x 25 Cm,Fratacho Algarrobo 14 x 25 Cm,c/u,12,158500,111.62,84
175107,ASPIRADORAS,Fratacho de Algarrobo,Fratacho Algarrobo 14 x 30 Cm,Fratacho Algarrobo 14 x 30 Cm,c/u,12,206000,145.07,84
175108,ASPIRADORAS,Fratacho de Algarrobo,Fratacho Algarrobo 14 x 35 Cm,Fratacho Algarrobo 14 x 35 Cm,c/u,12,178500,125.70,84
175110,ASPIRADORAS,Pala Hoyadora - Tipo Vizcachera,Pala Hoyadora Fija,,c/u,,198500,139.79,84
175111,ASPIRADORAS,Pala Hoyadora - Tipo Vizcachera,Pala Hoyadora Móvil,,c/u,,202500,142.61,84
175112,ASPIRADORAS,Pala Hoyadora - Tipo Vizcachera,Prolongación de 1 Metro - Para Pala Hoyadora,Prolongación de 1 Metro - Para Pala Hoyadora,c/u,,173000,121.83,84
181185,TORNILLOS AUTOPERFORANTE CABEZA HEXAGONAL,Punta Atornillador - PH2,Punta Atornillador PH2 x 50 mm - Caja x 12 Unid,Punta Atornillador PH2 x 50 mm - Caja x 12 Unid,Caja,,310,0.22,122
181188,TORNILLOS AUTOPERFORANTE CABEZA HEXAGONAL,Boquilla Magnética,"Boquilla Magnética 3/8""","Boquilla Magnética 3/8""",c/u,25,610,0.43,122
181189,TORNILLOS AUTOPERFORANTE CABEZA TANQUE,Tornillo Tanque Autoperforante Punta Aguja,"Tornillo T1 Tanque Punta Aguja 8 x 1/2"" - %","Tornillo T1 Tanque Punta Aguja 8 x 1/2""",,,250,0.18,123
181190,TORNILLOS AUTOPERFORANTE CABEZA TANQUE,Tornillo Tanque Autoperforante Punta Aguja,"Tornillo T1 Tanque Punta Aguja 8 x 3/4"" - %","Tornillo T1 Tanque Punta Aguja 8 x 3/4""",,,470,0.33,123
181191,TORNILLOS AUTOPERFORANTE CABEZA TANQUE,Tornillo Tanque Autoperforante Punta Aguja,"Tornillo T1 Tanque Punta Aguja 8 x 1"" - %","Tornillo T1 Tanque Punta Aguja 8 x 1""",,,140,0.10,123
181192,TORNILLOS AUTOPERFORANTE CABEZA TANQUE,Tornillo Tanque Autoperforante Punta Mecha,"Tornillo T1 Tanque Punta Mecha 8 x 1/2"" - %","Tornillo T1 Tanque Punta Mecha 8 x 1/2""",,,280,0.20,123
181193,TORNILLOS AUTOPERFORANTE CABEZA TANQUE,Tornillo Tanque Autoperforante Punta Mecha,"Tornillo T1 Tanque Punta Mecha 8 x 3/4"" - %","Tornillo T1 Tanque Punta Mecha 8 x 3/4""",,,510,0.36,123
181194,TORNILLOS AUTOPERFORANTE CABEZA TANQUE,Tornillo Tanque Autoperforante Punta Mecha,"Tornillo T1 Tanque Punta Mecha 8 x 1"" - %","Tornillo T1 Tanque Punta Mecha 8 x 1""",,,140,0.10,123
181195,TORNILLOS AUTOPERFORANTE CABEZA TANQUE,Tornillo Pan Framing Punta Mecha,"Tornillo Pan Framing Pta. Mecha 6 x 7/16"" - %","Tornillo Pan Framing Pta. Mecha 6 x 7/16""",,,470,0.33,123
181196,TORNILLOS AUTOPERFORANTE CABEZA TANQUE,Tornillo Pan Framing Punta Mecha,"Tornillo Pan Framing Pta. Mecha 7 x 7/16"" - %","Tornillo Pan Framing Pta. Mecha 7 x 7/16""",,,490,0.35,123
181197,TORNILLOS AUTOPERFORANTE CABEZA HEXAGONAL,Tornillo Alas - Punta Mecha,"Tornillo Alas 8 x 1-¼"" - %",,,,190,0.13,122
181198,TORNILLOS AUTOPERFORANTE CABEZA HEXAGONAL,Tornillo Alas - Punta Mecha,"Tornillo Alas 10 x 5/8"" - %","Tornillo Alas 10 x 5/8""",,,630,0.44,122
181199,TORNILLOS AUTOPERFORANTE CABEZA HEXAGONAL,Tornillo Alas - Punta Mecha,"Tornillo Alas 10 x 2"" - %","Tornillo Alas 10 x 2""",,,320,0.23,122
181200,TORNILLOS AUTOPERFORANTE CABEZA HEXAGONAL,Tornillo Alas - Punta Mecha,"Tornillo Alas 12 x 2-½"" - %",,,,210,0.15,122
181201,TORNILLOS AUTOPERFORANTE CABEZA HEXAGONAL,Tornillo Alas - Punta Mecha,"Tornillo Alas 12 x 3"" - %","Tornillo Alas 12 x 3""",,,470,0.33,122
181202,TORNILLOS AUTOPERFORANTE CABEZA HEXAGONAL,Tornillo Alas - Punta Mecha,"Tornillo Alas 14 x 2-½"" - %",,,,190,0.13,122
181203,TORNILLOS AUTOPERFORANTE CABEZA HEXAGONAL,Tornillo Alas - Punta Mecha,"Tornillo Alas 14 x 3"" - %","Tornillo Alas 14 x 3""",,,480,0.34,122
181204,TORNILLOS AUTOPERFORANTE CABEZA TANQUE,Tornillo Pan Framing Punta Aguja,"Tornillo Pan Framing Pta. Aguja 6 x 7/16"" - %","Tornillo Pan Framing Pta. Aguja 6 x 7/16""",,,540,0.38,123
181500,SOLDADORES MONOFASICO INVERTER,"Peso          5,5 Kilogramos",Bomba de Agua Centrifuga de 3/4 HP,,c/u,2,292000,205.63,70
181501,SOLDADORES MONOFASICO INVERTER,BOMBAS DE AGUA,Bomba de Agua Periférica de 1/2 HP,,c/u,6,279000,196.48,70
181510,DESMALEZADORAS GAMMA,,Desmalezadora GAMMA 40 cc - G1835AR,,c/u,,243000,171.13,71
181511,DESMALEZADORAS GAMMA,Con Cuchilla y Arnés,Desmalezadora GAMMA 52 cc - G1836AR,,c/u,,294000,207.04,71
181515,DESMALEZADORAS GAMMA,DESMALEZADORAS GAMMA ELITE,Desmalezadora GAMMA ELITE 40 cc - G1838AR,,c/u,,243000,171.13,71
181516,DESMALEZADORAS GAMMA,"Con Tanza, Cuchilla y Arnés Profesional",Desmalezadora GAMMA ELITE 52 cc - G1839AR,,c/u,,288000,202.82,71
181520,SOLDADORES MONOFASICO INVERTER,,Inverter GAMMA ARC 130 - G3471AR,,c/u,,279000,196.48,70
181521,SOLDADORES MONOFASICO INVERTER,Con Protector Térmico y Turbo Ventilador,Inverter GAMMA ARC 160 - G3472AR,,c/u,,315000,221.83,70
182020,PALAS ESTAMPADA CABO CORTO,BALDES DE PVC PARA ALBAÑIL,Balde Albañil - PVC - Con Manija Inyectada,,c/u,12,18200,12.82,49
182021,PALAS ESTAMPADA CABO CORTO,BALDES DE PVC PARA ALBAÑIL,Balde Albañil - PVC - Económico,,c/u,12,18800,13.24,49
186001,ASPIRADORAS,Trampa de Madera Para Laucha o Rata,"Trampa de Madera para Laucha ""HURON""",,c/u,24,156000,109.86,86
186002,ASPIRADORAS,Trampa de Madera Para Laucha o Rata,"Trampa de Madera para Rata ""HURON""",,c/u,12,155000,109.15,86
186003,ASPIRADORAS,Trampa de Metal Para Laucha o Rata,"Trampa de Metal para Laucha ""HURON""",,c/u,24,198500,139.79,86
186004,ASPIRADORAS,Trampa de Metal Para Laucha o Rata,"Trampa de Metal para Rata ""HURON""",,c/u,12,204000,143.66,86
186005,ASPIRADORAS,Trampa Jaula Para Laucha o Rata,"Trampa Jaula Redonda Rata ""HURON""",,c/u,10,189000,133.10,86
186006,ASPIRADORAS,Trampa Jaula Para Laucha o Rata,"Trampa Jaula Redonda Laucha ""HURON""",,c/u,10,194500,136.97,86
187001,TEJIDOS MEDIA SOMBRA,Pinceleta Con Cabo de PVC,Pinceleta N°40 - 100 mm,Pinceleta N°40 - 100 mm,c/u,12,66600,46.90,91
187002,TEJIDOS MEDIA SOMBRA,Pinceleta Con Cabo de PVC,Pinceleta N°50 - 125 mm,Pinceleta N°50 - 125 mm,c/u,12,71200,50.14,91
187006,TEJIDOS MEDIA SOMBRA,Mini-Rodillo de Poliéster Forrado,Rodillo Forrado de 5 Cms - Bolsa x 10 Unidades - Bolsa 10,Rodillo Forrado de 5 Cms - Bolsa x 10 Unidades,,,36800,25.92,91
187007,TEJIDOS MEDIA SOMBRA,Mini-Rodillo de Poliéster Forrado,Rodillo Forrado de 8 Cms - Bolsa x 10 Unidades - Bolsa 10,Rodillo Forrado de 8 Cms - Bolsa x 10 Unidades,,,42500,29.93,91
187008,TEJIDOS MEDIA SOMBRA,Mini-Rodillo de Poliéster Forrado,Rodillo Forrado de 11 Cms - Bolsa x 10 Unidades,Rodillo Forrado de 11 Cms - Bolsa x 10 Unidades,Bolsa,10,34100,24.01,91
187009,TEJIDOS MEDIA SOMBRA,Rodillo de Poliéster Especial,Rodillo Poliéster Especial de 17 Cms,Rodillo Poliéster Especial de 17 Cms,c/u,20,40100,28.24,91
187010,TEJIDOS MEDIA SOMBRA,Rodillo de Poliéster Especial,Rodillo Poliéster Especial de 22 Cms,Rodillo Poliéster Especial de 22 Cms,c/u,20,38500,27.11,91
187011,TEJIDOS MEDIA SOMBRA,Rodillo Símil - Lana,Rodillo Símil Lana de 17 Cms,Rodillo Símil Lana de 17 Cms,c/u,20,41400,29.15,91
187012,TEJIDOS MEDIA SOMBRA,Rodillo Símil - Lana,Rodillo Símil Lana de 22 Cms,Rodillo Símil Lana de 22 Cms,c/u,20,42000,29.58,91
187013,TEJIDOS MEDIA SOMBRA,Rodillo de Lana,Rodillo de Lana Natural de 17 Cms,Rodillo de Lana Natural de 17 Cms,c/u,20,41400,29.15,91
187014,TEJIDOS MEDIA SOMBRA,Rodillo de Lana,Rodillo de Lana Natural de 22 Cms,Rodillo de Lana Natural de 22 Cms,c/u,20,39800,28.03,91
187015,TEJIDOS MEDIA SOMBRA,Rodillo de Poliéster Forrado,Rodillo Poliéster Especial Forrado de 17 Cms,Rodillo Poliéster Especial Forrado de 17 Cms,c/u,20,39900,28.10,91
187016,TEJIDOS MEDIA SOMBRA,Rodillo de Poliéster Forrado,Rodillo Poliéster Especial Forrado de 22 Cms,Rodillo Poliéster Especial Forrado de 22 Cms,c/u,20,34100,24.01,91
188001,RESORTES,Calibre,El Abuelo - PVC,,c/u,12,2050,1.44,14
188013,TEJIDOS MEDIA SOMBRA,Tejido Hexagonal Galvanizado - Tipo Gallinero,"Tejido Hexagonal Galvanizado 13 x 1,00 x 25 Metros","Tejido Hexagonal Galvanizado 13 x 1,00 x 25 Metros",Rollo,,62200,43.80,90
188014,TEJIDOS MEDIA SOMBRA,Tejido Hexagonal Galvanizado - Tipo Gallinero,"Tejido Hexagonal Galvanizado 13 x 1,20 x 25 Metros","Tejido Hexagonal Galvanizado 13 x 1,20 x 25 Metros",Rollo,,67800,47.75,90
188015,TEJIDOS MEDIA SOMBRA,Tejido Hexagonal Galvanizado - Tipo Gallinero,"Tejido Hexagonal Galvanizado 13 x 1,50 x 25 Metros","Tejido Hexagonal Galvanizado 13 x 1,50 x 25 Metros",Rollo,,65100,45.85,90
188017,TEJIDOS MEDIA SOMBRA,Tejido Hexagonal Galvanizado - Tipo Gallinero,"Tejido Hexagonal Galvanizado 19 x 1,00 x 25 Metros","Tejido Hexagonal Galvanizado 19 x 1,00 x 25 Metros",Rollo,,72700,51.20,90
188027,TEJIDOS MEDIA SOMBRA,Tejido Mosquitero Galvanizado,"Tejido Mosquitero Galvanizado 0,80 x 30 Metros","Tejido Mosquitero Galvanizado 0,80 x 30 Metros",Rollo,,62300,43.87,90
188028,TEJIDOS MEDIA SOMBRA,Tejido Mosquitero Galvanizado,"Tejido Mosquitero Galvanizado 1,00 x 30 Metros","Tejido Mosquitero Galvanizado 1,00 x 30 Metros",Rollo,,70900,49.93,90
188029,TEJIDOS MEDIA SOMBRA,Tejido Mosquitero Galvanizado,"Tejido Mosquitero Galvanizado 1,20 x 30 Metros","Tejido Mosquitero Galvanizado 1,20 x 30 Metros",Rollo,,69400,48.87,90
188030,TEJIDOS MEDIA SOMBRA,Tejido Galvanizado Para Zaranda,"Tejido Galvanizado Para Zaranda 1,00 x 10 Metros","Tejido Galvanizado Para Zaranda 1,00 x 10 Metros",Rollo,,70800,49.86,90
188031,TEJIDOS MEDIA SOMBRA,Tejido Mosquitero de PVC,"Tejido Mosquitero PVC Gris 0,80 x 30 Metros","Tejido Mosquitero PVC Gris 0,80 x 30 Metros",Rollo,,71900,50.63,90
188032,TEJIDOS MEDIA SOMBRA,Tejido Mosquitero de PVC,"Tejido Mosquitero PVC Gris 1,00 x 30 Metros","Tejido Mosquitero PVC Gris 1,00 x 30 Metros",Rollo,,63300,44.58,90
188033,TEJIDOS MEDIA SOMBRA,Tejido Mosquitero de PVC,"Tejido Mosquitero PVC Gris 1,20 x 30 Metros","Tejido Mosquitero PVC Gris 1,20 x 30 Metros",Rollo,,63100,44.44,90
188100,PITONES,ESQUINEROS,25 mm - 48 Unid,25 mm,Caja,,9450,6.65,25
188101,PITONES,ESQUINEROS,38 mm - 48 Unid,38 mm,Caja,,9500,6.69,25
188102,PITONES,ESQUINEROS,51 mm - 24 Unid,51 mm,Caja,,10000,7.04,25
188103,PITONES,ESQUINEROS,65 mm - 24 Unid,65 mm,Caja,,10500,7.39,25
188104,PITONES,ESQUINEROS,78 mm - 24 Unid,78 mm,Caja,,9650,6.80,25
188105,PITONES,ESQUINEROS,90 mm - 12 Unid,90 mm,Caja,,9850,6.94,25
188106,PITONES,ESQUINEROS,100 mm - 12 Unid,100 mm,Caja,,9800,6.90,25
188107,PITONES,ESQUINEROS,122 mm - 12 Unid,122 mm,Caja,,9850,6.94,25
188108,PITONES,ESQUINEROS,150 mm - 12 Unid,150 mm,Caja,,10100,7.11,25
188109,PITONES,ESQUINEROS,25 mm - 24 Unid,25 mm,Caja,,10800,7.61,25
188110,PITONES,ESQUINEROS,40 mm - 24 Unid,40 mm,Caja,,9550,6.73,25
188111,PITONES,ESQUINEROS,50 mm - 24 Unid,50 mm,Caja,,10300,7.25,25
188112,PITONES,ESQUINEROS,60 mm - 24 Unid,60 mm,Caja,,10600,7.46,25
188113,PITONES,ESQUINEROS,70 mm - 24 Unid,70 mm,Caja,,10200,7.18,25
188114,PITONES,ESQUINEROS,90 mm - 24 Unid,90 mm,Caja,,10600,7.46,25
198001,CAÑOS DE RIEGO,Caño de Riego Liviano,"Caño de Riego Liviano 1/2"" x 25 Metros","Caño de Riego Liviano 1/2"" x 25 Metros",Rollo,,19800,13.94,33
198002,CAÑOS DE RIEGO,Caño de Riego Liviano,"Caño de Riego Liviano 1/2"" x 50 Metros","Caño de Riego Liviano 1/2"" x 50 Metros",Rollo,,17800,12.54,33
198003,CAÑOS DE RIEGO,Caño de Riego Liviano,"Caño de Riego Liviano 3/4"" x 25 Metros","Caño de Riego Liviano 3/4"" x 25 Metros",Rollo,,18600,13.10,33
198004,CAÑOS DE RIEGO,Caño de Riego Reforzado,"Caño de Riego Reforzado 1/2"" x 25 Metros","Caño de Riego Reforzado 1/2"" x 25 Metros",Rollo,,19200,13.52,33
198005,CAÑOS DE RIEGO,Caño de Riego Reforzado,"Caño de Riego Reforzado 1/2"" x 50 Metros","Caño de Riego Reforzado 1/2"" x 50 Metros",Rollo,,17700,12.46,33
198006,CAÑOS DE RIEGO,Caño de Riego Reforzado,"Caño de Riego Reforzado 3/4"" x 25 Metros","Caño de Riego Reforzado 3/4"" x 25 Metros",Rollo,,17500,12.32,33
198007,CAÑOS ESPECIALES,Caño Tipo Cristal,Caño Cristal 8 x 10 - 50 Metros,Caño Cristal 8 x 10 - 50 Metros,Rollo,,30800,21.69,34
198008,CAÑOS DE RIEGO,Caño de Riego Reforzado,"Caño de Riego Reforzado 1"" x 25 Metros","Caño de Riego Reforzado 1"" x 25 Metros",Rollo,,19000,13.38,33
198009,CAÑOS ESPECIALES,Caño Tipo Cristal,Caño Cristal 10 x 12 - 50 Metros,Caño Cristal 10 x 12 - 50 Metros,Rollo,,32200,22.68,34
198010,CAÑOS ESPECIALES,Caño Tipo Cristal,Caño Cristal 10 x 13 - 50 Metros,Caño Cristal 10 x 13 - 50 Metros,Rollo,,34000,23.94,34
198011,CAÑOS ESPECIALES,Caño Tipo Cristal,Caño Cristal 12 x 16 - 50 Metros,Caño Cristal 12 x 16 - 50 Metros,Rollo,,32800,23.10,34
198013,CAÑOS ESPECIALES,Caño Tipo Cristal,Caño Cristal 5 x 8 - 50 Metros,Caño Cristal 5 x 8 - 50 Metros,Rollo,,34400,24.23,34
198015,CAÑOS ESPECIALES,Caño Tipo Cristal,Caño Cristal 6 x 8 - 50 Metros,Caño Cristal 6 x 8 - 50 Metros,Rollo,,30400,21.41,34
198016,CAÑOS ESPECIALES,Caño Tipo Cristal,Caño Cristal 6 x 9 - 50 Metros,Caño Cristal 6 x 9 - 50 Metros,Rollo,,32600,22.96,34
198017,CAÑOS ESPECIALES,Caño Tipo Cristal,Caño Cristal 7 x 10 - 50 Metros,Caño Cristal 7 x 10 - 50 Metros,Rollo,,30100,21.20,34
198018,CAÑOS ESPECIALES,Caño Tipo Cristal,Caño Cristal 8 x 11 - 50 Metros,Caño Cristal 8 x 11 - 50 Metros,Rollo,,31000,21.83,34
198019,CAÑOS ESPECIALES,Caño Tipo Cristal,Caño Cristal 8 x 12 - 50 Metros,Caño Cristal 8 x 12 - 50 Metros,Rollo,,34400,24.23,34
198020,CAÑOS DE RIEGO,Caño de Riego Reforzado,"Caño de Riego Reforzado 1/2"" x 15 Metros","Caño de Riego Reforzado 1/2"" x 15 Metros",Rollo,,20200,14.23,33
198021,CAÑOS ESPECIALES,Caño Tipo Cristal,Caño Cristal 9 x 11 - 50 Metros,Caño Cristal 9 x 11 - 50 Metros,Rollo,,32400,22.82,34
198022,CAÑOS ESPECIALES,Caño Tipo Cristal,Caño Cristal 9 x 12 - 50 Metros,Caño Cristal 9 x 12 - 50 Metros,Rollo,,30100,21.20,34
198023,CAÑOS ESPECIALES,Caño Mallado Alta Presión ( Rojo ),Caño Para Gas 8 x 15 - 50 Metros,Caño Para Gas 8 x 15 - 50 Metros,Rollo,,30300,21.34,34
198024,CAÑOS ESPECIALES,Caño Mallado Alta Presión ( Rojo ),"Caño Ref. Lavarropa 3/4"" - 25 Mts","Caño Ref. Lavarropa 3/4"" - 25 Mts",Rollo,,34700,24.44,34
198025,CAÑOS DE RIEGO,Caño de Riego Reforzado,"Caño de Riego Reforzado 1"" x 50 Metros","Caño de Riego Reforzado 1"" x 50 Metros",Rollo,,20200,14.23,33
198026,CAÑOS ESPECIALES,Caño Tipo Cristal,Caño Cristal 16 x 22 - 25 Metros,Caño Cristal 16 x 22 - 25 Metros,Rollo,,32800,23.10,34
198027,CAÑOS ESPECIALES,Caño Tipo Cristal,Caño Cristal 19 x 25 - 25 Metros,Caño Cristal 19 x 25 - 25 Metros,Rollo,,30100,21.20,34
198028,CAÑOS ESPECIALES,Caño Tipo Cristal,Caño Cristal 16 x 20 - 25 Metros,Caño Cristal 16 x 20 - 25 Metros,Rollo,,34700,24.44,34
198029,CAÑOS DE RIEGO,Caño de Riego Reforzado,"Caño de Riego Reforzado 3/4"" x 50 Metros","Caño de Riego Reforzado 3/4"" x 50 Metros",Rollo,,18400,12.96,33
198030,CAÑOS DE RIEGO,Caño de Riego Liviano,"Caño de Riego Liviano 3/4"" x 50 Metros","Caño de Riego Liviano 3/4"" x 50 Metros",Rollo,,20400,14.37,33
198032,CAÑOS ESPECIALES,Caño Tipo Cristal,Caño Cristal 4 x 7 - 50 Metros,Caño Cristal 4 x 7 - 50 Metros,Rollo,,33000,23.24,34
198035,CAÑOS DE RIEGO,Reforzado Mallado,"Caño de Riego Reforzado Mallado 1/2"" x 25 Metros","Caño de Riego Reforzado Mallado 1/2"" x 25 Metros",Rollo,,19800,13.94,33
198036,CAÑOS DE RIEGO,Reforzado Mallado,"Caño de Riego Reforzado Mallado 1/2"" x 50 Metros","Caño de Riego Reforzado Mallado 1/2"" x 50 Metros",Rollo,,19600,13.80,33
198037,CAÑOS DE RIEGO,Reforzado Mallado,"Caño de Riego Reforzado Mallado 3/4"" x 25 Metros","Caño de Riego Reforzado Mallado 3/4"" x 25 Metros",Rollo,,18700,13.17,33
198038,CAÑOS DE RIEGO,Reforzado Mallado,"Caño de Riego Reforzado Mallado 3/4"" x 50 Metros","Caño de Riego Reforzado Mallado 3/4"" x 50 Metros",Rollo,,17700,12.46,33
198042,CAÑOS DE RIEGO,Cristal Reforzado,"Caño de Riego Reforzado Cristal 1/2"" x 25 Metros","Caño de Riego Reforzado Cristal 1/2"" x 25 Metros",Rollo,,18000,12.68,33
198043,CAÑOS DE RIEGO,Cristal Reforzado,"Caño de Riego Reforzado Cristal 1/2"" x 50 Metros","Caño de Riego Reforzado Cristal 1/2"" x 50 Metros",Rollo,,18200,12.82,33
198044,CAÑOS DE RIEGO,Cristal Reforzado,"Caño de Riego Reforzado Cristal 3/4"" x 25 Metros","Caño de Riego Reforzado Cristal 3/4"" x 25 Metros",Rollo,,20000,14.08,33
198045,CAÑOS DE RIEGO,Cristal Reforzado,"Caño de Riego Reforzado Cristal 3/4"" x 50 Metros","Caño de Riego Reforzado Cristal 3/4"" x 50 Metros",Rollo,,18700,13.17,33
198046,CAÑOS DE RIEGO,Reforzado Mallado,"Caño de Riego Reforzado Mallado 1"" x 25 Metros","Caño de Riego Reforzado Mallado 1"" x 25 Metros",Rollo,,20200,14.23,33
198047,CAÑOS DE RIEGO,Reforzado Mallado,"Caño de Riego Reforzado Mallado 1"" x 50 Metros","Caño de Riego Reforzado Mallado 1"" x 50 Metros",Rollo,,18500,13.03,33
198050,CAÑOS ESPECIALES,Caño Tipo Cristal,Caño Cristal 25 x 31 - 25 Metros,Caño Cristal 25 x 31 - 25 Metros,Rollo,,33800,23.80,34
198051,CAÑOS ESPECIALES,Caño Mallado Alta Presión ( Rojo ),Caño Alta Presión 6 mm x 50 Mts,Caño Alta Presión 6 mm x 50 Mts,Rollo,,30600,21.55,34
198052,CAÑOS ESPECIALES,Caño Mallado Alta Presión ( Rojo ),Caño Alta Presión 8 mm x 50 Mts,Caño Alta Presión 8 mm x 50 Mts,Rollo,,35000,24.65,34
198053,CAÑOS ESPECIALES,Caño Mallado Alta Presión ( Rojo ),Caño Alta Presión 10 mm x 50 Mts,Caño Alta Presión 10 mm x 50 Mts,Rollo,,33700,23.73,34
198054,CAÑOS ESPECIALES,Caño Mallado Alta Presión ( Rojo ),Caño Alta Presión 12 mm x 50 Mts,Caño Alta Presión 12 mm x 50 Mts,Rollo,,32500,22.89,34
198055,CAÑOS ESPECIALES,Caño Mallado Alta Presión ( Rojo ),Caño Alta Presión 19 mm x 25 Mts,Caño Alta Presión 19 mm x 25 Mts,Rollo,,35000,24.65,34
198056,CAÑOS ESPECIALES,Caño Mallado Alta Presión ( Rojo ),Caño Alta Presión 25 mm x 25 Mts,Caño Alta Presión 25 mm x 25 Mts,Rollo,,30200,21.27,34
199001,RESORTES,Línea Expansión,3 - 1x8xL162xV148,,c/u,10,1950,1.37,13
199002,RESORTES,Línea Expansión,4 - 1x13xL177xV161,,c/u,10,2200,1.55,13
199003,RESORTES,Línea Expansión,"5 - 1,5x12xL170xV100",,c/u,10,1900,1.34,13
199004,RESORTES,Línea Expansión,9 - 1x10xL144xV120,,c/u,10,2150,1.51,13
199005,RESORTES,Línea Expansión,"10 - 1,5x12xL142xV81",,c/u,10,2250,1.58,13
199006,RESORTES,Línea Expansión,12 - 1x10xL95xV74,,c/u,10,1950,1.37,13
199007,RESORTES,Línea Expansión,14 - 1x13xL95xV78,,c/u,10,2150,1.51,13
199008,RESORTES,Línea Expansión,"17 - 0,5x4,5xL36xV54",,c/u,10,1700,1.20,13
199009,RESORTES,Línea Expansión,"19 - 0,50x6xL81xV140",,c/u,10,1850,1.30,13
199010,RESORTES,Línea Expansión,"20 - 0,50x6xL37xV50",,c/u,10,2300,1.62,13
199011,RESORTES,Línea Expansión,21 - 1x10xL70xV52,,c/u,10,2000,1.41,13
199012,RESORTES,Línea Expansión,22 - 1x8xL40xV24,,c/u,10,1900,1.34,13
199013,RESORTES,Línea Expansión,"24 - 0,50x4,5xL82xV146",,c/u,10,2250,1.58,13
199014,RESORTES,Línea Expansión,25 - 1x8xL72xV58,,c/u,10,1950,1.37,13
199015,RESORTES,Línea Expansión,"26 - 1,25x10xL82xV51",,c/u,10,2100,1.48,13
199016,RESORTES,Línea Expansión,"27 - 1,75x15xL88xV36",,c/u,10,2100,1.48,13
199017,RESORTES,Línea Expansión,30 - 1x13xL50xV30,,c/u,10,1750,1.23,13
199018,RESORTES,Línea Expansión,"33 - 1,75x12xL61xV23",,c/u,10,2050,1.44,13
199019,RESORTES,Línea Expansión,"34 - 1,50x12xL51xV20",,c/u,10,2200,1.55,13
199020,RESORTES,Línea Expansión,"38 - 1,5x22,6xL175xP8,7",,c/u,10,2150,1.51,13
199021,RESORTES,Línea Expansión,"40 - 1,5x17,4xL73xP7,5",,c/u,10,1750,1.23,13
199022,RESORTES,Línea Expansión,"42 - 1x11,7xL192xV48,1",,c/u,10,1800,1.27,13
199023,RESORTES,Línea Expansión,"44 - 1x11,7xL87xP4,7XV",,c/u,10,2150,1.51,13
199024,RESORTES,Línea Expansión,"46 - 1x7,1xL102xP4,0XV",,c/u,10,2100,1.48,13
199025,RESORTES,Línea Expansión,"50 - 1,75x17,7xL101xP6,3",,c/u,10,2150,1.51,13
199026,RESORTES,Línea Expansión,"52 - 0,8x7xL16xP3,1xV6",,c/u,10,1900,1.34,13
199027,RESORTES,Línea Expansión,"54 - 1,25x10,5xL12xP4XV",,c/u,10,1750,1.23,13
199028,RESORTES,Línea Expansión,"55 - 0,5x6xL6xP3,2xV2",,c/u,10,1700,1.20,13
199029,RESORTES,Línea Expansión,"58 - 0,50x4,5xL65xP2,2XV",,c/u,10,1900,1.34,13
199030,RESORTES,Línea Expansión,"60 - 0,50x4,5xL16xP3xV9",,c/u,10,1900,1.34,13
199031,RESORTES,Línea Expansión,"63 - 0,50x7,7xL10xP3xV5",,c/u,10,1850,1.30,13
199032,RESORTES,Línea Expansión,"64 - 1,5x13xL29xP5,3xV7",,c/u,10,1800,1.27,13
199033,RESORTES,Línea Expansión,69 - 3x23xL168xP10,,c/u,10,1800,1.27,13
199034,RESORTES,Línea Expansión,"71 - 1,75x18xL167xP6,5X",,c/u,10,1950,1.37,13
199035,RESORTES,Línea Expansión,"75 - 0,80x10xL44xV30",,c/u,10,2050,1.44,13
199036,RESORTES,,76 - 3x17xL56xV8,,c/u,10,1950,1.37,13
199037,RESORTES,,76 - 3x17xL63xV10,,c/u,10,1700,1.20,13
199038,RESORTES,,78 - 3x17xL68xV12,,c/u,10,1900,1.34,13
199039,RESORTES,,79 - 3x17xL75xV14,,c/u,10,1750,1.23,13
199040,RESORTES,Línea Expansión,"80 - 1x14,4xl11xP7,2",,c/u,10,2050,1.44,13
199041,RESORTES,,81 - 3x17xL50xV6,,c/u,10,1900,1.34,13
199042,RESORTES,Línea Expansión,"82 - 1,75x18,5xL30xP8",,c/u,10,1950,1.37,13
199043,RESORTES,Línea Expansión,"84 - 1,25x9xL43xP4,8",,c/u,10,1900,1.34,13
199044,RESORTES,Línea Expansión,"85 - 1,25x11xL46xP5",,c/u,10,1950,1.37,13
199045,RESORTES,Línea Expansión,"86 - 2,5x37,3xL40xP17",,c/u,10,1750,1.23,13
199046,RESORTES,Línea Expansión,"87 - 2x34,2xL42xP15 - Set de Resortes",,c/u,10,2250,1.58,13
199047,RESORTES,Línea Expansión,"90 - 1,5x12xL155xP3,1 - Display y 3 cajones - Precio x Conjunto completo",,c/u,10,2250,1.58,13
199048,RESORTES,Línea Expansión,"91 - 0,75x8,6xL18xP2,8 - Código - Art. - Tipo - U/Vta",,c/u,10,2300,1.62,13
199049,RESORTES,Línea Expansión,"94 - 1,75x16,7xL157xV72",,c/u,10,2050,1.44,13
199050,RESORTES,,98 Multiuso Mediado,98 Multiuso Mediado,c/u,10,1800,1.27,13
199051,RESORTES,,99 Multiuso Grande,99 Multiuso Grande,c/u,10,1950,1.37,13
199052,RESORTES,,100 - Multiuso Chico,,c/u,10,1800,1.27,13
199053,RESORTES,,107C Tijera Kastor,,c/u,10,1900,1.34,13
199054,RESORTES,,107G Botón Baño Grande,,c/u,10,2000,1.41,13
199055,RESORTES,,107M Botón Baño Mediano,107M Botón Baño Mediano,c/u,10,3950,2.78,13
199056,RESORTES,,108 - Multiuso Mediado - Línea Automotor,,c/u,10,1950,1.37,13
199057,RESORTES,Línea Expansión,"123 - 1,25x11xL172xV122",,c/u,10,1950,1.37,13
199058,RESORTES,Línea Expansión,"125 - 1,25x17xL67xP5",,c/u,10,2000,1.41,13
199059,RESORTES,,149 - Biconico,,c/u,10,1750,1.23,13
199060,RESORTES,,2017 Acelerador Univ. Corto,,c/u,10,1850,1.30,13
199061,RESORTES,,2049 Acelerador Univ. Corto,,c/u,10,1850,1.30,13
199062,RESORTES,,2103 Embrague Univ. Med,,c/u,10,2100,1.48,13
199063,RESORTES,,2104 Embrague Univ. Chico,,c/u,10,2050,1.44,13
199064,RESORTES,Línea Expansión,SET - Para Ferretería,,c/u,,1800,1.27,13
199068,RESORTES,Precio x unidad,Display - Para Ferretería,,c/u,,1750,1.23,13
208001,CINTAS PARA ENMASCARAR,LIJAS y TELAS ESMERIL,60,,,,3300,2.32,104
208002,CINTAS PARA ENMASCARAR,LIJAS y TELAS ESMERIL,80,,,,3950,2.78,104
208003,CINTAS PARA ENMASCARAR,LIJAS y TELAS ESMERIL,100,,,,3300,2.32,104
208004,CINTAS PARA ENMASCARAR,LIJAS y TELAS ESMERIL,120,,,,3650,2.57,104
208005,CINTAS PARA ENMASCARAR,LIJAS y TELAS ESMERIL,150,,,,3800,2.68,104
208006,CINTAS PARA ENMASCARAR,LIJAS y TELAS ESMERIL,180,,,,3300,2.32,104
208007,CINTAS PARA ENMASCARAR,LIJAS y TELAS ESMERIL,220,,,,3350,2.36,104
208008,CINTAS PARA ENMASCARAR,LIJAS y TELAS ESMERIL,240,,,,3850,2.71,104
208009,CINTAS PARA ENMASCARAR,LIJAS y TELAS ESMERIL,280,,,,3900,2.75,104
208010,CINTAS PARA ENMASCARAR,LIJAS y TELAS ESMERIL,320,,,,4000,2.82,104
208011,CINTAS PARA ENMASCARAR,LIJAS y TELAS ESMERIL,360,,,,3100,2.18,104
208012,CINTAS PARA ENMASCARAR,LIJAS y TELAS ESMERIL,400,,,,3300,2.32,104
208013,CINTAS PARA ENMASCARAR,LIJAS y TELAS ESMERIL,500,,,,3950,2.78,104
208014,CINTAS PARA ENMASCARAR,LIJAS y TELAS ESMERIL,600,,,,3200,2.25,104
208015,CINTAS PARA ENMASCARAR,LIJAS y TELAS ESMERIL,36,,,,3300,2.32,104
208016,CINTAS PARA ENMASCARAR,LIJAS y TELAS ESMERIL,40,,,,4000,2.82,104
208017,CINTAS PARA ENMASCARAR,LIJAS y TELAS ESMERIL,50,,,,4000,2.82,104
208018,CINTAS PARA ENMASCARAR,LIJAS y TELAS ESMERIL,60,,,,3300,2.32,104
208019,CINTAS PARA ENMASCARAR,LIJAS y TELAS ESMERIL,80,,,,3700,2.61,104
208020,CINTAS PARA ENMASCARAR,LIJAS y TELAS ESMERIL,100,,,,3500,2.46,104
208021,CINTAS PARA ENMASCARAR,LIJAS y TELAS ESMERIL,120,,,,3600,2.54,104
208022,CINTAS PARA ENMASCARAR,LIJAS y TELAS ESMERIL,150,,,,3250,2.29,104
208023,CINTAS PARA ENMASCARAR,LIJAS y TELAS ESMERIL,180,,,,3350,2.36,104
208024,CINTAS PARA ENMASCARAR,LIJAS y TELAS ESMERIL,220,,,,3850,2.71,104
208027,CINTAS PARA ENMASCARAR,LIJAS y TELAS ESMERIL,40,,,,3400,2.39,104
208028,CINTAS PARA ENMASCARAR,LIJAS y TELAS ESMERIL,60,,,,3100,2.18,104
208029,CINTAS PARA ENMASCARAR,LIJAS y TELAS ESMERIL,80,,,,3550,2.50,104
208030,CINTAS PARA ENMASCARAR,LIJAS y TELAS ESMERIL,100,,,,3600,2.54,104
208031,CINTAS PARA ENMASCARAR,LIJAS y TELAS ESMERIL,120,,,,3550,2.50,104
208032,CINTAS PARA ENMASCARAR,LIJAS y TELAS ESMERIL,150,,,,3700,2.61,104
208033,CINTAS PARA ENMASCARAR,LIJAS y TELAS ESMERIL,180,,,,3550,2.50,104
208034,CINTAS PARA ENMASCARAR,LIJAS y TELAS ESMERIL,220,,,,4000,2.82,104
208037,CINTAS PARA ENMASCARAR,LIJAS y TELAS ESMERIL,80 - A257 - Paquete x 50 Lijas - K246 - Paquete x 25 Lijas,,,,3450,2.43,104
208038,CINTAS PARA ENMASCARAR,LIJAS y TELAS ESMERIL,100 - Código Grano - Código Grano,,,,3700,2.61,104
208039,CINTAS PARA ENMASCARAR,LIJAS y TELAS ESMERIL,120,,,,3450,2.43,104
208040,CINTAS PARA ENMASCARAR,LIJAS y TELAS ESMERIL,150,,,,3300,2.32,104
208041,CINTAS PARA ENMASCARAR,LIJAS y TELAS ESMERIL,180,,,,3700,2.61,104
208042,CINTAS PARA ENMASCARAR,LIJAS y TELAS ESMERIL,220,,,,3850,2.71,104
208043,CINTAS PARA ENMASCARAR,LIJAS y TELAS ESMERIL,240,,,,3800,2.68,104
208044,CINTAS PARA ENMASCARAR,LIJAS y TELAS ESMERIL,280,,,,3400,2.39,104
208045,CINTAS PARA ENMASCARAR,LIJAS y TELAS ESMERIL,320,,,,3500,2.46,104
208046,CINTAS PARA ENMASCARAR,LIJAS y TELAS ESMERIL,360,,,,3650,2.57,104
208048,CINTAS PARA ENMASCARAR,DISCOS DE FIBRA - OXIDO DE ALUMINIO,16,,c/u,60,3250,2.29,104
208049,CINTAS PARA ENMASCARAR,DISCOS DE FIBRA - OXIDO DE ALUMINIO,24,,c/u,60,3650,2.57,104
208050,CINTAS PARA ENMASCARAR,DISCOS DE FIBRA - OXIDO DE ALUMINIO,36,,c/u,60,3750,2.64,104
208051,CINTAS PARA ENMASCARAR,DISCOS DE FIBRA - OXIDO DE ALUMINIO,50,,c/u,100,3800,2.68,104
208052,CINTAS PARA ENMASCARAR,DISCOS DE FIBRA - OXIDO DE ALUMINIO,60,,c/u,100,3050,2.15,104
208053,CINTAS PARA ENMASCARAR,DISCOS DE FIBRA - OXIDO DE ALUMINIO,80,,c/u,100,4000,2.82,104
208054,CINTAS PARA ENMASCARAR,DISCOS DE FIBRA - OXIDO DE ALUMINIO,100,,c/u,100,3500,2.46,104
208055,CINTAS PARA ENMASCARAR,DISCOS DE FIBRA - OXIDO DE ALUMINIO,120,,c/u,100,3400,2.39,104
208056,DISCOS DE OXIDO DE ALUMINIO PARA AMOLADORA ANGULAR,Oxido de Aluminio,"115 x 0,8 mm","115 x 0,8 mm",c/u,50,1500,1.06,105
208057,DISCOS DE OXIDO DE ALUMINIO PARA AMOLADORA ANGULAR,Oxido de Aluminio,"115 x 6,4 mm","115 x 6,4 mm",c/u,25,1600,1.13,105
208058,DISCOS DE OXIDO DE ALUMINIO PARA AMOLADORA ANGULAR,Oxido de Aluminio,"178 x 6,4 mm","178 x 6,4 mm",c/u,25,1550,1.09,105
208059,DISCOS DE OXIDO DE ALUMINIO PARA AMOLADORA ANGULAR,Oxido de Aluminio,"230 x 6,4 mm","230 x 6,4 mm",c/u,30,1500,1.06,105
208060,DISCOS DE OXIDO DE ALUMINIO PARA AMOLADORA ANGULAR,"Oxido de Aluminio - Corte, Desbaste y Acabado","115 x 2,2 mm","115 x 2,2 mm",c/u,25,1550,1.09,105
208061,DISCOS DE OXIDO DE ALUMINIO PARA AMOLADORA ANGULAR,Oxido de Aluminio,"115 x 3,0 mm","115 x 3,0 mm",c/u,25,1450,1.02,105
208062,DISCOS DE OXIDO DE ALUMINIO PARA AMOLADORA ANGULAR,Oxido de Aluminio,"178 x 3,0 mm","178 x 3,0 mm",c/u,25,1600,1.13,105
208063,DISCOS DE OXIDO DE ALUMINIO PARA AMOLADORA ANGULAR,Oxido de Aluminio,"230 x 3,0 mm","230 x 3,0 mm",c/u,25,1500,1.06,105
208064,DISCOS DE OXIDO DE ALUMINIO PARA AMOLADORA ANGULAR,Oxido de Aluminio,"12""","12""",c/u,10,10200,7.18,105
208065,DISCOS DE OXIDO DE ALUMINIO PARA AMOLADORA ANGULAR,Oxido de Aluminio,"14""","14""",c/u,10,9350,6.58,105
208066,DISCOS DE OXIDO DE ALUMINIO PARA AMOLADORA ANGULAR,Oxido de Aluminio,"16""","16""",c/u,20,10400,7.32,105
208067,DISCOS DE OXIDO DE ALUMINIO PARA AMOLADORA ANGULAR,Oxido de Aluminio,"115 x 5,0 mm","115 x 5,0 mm",c/u,50,1550,1.09,105
208068,DISCOS DE OXIDO DE ALUMINIO PARA AMOLADORA ANGULAR,Oxido de Aluminio,"178 x 4,0 mm","178 x 4,0 mm",c/u,25,1450,1.02,105
208071,DISCOS DE OXIDO DE ALUMINIO PARA AMOLADORA ANGULAR,Oxido de Aluminio,"115 x 1,0 mm","115 x 1,0 mm",c/u,25,1550,1.09,105
208072,DISCOS DE OXIDO DE ALUMINIO PARA AMOLADORA ANGULAR,Oxido de Aluminio,"115 x 1,6 mm","115 x 1,6 mm",c/u,25,1400,0.99,105
208073,DISCOS DE OXIDO DE ALUMINIO PARA AMOLADORA ANGULAR,Oxido de Aluminio,"178 x 1,6 mm","178 x 1,6 mm",c/u,25,1600,1.13,105
208074,DISCOS DE OXIDO DE ALUMINIO PARA AMOLADORA ANGULAR,Oxido de Aluminio,"12""","12""",c/u,10,10300,7.25,105
208075,CINTAS PARA ENMASCARAR,,12 mm,12 mm,c/u,72,2350,1.65,103
208076,CINTAS PARA ENMASCARAR,,18 mm,18 mm,c/u,48,3600,2.54,103
208077,CINTAS PARA ENMASCARAR,,24 mm,24 mm,c/u,36,4850,3.42,103
208078,CINTAS PARA ENMASCARAR,,36 mm,36 mm,c/u,24,6500,4.58,103
208079,CINTAS PARA ENMASCARAR,,48 mm,48 mm,c/u,20,8000,5.63,103
208080,CINTAS PARA ENMASCARAR,,24 mm,24 mm,c/u,36,4300,3.03,103
208081,CINTAS PARA ENMASCARAR,Debaste y Terminación,Disco Rapid Strip - 115 x 22 mm,Disco Rapid Strip - 115 x 22 mm,c/u,10,4150,2.92,104
208082,CINTAS PARA ENMASCARAR,LIJAS y TELAS ESMERIL,280,,,,3500,2.46,104
208083,CINTAS PARA ENMASCARAR,LIJAS y TELAS ESMERIL,320,,,,3600,2.54,104
208085,DISCOS DE OXIDO DE ALUMINIO PARA AMOLADORA ANGULAR,Oxido de Aluminio,"14""","14""",c/u,10,10100,7.11,105
208086,DISCOS DE OXIDO DE ALUMINIO PARA AMOLADORA ANGULAR,Oxido de Aluminio,"16""","16""",c/u,20,9900,6.97,105
208089,CINTAS PARA ENMASCARAR,,36 mm,36 mm,c/u,24,6450,4.54,103
208092,CINTAS PARA ENMASCARAR,LIJAS y TELAS ESMERIL,50,,,,3800,2.68,104
208093,CINTAS PARA ENMASCARAR,LIJAS y TELAS ESMERIL,400,,,,3600,2.54,104
208094,DISCOS DE OXIDO DE ALUMINIO PARA AMOLADORA ANGULAR,Oxido de Aluminio,"115 x 2,0 mm","115 x 2,0 mm",c/u,25,1500,1.06,105
208095,DISCOS DE OXIDO DE ALUMINIO PARA AMOLADORA ANGULAR,Oxido de Aluminio,"178 x 2,0 mm","178 x 2,0 mm",c/u,25,1450,1.02,105
208096,CINTAS PARA ENMASCARAR,ACCESORIOS,Negra,,c/u,8,3000,2.11,103
208097,DISCOS DE OXIDO DE ALUMINIO PARA AMOLADORA ANGULAR,Oxido de Aluminio,"115 x 1,6 mm","115 x 1,6 mm",c/u,25,1400,0.99,105
208098,DISCOS DE OXIDO DE ALUMINIO PARA AMOLADORA ANGULAR,Oxido de Aluminio,"115 x 1,0 mm","115 x 1,0 mm",c/u,25,1500,1.06,105
208099,DISCOS DE OXIDO DE ALUMINIO PARA AMOLADORA ANGULAR,Oxido de Aluminio,"178 x 1,6 mm","178 x 1,6 mm",c/u,25,1600,1.13,105
208105,CINTAS PARA ENMASCARAR,,18 mm,18 mm,c/u,48,3250,2.29,103
208106,CINTAS PARA ENMASCARAR,,48 mm,48 mm,c/u,20,9250,6.51,103
208107,DISCOS DE OXIDO DE ALUMINIO PARA AMOLADORA ANGULAR,Oxido de Aluminio,"230 x 2,0 mm","230 x 2,0 mm",c/u,25,1400,0.99,105
208148,CINTAS PARA ENMASCARAR,ACCESORIOS,Transparente c/u - 8,,,,3300,2.32,103
208149,CINTAS PARA ENMASCARAR,ACCESORIOS,13 Cm - Jgo - 12,13 Cm,,,3450,2.43,103
208159,DISCOS DIAMANTADO PRO,Disco Diamantado Pro Turbo,Turbo Pro - 178 mm,178 mm,c/u,5,38500,27.11,106
208160,CINTAS PARA ENMASCARAR,ACCESORIOS,P1,,Caja,,3500,2.46,103
208161,DISCOS DIAMANTADO PRO,Disco Diamantado Pro Segmentado,Segmentado Pro - 115 mm,115 mm,c/u,10,19800,13.94,106
208162,DISCOS DIAMANTADO PRO,Disco Diamantado Pro Turbo,Turbo Pro - 115 mm,115 mm,c/u,10,19700,13.87,106
208163,DISCOS DIAMANTADO PRO,Disco Diamantado Pro Continuo,Continuo Pro - 115 mm,115 mm,c/u,10,20500,14.44,106
208164,DISCOS DIAMANTADO PRO,Disco Diamantado Pro Segmentado,Segmentado Pro - 178 mm,178 mm,c/u,5,39200,27.61,106
208165,CINTAS PARA ENMASCARAR,ACCESORIOS,de Goma c/u - 10,,,,3300,2.32,103
208183,DISCOS DIAMANTADO PRO,Disco Diamantado Porcelanato,Porcelanato - 230 mm,230 mm,c/u,10,60100,42.32,106
208185,DISCOS DIAMANTADO PRO,Disco Diamantado Classic Continuo,Continuo - 115 mm,115 mm,c/u,10,18700,13.17,106
208186,DISCOS DIAMANTADO PRO,Disco Diamantado Classic Segmentado,Segmentado - 115 mm,115 mm,c/u,10,21000,14.79,106
208187,DISCOS DIAMANTADO PRO,Disco Diamantado Classic Turbo,Turbo - 115 mm,115 mm,c/u,10,20300,14.30,106
208188,DISCOS DIAMANTADO PRO,Disco Diamantado Classic Continuo,Continuo - 178 mm,178 mm,c/u,5,41500,29.23,106
208189,DISCOS DIAMANTADO PRO,Disco Diamantado Classic Segmentado,Segmentado - 178 mm,178 mm,c/u,5,38200,26.90,106
208190,DISCOS DIAMANTADO PRO,Disco Diamantado Classic Turbo,Turbo - 178 mm,178 mm,c/u,5,43500,30.63,106
208191,DISCOS DIAMANTADO PRO,Disco Diamantado Classic Continuo,Continuo - 230 mm,230 mm,c/u,5,54900,38.66,106
208192,DISCOS DIAMANTADO PRO,Disco Diamantado Classic Segmentado,Segmentado - 230 mm,230 mm,c/u,5,54300,38.24,106
208193,DISCOS DIAMANTADO PRO,Disco Diamantado Classic Turbo,Turbo - 230 mm,230 mm,c/u,5,54100,38.10,106
208194,DISCOS DIAMANTADO PRO,Disco Diamantado Pro Turbo,Turbo Pro - 230 mm,230 mm,c/u,5,57800,40.70,106
208195,DISCOS DIAMANTADO PRO,Disco Diamantado Pro Continuo,Continuo Pro - 178 mm,178 mm,c/u,5,43300,30.49,106
208196,DISCOS DIAMANTADO PRO,Disco Diamantado Pro Continuo,Continuo Pro - 230 mm,230 mm,c/u,5,54800,38.59,106
208197,DISCOS DIAMANTADO PRO,Disco Diamantado Pro Segmentado,Segmentado Pro - 230 mm,230 mm,c/u,5,56400,39.72,106
208349,CINTAS PARA ENMASCARAR,DISCOS DE FIBRA - OXIDO DE ALUMINIO,16 - c/u 50,,,,3150,2.22,104
208350,CINTAS PARA ENMASCARAR,DISCOS DE FIBRA - OXIDO DE ALUMINIO,36 - c/u 50,,,,3650,2.57,104
208351,CINTAS PARA ENMASCARAR,DISCOS DE FIBRA - OXIDO DE ALUMINIO,50,,c/u,100,3450,2.43,104
208352,CINTAS PARA ENMASCARAR,DISCOS DE FIBRA - OXIDO DE ALUMINIO,80,,c/u,100,3000,2.11,104
208353,CINTAS PARA ENMASCARAR,DISCOS DE FIBRA - OXIDO DE ALUMINIO,100,,c/u,100,3600,2.54,104
208354,CINTAS PARA ENMASCARAR,DISCOS DE FIBRA - OXIDO DE ALUMINIO,24 - c/u 50,,,,3200,2.25,104
208355,CINTAS PARA ENMASCARAR,DISCOS DE FIBRA - OXIDO DE ALUMINIO,60,,c/u,100,3600,2.54,104
208356,CINTAS PARA ENMASCARAR,DISCOS DE FIBRA - OXIDO DE ALUMINIO,120,,c/u,100,3400,2.39,104
217001,PALAS ESTAMPADA CABO CORTO,,Pala Estampada Palear Ancha - Cabo Corto,,c/u,6,19100,13.45,49
217002,PALAS ESTAMPADA CABO CORTO,PALAS ESTAMPADA CABO LARGO,Pala Estampada Palear Ancha - Cabo Largo,,c/u,6,16400,11.55,49
217003,PALAS ESTAMPADA CABO CORTO,,Pala Estampada Punta Corazón - Cabo Corto,,c/u,6,19400,13.66,49
217004,PALAS ESTAMPADA CABO CORTO,PALAS ESTAMPADA CABO LARGO,Pala Estampada Punta Corazón - Cabo Largo,,c/u,6,19700,13.87,49
217005,PALAS ESTAMPADA CABO CORTO,,Pala Estampada Punta Recta Césped - Cabo Corto,,c/u,6,15600,10.99,49
217006,PALAS ESTAMPADA CABO CORTO,PALAS ESTAMPADA CABO LARGO,Pala Estampada Punta Recta Césped - Cabo Largo,,c/u,6,15800,11.13,49
217007,PALAS ESTAMPADA CABO CORTO,,Pala Estampada Pocera - Cabo Corto,,c/u,6,20000,14.08,49
217008,PALAS ESTAMPADA CABO CORTO,PALAS ESTAMPADA CABO LARGO,Pala Estampada Pocera - Cabo Largo,,c/u,6,16300,11.48,49
218000,TORNILLOS AUTOPERFORANTE CABEZA TANQUE,GANCHOS,Gancho L 30 x 80 Para Techar - %,,,,170,0.12,123
218001,TORNILLOS AUTOPERFORANTE CABEZA TANQUE,GANCHOS,Gancho L 30 x 100 Para Techar - %,,,,180,0.13,123
218002,TORNILLOS AUTOPERFORANTE CABEZA TANQUE,GANCHOS,Gancho L 40 x 80 Para Techar - %,,,,170,0.12,123
218003,TORNILLOS AUTOPERFORANTE CABEZA TANQUE,GANCHOS,Gancho L 40 x 100 Para Techar - %,,,,200,0.14,123
218004,TORNILLOS AUTOPERFORANTE CABEZA TANQUE,GANCHOS,Gancho L 40 x 120 Para Techar - %,,,,180,0.13,123
218005,TORNILLOS AUTOPERFORANTE CABEZA TANQUE,GANCHOS,Gancho L 50 x 100 Para Techar - %,,,,190,0.13,123
218006,TORNILLOS AUTOPERFORANTE CABEZA TANQUE,GANCHOS,Gancho L 50 x 120 Para Techar - %,,,,190,0.13,123
218007,TORNILLOS AUTOPERFORANTE CABEZA TANQUE,GANCHOS,Gancho L 70 x 180 Para Techar - %,,,,190,0.13,123
218008,TORNILLOS AUTOPERFORANTE CABEZA TANQUE,GANCHOS,"Gancho Estira Alambre 5/16 x 8"" - %","Gancho Estira Alambre 5/16 x 8""",,,510,0.36,123
218009,TORNILLOS AUTOPERFORANTE CABEZA TANQUE,GANCHOS,"Gancho Estira Alambre 5/16 x 10"" - %","Gancho Estira Alambre 5/16 x 10""",,,490,0.35,123
218010,TORNILLOS AUTOPERFORANTE CABEZA TANQUE,GANCHOS,"Gancho Estira Alambre 3/8 x 8"" - %","Gancho Estira Alambre 3/8 x 8""",,,530,0.37,123
218011,TORNILLOS AUTOPERFORANTE CABEZA TANQUE,GANCHOS,"Gancho Estira Alambre 3/8 x 10"" - %","Gancho Estira Alambre 3/8 x 10""",,,510,0.36,123
218012,TORNILLOS AUTOPERFORANTE CABEZA TANQUE,GANCHOS,"Gancho Estira Alambre 3/8 x 12"" - %","Gancho Estira Alambre 3/8 x 12""",,,530,0.37,123
218015,TORNILLOS AUTOPERFORANTE CABEZA TANQUE,GANCHOS,Gancho J- 50 - Arandela y Taparosca - %,,,,190,0.13,123
218016,TORNILLOS AUTOPERFORANTE CABEZA TANQUE,GANCHOS,Gancho J- 60 - Arandela y Taparosca - %,,,,170,0.12,123
218017,TORNILLOS AUTOPERFORANTE CABEZA TANQUE,GANCHOS,Gancho J- 70 - Arandela y Taparosca - %,,,,190,0.13,123
218018,TORNILLOS AUTOPERFORANTE CABEZA TANQUE,GANCHOS,Gancho J- 100 - Arandela y Taparosca - %,,,,160,0.11,123
218019,TORNILLOS AUTOPERFORANTE CABEZA TANQUE,GANCHOS,Tapa Rosca - %,,,,160,0.11,123
218020,TORNILLOS AUTOPERFORANTE CABEZA TANQUE,GANCHOS,Arandela Metálica Casquete - %,,,,160,0.11,123
218021,TORNILLOS AUTOPERFORANTE CABEZA TANQUE,GANCHOS,Goma Casquete - %,,,,170,0.12,123
219001,CLAVOS,Clavo Cabeza de Plomo Para Techar,"Clavo Cabeza de Plomo, Techar 3"" - % - 20","Clavo Cabeza de Plomo, Techar 3""",,,13300,9.37,124
219002,CLAVOS,Clavo Cabeza de Plomo Para Techar,"Clavo Cabeza de Plomo, Re Techar 4"" - % - 20","Clavo Cabeza de Plomo, Re Techar 4""",,,14400,10.14,124
219003,CLAVOS,Clavo Paragua Para Techar,"Clavo Paragua, Para Techar 3"" - % - 20","Clavo Paragua, Para Techar 3""",,,14000,9.86,124
219004,CLAVOS,Clavo Paragua Para Techar,"Clavo Paragua, Para Techar 4"" - % - 20","Clavo Paragua, Para Techar 4""",,,13800,9.72,124
219010,TORNILLOS AUTOPERFORANTE CABEZA HEXAGONAL,"Tornillo Cabeza Hexagonal 3/8"" C/Arandela de Goma","Tornillo Autoperforante Hex Pta. Aguja 14 x 2"" - %","Tornillo Autoperforante Hex Pta. Aguja 14 x 2""",,,300,0.21,122
219011,TORNILLOS AUTOPERFORANTE CABEZA HEXAGONAL,"Tornillo Cabeza Hexagonal 3/8"" C/Arandela de Goma","Tornillo Autoperforante Hex Pta. Aguja 14 x 2½"" - %",,,,190,0.13,122
219012,TORNILLOS AUTOPERFORANTE CABEZA HEXAGONAL,"Tornillo Cabeza Hexagonal 3/8"" C/Arandela de Goma","Tornillo Autoperforante Hex Pta. Aguja 14 x 3"" - %","Tornillo Autoperforante Hex Pta. Aguja 14 x 3""",,,430,0.30,122
221004,CLAVOS,Clavo Fino Cabeza Perdida,Clavo Fino 8 x 20 Cabeza Perdida x 1 Kg - Kgr - 20,Clavo Fino 8 x 20 Cabeza Perdida x 1 Kg,,,14300,10.07,124
221005,CLAVOS,Clavo Fino Cabeza Perdida,Clavo Fino 8 x 25 Cabeza Perdida x 1 Kg - Kgr - 20,Clavo Fino 8 x 25 Cabeza Perdida x 1 Kg,,,14400,10.14,124
221006,CLAVOS,Clavo Fino Cabeza Perdida,Clavo Fino 8 x 30 Cabeza Perdida x 1 Kg - Kgr - 20,Clavo Fino 8 x 30 Cabeza Perdida x 1 Kg,,,14300,10.07,124
221007,CLAVOS,Clavo Fino Cabeza Perdida,Clavo Fino 9 x 25 Cabeza Perdida x 1 Kg - Kgr - 20,Clavo Fino 9 x 25 Cabeza Perdida x 1 Kg,,,15100,10.63,124
221008,CLAVOS,Clavo Fino Cabeza Perdida,Clavo Fino 9 x 30 Cabeza Perdida x 1 Kg - Kgr - 20,Clavo Fino 9 x 30 Cabeza Perdida x 1 Kg,,,14100,9.93,124
221009,CLAVOS,Clavo Fino Cabeza Perdida,Clavo Fino 12 x 30 Cabeza Perdida x 1 Kg - Kgr - 20,Clavo Fino 12 x 30 Cabeza Perdida x 1 Kg,,,14000,9.86,124
221010,CLAVOS,Clavo Fino Cabeza Perdida,Clavo Fino 12 x 35 Cabeza Perdida x 1 Kg - Kgr - 20,Clavo Fino 12 x 35 Cabeza Perdida x 1 Kg,,,13200,9.30,124
221011,CLAVOS,Clavo Fino Cabeza Perdida,Clavo Fino 12 x 40 Cabeza Perdida x 1 Kg - Kgr - 20,Clavo Fino 12 x 40 Cabeza Perdida x 1 Kg,,,13600,9.58,124
221012,CLAVOS,Clavo Fino Cabeza Perdida,Clavo Fino 12 x 50 Cabeza Perdida x 1 Kg - Kgr - 20,Clavo Fino 12 x 50 Cabeza Perdida x 1 Kg,,,13900,9.79,124
221013,CLAVOS,Clavo Fino Cabeza Perdida,Clavo Fino 14 x 40 Cabeza Perdida x 1 Kg - Kgr - 20,Clavo Fino 14 x 40 Cabeza Perdida x 1 Kg,,,13000,9.15,124
221014,CLAVOS,Clavo Fino Cabeza Perdida,Clavo Fino 14 x 50 Cabeza Perdida x 1 Kg - Kgr - 20,Clavo Fino 14 x 50 Cabeza Perdida x 1 Kg,,,13700,9.65,124
221020,CLAVOS,Clavo Fino Cabeza Chata,Clavo Fino 8 x 20 Cabeza Chata x 1 Kilo - Kgr - 20,,,,6800,4.79,124
221021,CLAVOS,Clavo Fino Cabeza Chata,Clavo Fino 8 x 25 Cabeza Chata x 1 Kilo - Kgr - 20,,,,7150,5.04,124
221022,CLAVOS,Clavo Fino Cabeza Chata,Clavo Fino 8 x 30 Cabeza Chata x 1 Kilo - Kgr - 20,,,,8750,6.16,124
221023,CLAVOS,Clavo Fino Cabeza Chata,Clavo Fino 9 x 25 Cabeza Chata x 1 Kilo - Kgr - 20,,,,9100,6.41,124
221024,CLAVOS,Clavo Fino Cabeza Chata,Clavo Fino 9 x 30 Cabeza Chata x 1 Kilo - Kgr - 20,,,,8000,5.63,124
221025,CLAVOS,Clavo Fino Cabeza Chata,Clavo Fino 12 x 30 Cabeza Chata x 1 Kilo - Kgr - 20,,,,8000,5.63,124
221026,CLAVOS,Clavo Fino Cabeza Chata,Clavo Fino 12 x 35 Cabeza Chata x 1 Kilo - Kgr - 20,,,,8450,5.95,124
221027,CLAVOS,Clavo Fino Cabeza Chata,Clavo Fino 12 x 40 Cabeza Chata x 1 Kilo - Kgr - 20,,,,7800,5.49,124
221028,CLAVOS,Clavo Fino Cabeza Chata,Clavo Fino 12 x 50 Cabeza Chata x 1 Kilo - Kgr - 20,,,,8800,6.20,124
221029,CLAVOS,Clavo Fino Cabeza Chata,Clavo Fino 14 x 40 Cabeza Chata x 1 Kilo - Kgr - 20,,,,7950,5.60,124
221030,CLAVOS,Clavo Fino Cabeza Chata,Clavo Fino 14 x 50 Cabeza Chata x 1 Kilo - Kgr - 20,,,,7000,4.93,124
221035,CLAVOS,Clavo Acindar Punta Paris,"Clavo Punta Paris 1"" - Bolsa x 1 Kilo - Kgr - 20","Clavo Punta Paris 1"" - Bolsa x 1 Kilo",,,12900,9.08,124
221036,CLAVOS,Clavo Acindar Punta Paris,"Clavo Punta Paris 1-½"" - Bolsa x 1 Kilo - Kgr - 20",,,,8650,6.09,124
221037,CLAVOS,Clavo Acindar Punta Paris,"Clavo Punta Paris 2"" - Bolsa x 1 Kilo - Kgr - 20","Clavo Punta Paris 2"" - Bolsa x 1 Kilo",,,13500,9.51,124
221038,CLAVOS,Clavo Acindar Punta Paris,"Clavo Punta Paris 2-½"" - Bolsa x 1 Kilo - Kgr - 20",,,,7450,5.25,124
221039,CLAVOS,Clavo Acindar Punta Paris,"Clavo Punta Paris 3"" - Bolsa x 1 Kilo - Kgr - 20","Clavo Punta Paris 3"" - Bolsa x 1 Kilo",,,14100,9.93,124
221040,CLAVOS,Clavo Acindar Punta Paris,"Clavo Punta Paris 4"" - Bolsa x 1 Kilo - Kgr - 20","Clavo Punta Paris 4"" - Bolsa x 1 Kilo",,,13300,9.37,124
221041,CLAVOS,Clavo Acindar Punta Paris,"Clavo Punta Paris 5"" - Bolsa x 1 Kilo - Kgr - 20","Clavo Punta Paris 5"" - Bolsa x 1 Kilo",,,13900,9.79,124
221042,CLAVOS,Clavo Acindar Punta Paris,"Clavo Punta Paris 6"" - Bolsa x 1 Kilo - Kgr - 20","Clavo Punta Paris 6"" - Bolsa x 1 Kilo",,,14500,10.21,124
221043,CLAVOS,Clavo de Cobre Para Colocar Tejas,Clavo de Cobre 16 x 38 - x 1 Kg - Kgr - 20,Clavo de Cobre 16 x 38 - x 1 Kg,,,14600,10.28,124
221044,CLAVOS,Clavo de Cobre Para Colocar Tejas,Clavo de Cobre 16 x 50 - x 1 Kg - Kgr - 20,Clavo de Cobre 16 x 50 - x 1 Kg,,,14100,9.93,124
222025,DELANTALES DESCARNE,GUANTES VAQUETA,41032,,,,22100,15.56,8
223001,SOPLETES A GAS ENVASADO,,N°2 Para 10 Kgr,N°2 Para 10 Kgr,c/u,12,27200,19.15,37
223002,SOPLETES A GAS ENVASADO,,N°3Para 10 Kgr,N°3Para 10 Kgr,c/u,12,30300,21.34,37
223003,SOPLETES A GAS ENVASADO,ACCESORIOS PARA SOPLETE y KIT,Martillo de Cobre 70 Grs,Martillo de Cobre 70 Grs,c/u,12,24100,16.97,37
223005,SOPLETES A GAS ENVASADO,,R2000 Para 3 Kgr,R2000 Para 3 Kgr,c/u,12,28400,20.00,37
223006,SOPLETES A GAS ENVASADO,ACCESORIOS PARA SOPLETE y KIT,"Adaptador Garrafa- 1/2 a 3/8""","Adaptador Garrafa- 1/2 a 3/8""",c/u,12,30500,21.48,37
223007,SOPLETES A GAS ENVASADO,,Joyero Con Manguera,,c/u,12,19000,13.38,37
223008,SOPLETES A GAS ENVASADO,,N°2 Para 3 Kgr,N°2 Para 3 Kgr,c/u,12,30000,21.13,37
223009,SOPLETES A GAS ENVASADO,,N°3 Para 3 Kgr,N°3 Para 3 Kgr,c/u,12,29200,20.56,37
223010,SOPLETES A GAS ENVASADO,,R2000 Para 10 Kgr,R2000 Para 10 Kgr,c/u,12,31300,22.04,37
223011,SOPLETES A GAS ENVASADO,,R2500 Para 3 Kgr,R2500 Para 3 Kgr,c/u,12,27200,19.15,37
223012,SOPLETES A GAS ENVASADO,,Lapicera Sin Manguera,,c/u,12,24200,17.04,37
223013,SOPLETES A GAS ENVASADO,,R2500 Para 10 Kgr,R2500 Para 10 Kgr,c/u,12,30200,21.27,37
223022,SOPLETES A GAS ENVASADO,,Pistola Sin Manguera,,c/u,12,20700,14.58,37
223023,SOPLETES A GAS ENVASADO,Macho/Macho,"Adaptador Garrafa- 1/2 a 3/8"" c/u - 12","Adaptador Garrafa- 1/2 a 3/8"" c/u",,,31300,22.04,37
223024,SOPLETES A GAS ENVASADO,ACCESORIOS PARA SOPLETE y KIT,Con Terminal y Abrazadera,,c/u,12,21700,15.28,37
223025,SOPLETES A GAS ENVASADO,ACCESORIOS PARA SOPLETE y KIT,"Con Adaptador de 1/2 a 3/8""","Con Adaptador de 1/2 a 3/8""",c/u,12,28300,19.93,37
223029,SOPLETES A GAS ENVASADO,ACCESORIOS PARA SOPLETE y KIT,"Terminal Manguera de 3/8""","Terminal Manguera de 3/8""",c/u,12,30500,21.48,37
223030,SOPLETES A GAS ENVASADO,Macho/Macho,"Terminal Manguera de 1/2""","Terminal Manguera de 1/2""",c/u,12,28700,20.21,37
223031,SOPLETES A GAS ENVASADO,ACCESORIOS PARA SOPLETE y KIT,Martillo de Cobre 310 Grs,Martillo de Cobre 310 Grs,c/u,12,25300,17.82,37
223032,SOPLETES A GAS ENVASADO,Hembra/Hembra,Kit Completo de Soplete - Kit - 1,,,,23800,16.76,37
223033,SOPLETES A GAS ENVASADO,,R3000 Para 10 Kgr,R3000 Para 10 Kgr,c/u,12,27800,19.58,37
223034,SOPLETES A GAS ENVASADO,,R3500 Para 10 Kgr,R3500 Para 10 Kgr,c/u,12,30400,21.41,37
223035,SOPLETES A GAS ENVASADO,,R3000 Para 10 Kgr,R3000 Para 10 Kgr,c/u,12,29400,20.70,37
223036,SOPLETES A GAS ENVASADO,,R3000 Para 3 Kgr,R3000 Para 3 Kgr,c/u,12,28300,19.93,37
223037,SOPLETES A GAS ENVASADO,,R3500 Para 10 Kgr,R3500 Para 10 Kgr,c/u,12,30000,21.13,37
223039,SOPLETES A GAS ENVASADO,,R3500 Para 3 Kgr,R3500 Para 3 Kgr,c/u,12,29600,20.85,37
224002,MAQUINA DE PVC PARA SALPICAR,Máquina Corta Cerámico,"Máquina Corta Cerámico, 42 Cm ""GRINGA""","Máquina Corta Cerámico, 42 Cm ""GRINGA""",c/u,4,31500,22.18,39
224003,MAQUINA DE PVC PARA SALPICAR,Rueda de Widia - Repuesto Para Máquina Corta Cerámico,Rueda Widia Para Máquina - Blíster x 5 Unidades - Blíster 10,,,,31200,21.97,39
224004,MAQUINA DE PVC PARA SALPICAR,Lápiz Con Punta de Widia,"Lápiz Punta de Widia ""K10"" - Blíster x 10 Unidades - Blíster 10","Lápiz Punta de Widia ""K10"" - Blíster x 10 Unidades",,,45300,31.90,39
224005,MAQUINA DE PVC PARA SALPICAR,Pinza Corta Cerámico,Pinza Para Cortar Cerámico Con Lápiz Punta Widia,,c/u,10,31900,22.46,39
224006,MAQUINA DE PVC PARA SALPICAR,Máquina Salpicar,Máquina Para Salpicar de PVC Alto Impacto,,c/u,10,30400,21.41,39
224007,MAQUINA DE PVC PARA SALPICAR,Terraja Para Caño de PVC,"Terraja de ½, ¾ y 1"" Para Caño de PVC","Terraja de ½, ¾ y 1"" Para Caño de PVC",c/u,10,46400,32.68,39
224011,MAQUINA DE PVC PARA SALPICAR,Máquina Corta Cerámico,"Máquina Corta Cerámico, 50 Cm ""MAXI""","Máquina Corta Cerámico, 50 Cm ""MAXI""",c/u,4,32700,23.03,39
224050,MAQUINA DE PVC PARA SALPICAR,"MECHAS ""NEIKE"" CON PUNTA DE WIDIA",Mecha Widia Corta 3 mm,Mecha Widia Corta 3 mm,c/u,12,47800,33.66,39
224051,MAQUINA DE PVC PARA SALPICAR,"MECHAS ""NEIKE"" CON PUNTA DE WIDIA",Mecha Widia Corta 4 mm,Mecha Widia Corta 4 mm,c/u,12,46200,32.54,39
224052,MAQUINA DE PVC PARA SALPICAR,"MECHAS ""NEIKE"" CON PUNTA DE WIDIA",Mecha Widia Corta 5 mm,Mecha Widia Corta 5 mm,c/u,12,49100,34.58,39
224053,MAQUINA DE PVC PARA SALPICAR,"MECHAS ""NEIKE"" CON PUNTA DE WIDIA",Mecha Widia Corta 6 mm,Mecha Widia Corta 6 mm,c/u,12,45900,32.32,39
224054,MAQUINA DE PVC PARA SALPICAR,"MECHAS ""NEIKE"" CON PUNTA DE WIDIA",Mecha Widia Corta 8 mm,Mecha Widia Corta 8 mm,c/u,12,45700,32.18,39
224055,MAQUINA DE PVC PARA SALPICAR,"MECHAS ""NEIKE"" CON PUNTA DE WIDIA",Mecha Widia Corta 10 mm,Mecha Widia Corta 10 mm,c/u,12,50200,35.35,39
224056,MAQUINA DE PVC PARA SALPICAR,"MECHAS ""NEIKE"" CON PUNTA DE WIDIA",Mecha Widia Corta 12 mm,Mecha Widia Corta 12 mm,c/u,12,51200,36.06,39
224057,MAQUINA DE PVC PARA SALPICAR,"MECHAS ""NEIKE"" CON PUNTA DE WIDIA",Mecha Widia Corta 14 mm,Mecha Widia Corta 14 mm,c/u,12,48900,34.44,39
224060,MAQUINA DE PVC PARA SALPICAR,"MECHAS ""NEIKE"" CON PUNTA DE WIDIA",Mecha Widia 6 x 400 mm,Mecha Widia 6 x 400 mm,c/u,12,44400,31.27,39
224061,MAQUINA DE PVC PARA SALPICAR,"MECHAS ""NEIKE"" CON PUNTA DE WIDIA",Mecha Widia 8 x 400 mm,Mecha Widia 8 x 400 mm,c/u,12,51000,35.92,39
224062,MAQUINA DE PVC PARA SALPICAR,"MECHAS ""NEIKE"" CON PUNTA DE WIDIA",Mecha Widia 10 x 400 mm,Mecha Widia 10 x 400 mm,c/u,12,49700,35.00,39
224063,MAQUINA DE PVC PARA SALPICAR,"MECHAS ""NEIKE"" CON PUNTA DE WIDIA",Mecha Widia 12 x 400 mm,Mecha Widia 12 x 400 mm,c/u,12,50700,35.70,39
224064,MAQUINA DE PVC PARA SALPICAR,"MECHAS ""NEIKE"" CON PUNTA DE WIDIA",Mecha Widia 14 x 400 mm,Mecha Widia 14 x 400 mm,c/u,12,51200,36.06,39
225001,ESCUADRAS PARA SOPORTAR ESTANTES,ACEITERAS,300 cc,,c/u,24,5000,3.52,26
225002,ESCUADRAS PARA SOPORTAR ESTANTES,ACEITERAS,250 cc,,c/u,24,4000,2.82,26
225003,ESCUADRAS PARA SOPORTAR ESTANTES,ACEITERAS,500 cc,,c/u,24,5000,3.52,26
225004,ESCUADRAS PARA SOPORTAR ESTANTES,ACEITERAS,400 cc,,c/u,24,4150,2.92,26
225005,ESCUADRAS PARA SOPORTAR ESTANTES,ACEITERAS,600 cc,,c/u,24,4800,3.38,26
225006,ASPIRADORAS,Cabo de PVC Para Lima,Cabo de PVC para Lima N°1 - Celeste,,c/u,10,197500,139.08,86
225007,ASPIRADORAS,Cabo de PVC Para Lima,Cabo de PVC para Lima N°3 - Gris,,c/u,10,194000,136.62,86
225008,ASPIRADORAS,Cabo de PVC Para Lima,Cabo de PVC para Lima N°4 - Amarillo,,c/u,10,189500,133.45,86
225009,ASPIRADORAS,Cabo de PVC Para Lima,Cabo de PVC para Lima N°5 - Rojo,,c/u,10,179500,126.41,86
225010,ASPIRADORAS,Cabo de PVC Para Lima,Cabo de PVC para Lima N°2 - Verde,,c/u,10,184000,129.58,86
225011,ESCUADRAS PARA SOPORTAR ESTANTES,ACEITERAS,250 cc,,c/u,24,4200,2.96,26
225012,ASPIRADORAS,Cabo de PVC Para Lima,Cabo de PVC para Lima N°0 - Naranja,,c/u,10,175500,123.59,86
225014,ESCUADRAS PARA SOPORTAR ESTANTES,ACEITERAS,500 cc,,c/u,24,4450,3.13,26
227007,CUCHARAS SOLDADA,Rastrillo Sin Rienda,Rastrillo Sin Rienda 12 Dtes - 30 Cms,Rastrillo Sin Rienda 12 Dtes - 30 Cms,c/u,10,9350,6.58,59
227008,CUCHARAS SOLDADA,Rastrillo Sin Rienda,Rastrillo Sin Rienda 14 Dtes - 35 Cms,Rastrillo Sin Rienda 14 Dtes - 35 Cms,c/u,10,10000,7.04,59
227009,CUCHARAS SOLDADA,Rastrillo Sin Rienda,Rastrillo Sin Rienda 16 Dtes - 40 Cms,Rastrillo Sin Rienda 16 Dtes - 40 Cms,c/u,10,7900,5.56,59
227010,CUCHARAS SOLDADA,Rastrillo Sin Rienda,Rastrillo Sin Rienda 18 Dtes - 45 Cms,Rastrillo Sin Rienda 18 Dtes - 45 Cms,c/u,10,9050,6.37,59
227012,CUCHARAS SOLDADA,Rastrillo Con Rienda,Rastrillo Con Rienda 12 Dtes - 30 Cms,Rastrillo Con Rienda 12 Dtes - 30 Cms,c/u,10,8400,5.92,59
227013,CUCHARAS SOLDADA,Rastrillo Con Rienda,Rastrillo Con Rienda 14 Dtes - 35 Cms,Rastrillo Con Rienda 14 Dtes - 35 Cms,c/u,10,10200,7.18,59
227014,CUCHARAS SOLDADA,Rastrillo Con Rienda,Rastrillo Con Rienda 16 Dtes - 40 Cms,Rastrillo Con Rienda 16 Dtes - 40 Cms,c/u,10,8650,6.09,59
227015,CUCHARAS SOLDADA,Rastrillo Con Rienda,Rastrillo Con Rienda 18 Dtes - 45 Cms,Rastrillo Con Rienda 18 Dtes - 45 Cms,c/u,10,10200,7.18,59
230003,TANZAS PARA BORDEADORA,Tanza Redonda,"Tanza Redonda 1,50 mm - Bobina x 1 Kg - 450 Mts","Tanza Redonda 1,50 mm - Bobina x 1 Kg",c/u,12,14100,9.93,72
230004,TANZAS PARA BORDEADORA,Tanza Redonda,"Tanza Redonda 2,00 mm - Bobina x 1 Kg - 270 Mts","Tanza Redonda 2,00 mm - Bobina x 1 Kg",c/u,12,13300,9.37,72
230005,TANZAS PARA BORDEADORA,Tanza Redonda,"Tanza Redonda 2,50 mm - Bobina x 1 Kg - 170 Mts","Tanza Redonda 2,50 mm - Bobina x 1 Kg",c/u,12,15100,10.63,72
230006,TANZAS PARA BORDEADORA,Tanza Redonda,"Tanza Redonda 3,00 mm - Bobina x 1 Kg - 120 Mts","Tanza Redonda 3,00 mm - Bobina x 1 Kg",c/u,12,15000,10.56,72
230007,TANZAS PARA BORDEADORA,En Bolsa Tipo Blíster,"Tanza Redonda 1,50 mm - Bolsa x 15 Mts","Tanza Redonda 1,50 mm - Bolsa x 15 Mts",c/u,20,15000,10.56,72
230008,TANZAS PARA BORDEADORA,En Bolsa Tipo Blíster,"Tanza Redonda 2,00 mm - Bolsa x 15 Mts","Tanza Redonda 2,00 mm - Bolsa x 15 Mts",c/u,20,14400,10.14,72
230009,TANZAS PARA BORDEADORA,En Bolsa Tipo Blíster,"Tanza Redonda 2,50 mm - Bolsa x 15 Mts","Tanza Redonda 2,50 mm - Bolsa x 15 Mts",c/u,20,14900,10.49,72
230010,TANZAS PARA BORDEADORA,En Bolsa Tipo Blíster,"Tanza Redonda 3,00 mm - Bolsa x 10 Mts","Tanza Redonda 3,00 mm - Bolsa x 10 Mts",c/u,20,14200,10.00,72
230012,TANZAS PARA BORDEADORA,Tanza Cuadrada,"Tanza Cuadrada 1,50 mm - Bobina x 1 Kg - 410 Mts","Tanza Cuadrada 1,50 mm - Bobina x 1 Kg",c/u,12,13500,9.51,72
230013,TANZAS PARA BORDEADORA,Tanza Cuadrada,"Tanza Cuadrada 2,00 mm - Bobina x 1 Kg - 235 Mts","Tanza Cuadrada 2,00 mm - Bobina x 1 Kg",c/u,12,14600,10.28,72
230014,TANZAS PARA BORDEADORA,Tanza Cuadrada,"Tanza Cuadrada 2,50 mm - Bobina x 1 Kg - 144 Mts","Tanza Cuadrada 2,50 mm - Bobina x 1 Kg",c/u,12,13800,9.72,72
230015,TANZAS PARA BORDEADORA,Tanza Cuadrada,"Tanza Cuadrada 3,00 mm - Bobina x 1 Kg - 105 Mts","Tanza Cuadrada 3,00 mm - Bobina x 1 Kg",c/u,12,14300,10.07,72
230061,TANZAS PARA BORDEADORA,Tanza Cuadrada,"Tanza Cuadrada 2,00 mm - Bobina x 2 Kg - 470 Mts","Tanza Cuadrada 2,00 mm - Bobina x 2 Kg",c/u,6,13800,9.72,72
230062,TANZAS PARA BORDEADORA,Tanza Cuadrada,"Tanza Cuadrada 3,00 mm - Bobina x 2 Kg - 210 Mts","Tanza Cuadrada 3,00 mm - Bobina x 2 Kg",c/u,6,14000,9.86,72
230063,TANZAS PARA BORDEADORA,Tanza Redonda,"Tanza Redonda 1,50 mm - Bobina x 2 Kg - 900 Mts","Tanza Redonda 1,50 mm - Bobina x 2 Kg",c/u,6,15300,10.77,72
230064,TANZAS PARA BORDEADORA,Tanza Redonda,"Tanza Redonda 2,50 mm - Bobina x 2 Kg - 340 Mts","Tanza Redonda 2,50 mm - Bobina x 2 Kg",c/u,6,14100,9.93,72
230065,TANZAS PARA BORDEADORA,Tanza Redonda,"Tanza Redonda 2,00 mm - Bobina x 2 Kg - 540 Mts","Tanza Redonda 2,00 mm - Bobina x 2 Kg",c/u,6,14700,10.35,72
230066,TANZAS PARA BORDEADORA,Tanza Redonda,"Tanza Redonda 3,00 mm - Bobina x 2 Kg - 240 Mts","Tanza Redonda 3,00 mm - Bobina x 2 Kg",c/u,6,14700,10.35,72
230067,TANZAS PARA BORDEADORA,Tanza Cuadrada,"Tanza Cuadrada 1,50 mm - Bobina x 2 Kg - 820 Mts","Tanza Cuadrada 1,50 mm - Bobina x 2 Kg",c/u,6,14500,10.21,72
230068,TANZAS PARA BORDEADORA,Tanza Cuadrada,"Tanza Cuadrada 2,50 mm - Bobina x 2 Kg - 288 Mts","Tanza Cuadrada 2,50 mm - Bobina x 2 Kg",c/u,6,14100,9.93,72
239002,ARTICULOS PARA COLOCAR CORTINAS,,"Soporte Caño Cortina Zamac Abierto 5/8"" x 50 Unid","Soporte Caño Cortina Zamac Abierto 5/8"" x 50 Unid",Bolsa,1,10000,7.04,87
239003,ARTICULOS PARA COLOCAR CORTINAS,,"Soporte Caño Cortina Zamac Cerrado 5/8"" x 50 Uni","Soporte Caño Cortina Zamac Cerrado 5/8"" x 50 Uni",Bolsa,1,9050,6.37,87
239004,ARTICULOS PARA COLOCAR CORTINAS,,"Soporte Caño Cortina Zamac Abierto 1/2"" x 50 Unid","Soporte Caño Cortina Zamac Abierto 1/2"" x 50 Unid",Bolsa,1,9150,6.44,87
239005,ARTICULOS PARA COLOCAR CORTINAS,,"Soporte Caño Cortina Zamac Cerrado 1/2"" x 50 Uni","Soporte Caño Cortina Zamac Cerrado 1/2"" x 50 Uni",Bolsa,1,10200,7.18,87
239009,ARTICULOS PARA COLOCAR CORTINAS,,"Soporte Caño Cortina - Cerrado 1/2"" x 50 Unidades","Soporte Caño Cortina - Cerrado 1/2"" x 50 Unidades",Bolsa,1,9700,6.83,87
239010,ARTICULOS PARA COLOCAR CORTINAS,,"Soporte Caño Cortina - Cerrado 5/8"" x 50 Unidades","Soporte Caño Cortina - Cerrado 5/8"" x 50 Unidades",Bolsa,1,9150,6.44,87
239011,ARTICULOS PARA COLOCAR CORTINAS,,"Soporte Caño Cortina - Abierto 1/2"" x 50 Unidades","Soporte Caño Cortina - Abierto 1/2"" x 50 Unidades",Bolsa,1,10300,7.25,87
239012,ARTICULOS PARA COLOCAR CORTINAS,,"Soporte Caño Cortina - Abierto 5/8"" x 50 Unidades","Soporte Caño Cortina - Abierto 5/8"" x 50 Unidades",Bolsa,1,9650,6.80,87
239013,ARTICULOS PARA COLOCAR CORTINAS,,"Soporte Caño Cortina - Lateral 1/2"" x 24 Unidades","Soporte Caño Cortina - Lateral 1/2"" x 24 Unidades",Bolsa,1,8950,6.30,87
239014,ARTICULOS PARA COLOCAR CORTINAS,,"Soporte Caño Cortina - Lateral 5/8"" x 24 Unidades","Soporte Caño Cortina - Lateral 5/8"" x 24 Unidades",Bolsa,1,10500,7.39,87
239015,ARTICULOS PARA COLOCAR CORTINAS,,"Soporte Caño Cortina - Tipo Codo 1/2"" x 24 Unidad","Soporte Caño Cortina - Tipo Codo 1/2"" x 24 Unidad",Bolsa,1,9300,6.55,87
239016,ARTICULOS PARA COLOCAR CORTINAS,,"Soporte Caño Cortina - Tipo Codo 5/8"" x 24 Unidad","Soporte Caño Cortina - Tipo Codo 5/8"" x 24 Unidad",Bolsa,1,10000,7.04,87
239017,ARTICULOS PARA COLOCAR CORTINAS,,"Soporte Caño Cortina - Tubular 1/2"" x 24 Unidades","Soporte Caño Cortina - Tubular 1/2"" x 24 Unidades",Bolsa,1,9200,6.48,87
239018,ARTICULOS PARA COLOCAR CORTINAS,,"Soporte Caño Cortina - Tubular 5/8"" x 24 Unidades","Soporte Caño Cortina - Tubular 5/8"" x 24 Unidades",Bolsa,1,10000,7.04,87
239019,ARTICULOS PARA COLOCAR CORTINAS,,"Soporte Cortina - Tubular Con Tornillo 1/2"" x 24 Unid","Soporte Cortina - Tubular Con Tornillo 1/2"" x 24 Unid",Bolsa,1,9200,6.48,87
239020,ARTICULOS PARA COLOCAR CORTINAS,,"Soporte Cortina - Tubular Con Tornillo 5/8"" x 24 Unid","Soporte Cortina - Tubular Con Tornillo 5/8"" x 24 Unid",Bolsa,1,10400,7.32,87
239021,ARTICULOS PARA COLOCAR CORTINAS,,"Soporte Caño Cortina - Ménsula Simple 1/2"" x 10 Un","Soporte Caño Cortina - Ménsula Simple 1/2"" x 10 Un",Caja,1,9400,6.62,88
239022,ARTICULOS PARA COLOCAR CORTINAS,,"Soporte Caño Cortina - Ménsula Simple 5/8"" x 10 Un","Soporte Caño Cortina - Ménsula Simple 5/8"" x 10 Un",Caja,1,10000,7.04,88
239023,ARTICULOS PARA COLOCAR CORTINAS,,"Soporte Caño Cortina - Ménsula Doble 1/2"" x 10 Uni","Soporte Caño Cortina - Ménsula Doble 1/2"" x 10 Uni",Caja,1,9350,6.58,88
239024,ARTICULOS PARA COLOCAR CORTINAS,,"Soporte Caño Cortina - Ménsula Doble 5/8"" x 10 Uni","Soporte Caño Cortina - Ménsula Doble 5/8"" x 10 Uni",Caja,1,9550,6.73,88
239025,ARTICULOS PARA COLOCAR CORTINAS,,"Terminal Caño Cortina 1/2"" x 100 Unidades","Terminal Caño Cortina 1/2"" x 100 Unidades",Bolsa,1,10400,7.32,87
239026,ARTICULOS PARA COLOCAR CORTINAS,,"Terminal Caño Cortina 5/8"" x 100 Unidades","Terminal Caño Cortina 5/8"" x 100 Unidades",Bolsa,1,9250,6.51,87
239027,ARTICULOS PARA COLOCAR CORTINAS,,Varilla Chata Para Visillo - Rollo x 25 Metros,Varilla Chata Para Visillo - Rollo x 25 Metros,Rollo,1,9600,6.76,88
239028,ARTICULOS PARA COLOCAR CORTINAS,,"Varilla Chata Para Visillo x 2,20 Metros","Varilla Chata Para Visillo x 2,20 Metros",c/u,1,9450,6.65,88
239029,ARTICULOS PARA COLOCAR CORTINAS,,Soporte Para Visillo - Hierro con Tornillo x 200 Unid,,Bolsa,1,5300,3.73,88
239030,ARTICULOS PARA COLOCAR CORTINAS,,Soporte Para Visillo - Hierro a Presión x 200 Unid,,Bolsa,1,4600,3.24,88
239031,ARTICULOS PARA COLOCAR CORTINAS,,Soporte Para Visillo - Plástico c/Tornillo x 200 Unid,,Bolsa,1,5250,3.70,88
239032,ARTICULOS PARA COLOCAR CORTINAS,,"Ojal de 1/2"" - Hierro Bronceado a Presión x 144 Uni","Ojal de 1/2"" - Hierro Bronceado a Presión x 144 Uni",Bolsa,1,10100,7.11,88
239033,ARTICULOS PARA COLOCAR CORTINAS,,"Ojal de 5/8"" - Hierro Bronceado a Presión x 144 Uni","Ojal de 5/8"" - Hierro Bronceado a Presión x 144 Uni",Bolsa,1,8950,6.30,88
239034,ARTICULOS PARA COLOCAR CORTINAS,,"Ojal de 1/2"" - Plástico Cristal a Presión x 144 Unid","Ojal de 1/2"" - Plástico Cristal a Presión x 144 Unid",Bolsa,1,9700,6.83,88
239035,ARTICULOS PARA COLOCAR CORTINAS,,"Ojal de 5/8"" - Plástico Cristal a Presión x 144 Unid","Ojal de 5/8"" - Plástico Cristal a Presión x 144 Unid",Bolsa,1,9200,6.48,88
239036,ARTICULOS PARA COLOCAR CORTINAS,,Bracito Para Cortina Standard N°1 x 100 Unidades,,Bolsa,1,4600,3.24,88
239037,ARTICULOS PARA COLOCAR CORTINAS,,Bracito Para Cortina Decorativo N°3 x 24 Unidades,,Bolsa,1,5250,3.70,88
239038,ARTICULOS PARA COLOCAR CORTINAS,,Cinta Plástica Para Entretela de 45 mmx 100 Metros,Cinta Plástica Para Entretela de 45 mmx 100 Metros,Rollo,1,9000,6.34,88
239039,MANIJAS TIPO MINISTERIO PARA PUERTA,,Bronceada - % - 10,,,,37100,26.13,21
239040,MANIJAS TIPO MINISTERIO PARA PUERTA,,Niquelada - % - 10,,,,38300,26.97,21
239042,ARTICULOS PARA COLOCAR CORTINAS,,"Caño-Cortina Zincado Mate de 1/2"" x 4 Metros","Caño-Cortina Zincado Mate de 1/2"" x 4 Metros",c/u,30,10500,7.39,87
239044,ARTICULOS PARA COLOCAR CORTINAS,,"Caño-Cortina Zincado Mate de 5/8"" x 4 Metros","Caño-Cortina Zincado Mate de 5/8"" x 4 Metros",c/u,20,9650,6.80,87
239050,ESCUADRAS PARA SOPORTAR ESTANTES,ESCURRIDORES y TENDER,Caño Blanco,,c/u,,4000,2.82,26
239051,ESCUADRAS PARA SOPORTAR ESTANTES,ESCURRIDORES y TENDER,Cromado,,c/u,,3900,2.75,26
239053,ESCUADRAS PARA SOPORTAR ESTANTES,ESCURRIDORES y TENDER,Caño Blanco c/u,,,,4350,3.06,26
239054,ESCUADRAS PARA SOPORTAR ESTANTES,ESCURRIDORES y TENDER,Cromado,,c/u,,4800,3.38,26
239055,ESCUADRAS PARA SOPORTAR ESTANTES,ESCURRIDORES y TENDER,C/Alas 11 Varilla c/u,,,,3950,2.78,26
239056,ESCUADRAS PARA SOPORTAR ESTANTES,ESCURRIDORES y TENDER,Simple 7 Varillas c/u,,,,4250,2.99,26
239057,ESCUADRAS PARA SOPORTAR ESTANTES,ESCURRIDORES y TENDER,45 Cm/7 Varillas,45 Cm/7 Varillas,c/u,,5000,3.52,26
239058,ESCUADRAS PARA SOPORTAR ESTANTES,ESCURRIDORES y TENDER,45 Cm/9 Varillas,45 Cm/9 Varillas,c/u,,4000,2.82,26
239059,ESCUADRAS PARA SOPORTAR ESTANTES,ESCURRIDORES y TENDER,100 Cm/7 Varilla,100 Cm/7 Varilla,c/u,,4850,3.42,26
239060,ESCUADRAS PARA SOPORTAR ESTANTES,ESCURRIDORES y TENDER,100 Cm/9 Varilla,100 Cm/9 Varilla,c/u,,4850,3.42,26
240001,TEJIDOS MEDIA SOMBRA,,"Tejido Media Sombra Negro Liviano - 4,20 x 50 Metros","Tejido Media Sombra Negro Liviano - 4,20 x 50 Metros",Rollo,,63500,44.72,89
240006,TEJIDOS MEDIA SOMBRA,,"Tejido Media Sombra Negro Liviano - 4,20 x 100 Metros","Tejido Media Sombra Negro Liviano - 4,20 x 100 Metros",Rollo,,72800,51.27,89
240007,TEJIDOS MEDIA SOMBRA,,"Tejido Media Sombra Negro Liviano - 2,10 x 50 Metros","Tejido Media Sombra Negro Liviano - 2,10 x 50 Metros",Rollo,,63600,44.79,89
240008,TEJIDOS MEDIA SOMBRA,,"Tejido Media Sombra Negro Pesado - 4,20 x 50 Metros","Tejido Media Sombra Negro Pesado - 4,20 x 50 Metros",Rollo,,67800,47.75,89
240009,TEJIDOS MEDIA SOMBRA,,"Tejido Media Sombra Negro Pesado - 4,20 x 100 Metros","Tejido Media Sombra Negro Pesado - 4,20 x 100 Metros",Rollo,,62200,43.80,89
240012,TEJIDOS MEDIA SOMBRA,,Gancho Para Sujetar Tejido Media Sombra x 100 Unidad - %,,,,41800,29.44,89
240014,TEJIDOS MEDIA SOMBRA,,"Tejido Media Sombra Verde Liviano - 4,20 x 100 Metros","Tejido Media Sombra Verde Liviano - 4,20 x 100 Metros",Rollo,,66900,47.11,89
240024,ESCUADRAS PARA SOPORTAR ESTANTES,"SOGAS, PIOLINES, CABLE ACERO y ACCESORIOS",4 mm - Metro 100,4 mm,,,8550,6.02,28
240025,ESCUADRAS PARA SOPORTAR ESTANTES,"SOGAS, PIOLINES, CABLE ACERO y ACCESORIOS",5 mm - Metro 100,5 mm,,,8400,5.92,28
240026,ESCUADRAS PARA SOPORTAR ESTANTES,"SOGAS, PIOLINES, CABLE ACERO y ACCESORIOS",6 mm - Metro 100,6 mm,,,7800,5.49,28
240028,ESCUADRAS PARA SOPORTAR ESTANTES,"SOGAS, PIOLINES, CABLE ACERO y ACCESORIOS",8 mm - Metro 100,8 mm,,,8150,5.74,28
240029,ESCUADRAS PARA SOPORTAR ESTANTES,"SOGAS, PIOLINES, CABLE ACERO y ACCESORIOS",10 mm Metro 100 - Hilo Polipropileno,10 mm Metro 100,,,8500,5.99,28
240030,ESCUADRAS PARA SOPORTAR ESTANTES,"SOGAS, PIOLINES, CABLE ACERO y ACCESORIOS",12 mm Metro 100,12 mm Metro 100,,,8750,6.16,28
240044,ESCUADRAS PARA SOPORTAR ESTANTES,"SOGAS, PIOLINES, CABLE ACERO y ACCESORIOS",3 mm - Metro 150,3 mm,,,7700,5.42,28
240045,TEJIDOS MEDIA SOMBRA,TEJIDO RAFIA VERDE - PARA CERCOS,"Tejido Rafia Verde - 1,50 x 100 Metros","Tejido Rafia Verde - 1,50 x 100 Metros",Rollo,,63200,44.51,89
240046,ESCUADRAS PARA SOPORTAR ESTANTES,"SOGAS, PIOLINES, CABLE ACERO y ACCESORIOS",16 mm Metro 100,16 mm Metro 100,,,8600,6.06,28
240047,ESCUADRAS PARA SOPORTAR ESTANTES,"SOGAS, PIOLINES, CABLE ACERO y ACCESORIOS",18 mm Metro 100,18 mm Metro 100,,,8350,5.88,28
240051,ESCUADRAS PARA SOPORTAR ESTANTES,"SOGAS, PIOLINES, CABLE ACERO y ACCESORIOS",14 mm Metro 100 - Código - Descripción - U/Vta,14 mm Metro 100,,,8100,5.70,28
240052,ESCUADRAS PARA SOPORTAR ESTANTES,"SOGAS, PIOLINES, CABLE ACERO y ACCESORIOS",2 mm - Metro 200,2 mm,,,8850,6.23,28
240066,ESCUADRAS PARA SOPORTAR ESTANTES,"SOGAS, PIOLINES, CABLE ACERO y ACCESORIOS",25 mm Metro 100 - Código - Descripción - U/Vta,25 mm Metro 100,,,8000,5.63,28
240068,ESCUADRAS PARA SOPORTAR ESTANTES,"SOGAS, PIOLINES, CABLE ACERO y ACCESORIOS",28 mm Metro 100,28 mm Metro 100,,,7750,5.46,28
240069,ESCUADRAS PARA SOPORTAR ESTANTES,"SOGAS, PIOLINES, CABLE ACERO y ACCESORIOS",5 mm - Metro 100,5 mm,,,7950,5.60,28
240070,ESCUADRAS PARA SOPORTAR ESTANTES,"SOGAS, PIOLINES, CABLE ACERO y ACCESORIOS",6 mm - Metro 100,6 mm,,,7700,5.42,28
240071,ESCUADRAS PARA SOPORTAR ESTANTES,"SOGAS, PIOLINES, CABLE ACERO y ACCESORIOS",8 mm - Metro 100,8 mm,,,8300,5.85,28
240072,ESCUADRAS PARA SOPORTAR ESTANTES,"SOGAS, PIOLINES, CABLE ACERO y ACCESORIOS",10 mm - Metro 100 - Cable de Acero Forrado,10 mm,,,8400,5.92,28
240078,ESCUADRAS PARA SOPORTAR ESTANTES,Soga Para Arrancar Motores,4 mm - Metro 100,4 mm,,,8400,5.92,28
240079,ESCUADRAS PARA SOPORTAR ESTANTES,Soga Para Arrancar Motores,5 mm - Metro 100 - Código - Medida - U/Vta Caja x,5 mm,,,8600,6.06,28
240080,ESCUADRAS PARA SOPORTAR ESTANTES,"SOGAS, PIOLINES, CABLE ACERO y ACCESORIOS",3 mm - Metro 150,3 mm,,,8500,5.99,28
240081,ESCUADRAS PARA SOPORTAR ESTANTES,"SOGAS, PIOLINES, CABLE ACERO y ACCESORIOS",4 mm - Metro 100,4 mm,,,8700,6.13,28
240082,ESCUADRAS PARA SOPORTAR ESTANTES,"SOGAS, PIOLINES, CABLE ACERO y ACCESORIOS",5 mm - Metro 100,5 mm,,,8450,5.95,28
240083,ESCUADRAS PARA SOPORTAR ESTANTES,"SOGAS, PIOLINES, CABLE ACERO y ACCESORIOS",6 mm - Metro 100,6 mm,,,8000,5.63,28
240084,ESCUADRAS PARA SOPORTAR ESTANTES,"SOGAS, PIOLINES, CABLE ACERO y ACCESORIOS",7 mm - Metro 100,7 mm,,,8250,5.81,28
240085,ESCUADRAS PARA SOPORTAR ESTANTES,"SOGAS, PIOLINES, CABLE ACERO y ACCESORIOS",8 mm - Metro 100,8 mm,,,8250,5.81,28
240086,ESCUADRAS PARA SOPORTAR ESTANTES,"SOGAS, PIOLINES, CABLE ACERO y ACCESORIOS",10 mm Metro 100,10 mm Metro 100,,,8600,6.06,28
240087,ESCUADRAS PARA SOPORTAR ESTANTES,"SOGAS, PIOLINES, CABLE ACERO y ACCESORIOS",12 mm Metro 100,12 mm Metro 100,,,8000,5.63,28
240088,ESCUADRAS PARA SOPORTAR ESTANTES,"SOGAS, PIOLINES, CABLE ACERO y ACCESORIOS",14 mm Metro 100,14 mm Metro 100,,,7650,5.39,28
240089,ESCUADRAS PARA SOPORTAR ESTANTES,"SOGAS, PIOLINES, CABLE ACERO y ACCESORIOS",16 mm Metro 100,16 mm Metro 100,,,8800,6.20,28
240090,ESCUADRAS PARA SOPORTAR ESTANTES,"SOGAS, PIOLINES, CABLE ACERO y ACCESORIOS",18 mm Metro 100,18 mm Metro 100,,,8850,6.23,28
240091,ESCUADRAS PARA SOPORTAR ESTANTES,"SOGAS, PIOLINES, CABLE ACERO y ACCESORIOS",20 mm Metro 100,20 mm Metro 100,,,8250,5.81,28
240092,ESCUADRAS PARA SOPORTAR ESTANTES,"SOGAS, PIOLINES, CABLE ACERO y ACCESORIOS",22 mm Metro 100 - Hilo Algodón,22 mm Metro 100,,,7750,5.46,28
240093,ESCUADRAS PARA SOPORTAR ESTANTES,"SOGAS, PIOLINES, CABLE ACERO y ACCESORIOS",24 mm Metro 100,24 mm Metro 100,,,8250,5.81,28
241002,CUCHARAS SOLDADA,AZADAS ALBAÑIL,Azada Albañil Con Ojo,,c/u,12,9250,6.51,56
241003,CUCHARAS SOLDADA,AZADAS ALBAÑIL,Azada Albañil Con Regatón,,c/u,12,9100,6.41,56
241004,CUCHARAS SOLDADA,,Cucharin Albañil N°5½,,c/u,12,10300,7.25,56
241005,CUCHARAS SOLDADA,,Cuchara Albañil N°6,,c/u,12,10300,7.25,56
241006,CUCHARAS SOLDADA,,Cuchara Albañil N°7,,c/u,12,10200,7.18,56
241007,CUCHARAS SOLDADA,,Cuchara Albañil N°8,,c/u,12,8000,5.63,56
241008,CUCHARAS SOLDADA,,Cuchara Albañil N°8M,Cuchara Albañil N°8M,c/u,12,12400,8.73,56
241009,CUCHARAS SOLDADA,,Cuchara Albañil N°8M,Cuchara Albañil N°8M,c/u,12,11900,8.38,56
241010,CUCHARAS SOLDADA,,Cuchara Yesero N°7½,,c/u,12,8650,6.09,56
241011,CUCHARAS SOLDADA,,Cuchara Yesero N°7B,,c/u,12,9500,6.69,56
241012,CUCHARAS SOLDADA,TIJERAS PARA LIGUSTRO,Tijera Ligustro Chayto 20 Cms,Tijera Ligustro Chayto 20 Cms,c/u,12,9700,6.83,56
241013,CUCHARAS SOLDADA,TIJERAS PARA LIGUSTRO,Tijera Ligustro Chayto 25 Cms,Tijera Ligustro Chayto 25 Cms,c/u,12,10200,7.18,56
241014,CUCHARAS SOLDADA,TIJERAS PARA LIGUSTRO,Tijera Ligustro Chayto 30 Cms,Tijera Ligustro Chayto 30 Cms,c/u,12,9750,6.87,56
241015,CUCHARAS SOLDADA,Hacha Tumba Tipo Argentina - 2 Kilos,Hacha Tumba Arg. Encabada,,c/u,12,7700,5.42,56
241018,CUCHARAS SOLDADA,,Cuchara Albañil N°7M,Cuchara Albañil N°7M,c/u,12,10900,7.68,56
241019,CUCHARAS SOLDADA,Pico Punta y Pala Encabado,Pico Pta. y Pala 75 mm Encabado,Pico Pta. y Pala 75 mm Encabado,c/u,12,11300,7.96,56
241020,CUCHARAS SOLDADA,MACHETES,"Machete Chayto de 20""","Machete Chayto de 20""",c/u,20,10900,7.68,56
241021,CUCHARAS SOLDADA,MACHETES,"Machete Chayto de 22""","Machete Chayto de 22""",c/u,20,10900,7.68,56
241029,"ARCOS DE SIERRA ""SIN PAR""",ARCOS DE SIERRA,Chayto,,c/u,12,8700,6.13,16
241030,RESORTES,Metro Madera,Simple,,c/u,12,2000,1.41,14
241031,RESORTES,Metro Madera,Doble,,c/u,12,2100,1.48,14
241038,CUCHARAS SOLDADA,Horquillas,Horquilla 6 Púas Cabo Largo,,c/u,4,9000,6.34,56
241039,CUCHARAS SOLDADA,Horquillas,Horquilla 6 Púas Cabo Corto,,c/u,4,8750,6.16,56
241040,CUCHARAS SOLDADA,Horquillas,Horquilla 4 Púas Cabo Largo,,c/u,4,9550,6.73,56
241041,CUCHARAS SOLDADA,Horquillas,Horquilla 4 Púas Cabo Corto,,c/u,4,7850,5.53,56
249001,CAJAS DE PVC,,Caja Herramientas Art 8001 - 33x17x14 Cms,Caja Herramientas Art 8001 - 33x17x14 Cms,c/u,12,2550,1.80,107
249002,CAJAS DE PVC,,Caja Herramientas Art 8107 - 33x17x13 Cms,Caja Herramientas Art 8107 - 33x17x13 Cms,c/u,12,2600,1.83,107
249003,CAJAS DE PVC,,Caja Herramientas Art 9000 - 41x19x17 Cms,Caja Herramientas Art 9000 - 41x19x17 Cms,c/u,9,2350,1.65,107
249004,CAJAS DE PVC,,Caja Herramientas Art 9101 - 41x19x17 Cms,Caja Herramientas Art 9101 - 41x19x17 Cms,c/u,9,2350,1.65,107
249005,CAJAS DE PVC,,Caja Para Taladro Art 40800 - 36x29x13 Cms,Caja Para Taladro Art 40800 - 36x29x13 Cms,c/u,12,2500,1.76,107
249006,CAJAS DE PVC,,Caja Botiquín Art 8100 - 33x17x14 Cms,Caja Botiquín Art 8100 - 33x17x14 Cms,c/u,12,2300,1.62,107
249007,CAJAS DE PVC,Organizador Multiuso - Cristal,Caja Multiuso Art 1112 - 18x10x04 Cms,Caja Multiuso Art 1112 - 18x10x04 Cms,c/u,30,2750,1.94,107
249008,CAJAS DE PVC,Organizador Multiuso - Cristal,Caja Multiuso Art 2215 - 22x12x04 Cms,Caja Multiuso Art 2215 - 22x12x04 Cms,c/u,24,2550,1.80,107
249009,CAJAS DE PVC,Organizador Multiuso - Cristal,Caja Multiuso Art 3324 - 26x16x04 Cms,Caja Multiuso Art 3324 - 26x16x04 Cms,c/u,18,2400,1.69,107
249010,CAJAS DE PVC,Organizador Multiuso - Cristal,Caja Organizador Art 5518 - 37x29x07 Cms,Caja Organizador Art 5518 - 37x29x07 Cms,c/u,12,2600,1.83,107
249011,CAJAS DE PVC,Organizador Multiuso - Cristal,Caja Organizador Doble Art 30600 - 20x12x31 Cmsc/u - 12,Caja Organizador Doble Art 30600 - 20x12x31 Cmsc/u,,,2750,1.94,107
249012,CAJAS DE PVC,Gavetero - Organizador,Gavetero 6 Cajones Art 30206 - 21x27x18 Cms,Gavetero 6 Cajones Art 30206 - 21x27x18 Cms,c/u,6,2650,1.87,108
249013,CAJAS DE PVC,Gavetero - Organizador,Gavetero 15 Cajones Art 30415 - 23x19x17 Cms,Gavetero 15 Cajones Art 30415 - 23x19x17 Cms,c/u,6,2150,1.51,108
249014,CAJAS DE PVC,Gavetero - Organizador,Gavetero 20 Cajones Art 30520 - 31x23x16 Cms,Gavetero 20 Cajones Art 30520 - 31x23x16 Cms,c/u,4,2650,1.87,108
249015,CAJAS DE PVC,Gavetero - Organizador,Gavetero 24 Cajones Art 30524 - 31x23x16 Cms,Gavetero 24 Cajones Art 30524 - 31x23x16 Cms,c/u,4,2650,1.87,108
249016,CAJAS DE PVC,Gavetero - Organizador,Gavetero 10 Cajones Art 30310 - 21x27x30 Cms,Gavetero 10 Cajones Art 30310 - 21x27x30 Cms,c/u,3,2750,1.94,108
249017,CAJAS DE PVC,"Gaveta ""FURYBINS""",Gaveta Furybins N°3 - 30x10x10 Cms,Gaveta Furybins N°3 - 30x10x10 Cms,c/u,18,2150,1.51,108
249018,CAJAS DE PVC,"Gaveta ""FURYBINS""",Separador Para Gaveta Furybins N°23 - % - 1,,,,2200,1.55,108
249019,CAJAS DE PVC,"Gaveta ""FURYBINS""",Gaveta Furybins N°2 - 18x10x08 Cms,Gaveta Furybins N°2 - 18x10x08 Cms,c/u,18,2450,1.73,108
249020,CAJAS DE PVC,"Gaveta ""FURYBINS""",Separador Para Gaveta Furybins N°5 - % - 1,,,,2450,1.73,108
249021,CAJAS DE PVC,"Gaveta ""FURYBINS""",Gaveta Furybins N°4 - 30x14x13 Cms,Gaveta Furybins N°4 - 30x14x13 Cms,c/u,18,2600,1.83,108
249022,CAJAS DE PVC,"Gaveta ""FURYBINS""",Separador Para Gaveta Furybins N°2 - % - 1,,,,2350,1.65,108
249023,CAJAS DE PVC,"Gaveta ""FURYBINS""",Gaveta Furybins N°5 - 30x21x16 Cms,Gaveta Furybins N°5 - 30x21x16 Cms,c/u,18,2700,1.90,108
249024,CAJAS DE PVC,Rack con Furybins,"Furyrack N°2, Art. RPS-60FB2 - 60 Furybins N°2",,c/u,,2700,1.90,108
249025,CAJAS DE PVC,Rack con Furybins,"Furyrack 44, Art. RPS-44FB - 44 Furybins Surtidos",,c/u,,2200,1.55,108
249026,CAJAS DE PVC,Rack con Furybins,"Furyrack N°3, Art. RPS-64FB3 - 64 Furybins N°3",,c/u,,2650,1.87,108
249027,CAJAS DE PVC,Rack con Furybins,"Furyrack N°4, Art. RPS-42FB4 - 42 Furybins N°4",,c/u,,2650,1.87,108
249028,CAJAS DE PVC,Rack con Furybins,"Furyrack N°5, Art. RPS-24FB5 - 24 Furybins N°5",,c/u,,2250,1.58,108
249029,CAJAS DE PVC,"Gaveta ""FURYBINS""",Gaveta Furybins FBM-250 - 25x14x13 Cms,Gaveta Furybins FBM-250 - 25x14x13 Cms,c/u,20,2850,2.01,108
249031,CAJAS DE PVC,"Gaveta ""FURYBINS""",Separador Para Gaveta Furybins N°2 - % - 1,,,,2500,1.76,108
249032,CAJAS DE PVC,"Gaveta ""FURYBINS""",Gaveta Para Estanterías GE 132/62,,c/u,20,2700,1.90,108
249034,CAJAS DE PVC,Rack con Furybins,"Furyrack FBM250, Art. RPS-54 - 54 Furybins FBM250",,c/u,,2650,1.87,108
249035,CAJAS DE PVC,"Gaveta ""FURYBINS""",Gaveta Modular Volcable - 16x12x11 Cms,Gaveta Modular Volcable - 16x12x11 Cms,c/u,20,2250,1.58,108
249038,CAJAS DE PVC,"Gaveta ""FURYBINS""",Gaveta Furybins N°4 XL - 45x14x13 Cms,Gaveta Furybins N°4 XL - 45x14x13 Cms,c/u,18,2200,1.55,108
250001,CADENAS ESLABON CORTO DERECHO,,"N°30 Kilo - 5,7 Mts/Kgr","5,7 Mts/Kgr",,,17400,12.25,29
250002,CADENAS ESLABON CORTO DERECHO,,"N°35 Kilo - 4,5 Mts/Kgr","4,5 Mts/Kgr",,,10700,7.54,29
250003,CADENAS ESLABON CORTO DERECHO,,"N°40 Kilo - 2,9 Mts/Kgr","2,9 Mts/Kgr",,,19100,13.45,29
250004,CADENAS ESLABON CORTO DERECHO,,"N°45 Kilo - 2,8 Mts/Kgr","2,8 Mts/Kgr",,,18800,13.24,29
250005,CADENAS ESLABON CORTO DERECHO,,"N°50 Kilo - 2,1 Mts/Kgr","2,1 Mts/Kgr",,,1400,0.99,29
250006,CADENAS ESLABON CORTO DERECHO,,"N°55 Kilo - 1,8 Mts/Kgr","1,8 Mts/Kgr",,,18900,13.31,29
250007,CADENAS ESLABON CORTO DERECHO,,"N°60 Kilo - 1,4 Mts/Kgr","1,4 Mts/Kgr",,,8050,5.67,29
250008,CADENAS ESLABON CORTO DERECHO,,"N°70 Kilo - 1,0 Mt/Kgr","1,0 Mt/Kgr",,,3900,2.75,29
250009,CADENAS ESLABON CORTO DERECHO,,"N°80 Kilo - 0,8 Mt/Kgr","0,8 Mt/Kgr",,,4800,3.38,29
250010,CADENAS ESLABON CORTO DERECHO,,"N°100 Kilo - 0,5 Mt/Kgr","0,5 Mt/Kgr",,,4600,3.24,29
250011,CADENAS ESLABON CORTO DERECHO,,"N°130 Kilo - 0,28 Mt/Kgr","0,28 Mt/Kgr",,,3950,2.78,29
250012,CADENAS ESLABON CORTO DERECHO,,"N°25 Kilo - 9,0 Mts/Kgr","9,0 Mts/Kgr",,,1500,1.06,29
250014,CADENAS ESLABON CORTO DERECHO,,"N°160 Kilo - 0,20 Mt/Kgr","0,20 Mt/Kgr",,,4300,3.03,29
250018,CADENAS ESLABON CORTO DERECHO,,"N°90 Kilo - 0,6 Mt/Kgr","0,6 Mt/Kgr",,,4500,3.17,29
250021,CADENAS ESLABON CORTO DERECHO,,"N°110 Kilo - 0,40 Mt/Kgr","0,40 Mt/Kgr",,,4600,3.24,29
250022,CADENAS ESLABON CORTO DERECHO,,"N°120 Kilo - 0,30 Mt/Kgr","0,30 Mt/Kgr",,,4300,3.03,29
250023,CADENAS ESLABON CORTO DERECHO,,"N°160 Kilo - 0,05 Mt/Kgr","0,05 Mt/Kgr",,,4150,2.92,29
250024,CADENAS ESLABON CORTO DERECHO,,"N°140 Kilo - 0,24 Mt/Kgr","0,24 Mt/Kgr",,,3950,2.78,29
251001,HERRAMIENTAS PARA INSTALACION O REPARACION DE PLOMERIA,Fresadora,"Fresadora C/Fresa ½""",,c/u,10,22500,15.85,38
251002,HERRAMIENTAS PARA INSTALACION O REPARACION DE PLOMERIA,Llave Múltiple,Llave Múltiple Para Plomero,,c/u,10,23500,16.55,38
251003,HERRAMIENTAS PARA INSTALACION O REPARACION DE PLOMERIA,Corta-Caño de Cobre,Corta-Caño de Cobre,,c/u,10,20200,14.23,38
251004,HERRAMIENTAS PARA INSTALACION O REPARACION DE PLOMERIA,Corta-Caño de Cobre,Rueda Widia p/Corta-Caño x 6 Unid - Blíster 10,,,,22100,15.56,38
251005,HERRAMIENTAS PARA INSTALACION O REPARACION DE PLOMERIA,Pestañadora,Pestañadora Standard,,c/u,10,19000,13.38,38
251006,HERRAMIENTAS PARA INSTALACION O REPARACION DE PLOMERIA,Lápiz Con Punta de Widia,"Lápiz Punta de Widia ""ONWARD"" x 10 Unidades - Blíster 1",,,,24400,17.18,38
251007,"ARCOS DE SIERRA ""SIN PAR""",ARCOS DE SIERRA,Onward,,c/u,10,7400,5.21,16
251010,HERRAMIENTAS PARA INSTALACION O REPARACION DE PLOMERIA,Fresadora,"Fresa Repuesto de 3/8"" x 6 Unid - Blíster - 10","Fresa Repuesto de 3/8"" x 6 Unid",,,33800,23.80,38
251011,HERRAMIENTAS PARA INSTALACION O REPARACION DE PLOMERIA,Fresadora,"Fresa Repuesto de 1/2"" x 6 Unid - Blíster - 10","Fresa Repuesto de 1/2"" x 6 Unid",,,33400,23.52,38
251012,HERRAMIENTAS PARA INSTALACION O REPARACION DE PLOMERIA,Fresadora,"Fresa Repuesto de 3/4"" x 6 Unid - Blíster - 10","Fresa Repuesto de 3/4"" x 6 Unid",,,32100,22.61,38
251013,ACCESORIOS PARA DESTAPAR CAÑERIAS,,"Fleje de PVC 1,50 Mts, Con Terminal de Bronce","Fleje de PVC 1,50 Mts, Con Terminal de Bronce",c/u,10,20300,14.30,30
251015,HERRAMIENTAS PARA INSTALACION O REPARACION DE PLOMERIA,Termofusora,Termofusora 800 Watts -20/25/32 mm,Termofusora 800 Watts -20/25/32 mm,c/u,1,35900,25.28,38
251016,HERRAMIENTAS PARA INSTALACION O REPARACION DE PLOMERIA,Termofusora,"Termofusora 800 Watts -½, ¾ y 1""","Termofusora 800 Watts -½, ¾ y 1""",c/u,1,34300,24.15,38
251017,HERRAMIENTAS PARA INSTALACION O REPARACION DE PLOMERIA,Termofusora,20 mm,20 mm,c/u,6,36300,25.56,38
251018,HERRAMIENTAS PARA INSTALACION O REPARACION DE PLOMERIA,Termofusora,25 mm,25 mm,c/u,6,35300,24.86,38
251019,HERRAMIENTAS PARA INSTALACION O REPARACION DE PLOMERIA,Termofusora,32 mm,32 mm,c/u,6,33600,23.66,38
251020,HERRAMIENTAS PARA INSTALACION O REPARACION DE PLOMERIA,Termofusora,40 mm,40 mm,c/u,6,33000,23.24,38
251021,HERRAMIENTAS PARA INSTALACION O REPARACION DE PLOMERIA,Termofusora,50 mm,50 mm,c/u,6,33500,23.59,38
251022,HERRAMIENTAS PARA INSTALACION O REPARACION DE PLOMERIA,Termofusora,63 mm,63 mm,c/u,6,35200,24.79,38
251023,HERRAMIENTAS PARA INSTALACION O REPARACION DE PLOMERIA,Termofusora,"1/2""","1/2""",c/u,6,32800,23.10,38
251024,HERRAMIENTAS PARA INSTALACION O REPARACION DE PLOMERIA,Termofusora,"3/4""","3/4""",c/u,6,31700,22.32,38
251025,HERRAMIENTAS PARA INSTALACION O REPARACION DE PLOMERIA,Termofusora,"1""","1""",c/u,6,33300,23.45,38
251026,HERRAMIENTAS PARA INSTALACION O REPARACION DE PLOMERIA,Termofusora,"1-¼""",,c/u,6,22000,15.49,38
251027,HERRAMIENTAS PARA INSTALACION O REPARACION DE PLOMERIA,Termofusora,"1-½""",,c/u,6,24700,17.39,38
251028,HERRAMIENTAS PARA INSTALACION O REPARACION DE PLOMERIA,Termofusora,"2""","2""",c/u,6,32300,22.75,38
253000,DELANTALES DESCARNE,GUANTES DESCARNE,Corto / Puño Descarne - Par - 12,,,,27300,19.23,8
253001,DELANTALES DESCARNE,GUANTES DESCARNE,Corto Con Puño d Lona - Par - 12,,,,28600,20.14,8
253002,DELANTALES DESCARNE,GUANTES DESCARNE,Largo / Puño Descarne - Par - 12,,,,28400,20.00,8
253003,DELANTALES DESCARNE,GUANTES VAQUETA,Lincoln Puño Corto - Par - 12,,,,21800,15.35,8
253004,DELANTALES DESCARNE,GUANTES VAQUETA,½ Vaqueta Puño Largo - Par - 12,,,,24700,17.39,8
253005,DELANTALES DESCARNE,GUANTES VAQUETA,Vaqueta Puño Corto - Par - 12,,,,23400,16.48,8
253006,DELANTALES DESCARNE,GUANTES VAQUETA,Vaqueta Puño Largo - Par - 12,,,,27600,19.44,8
253008,DELANTALES DESCARNE,,Con Goma Plomada,,c/u,10,23700,16.69,8
253009,DELANTALES DESCARNE,,Con Placa de Plomo,,c/u,10,25400,17.89,8
253010,DELANTALES DESCARNE,GUANTES VAQUETA,Protector Dieléctrico - Par - 12,,,,21300,15.00,8
253011,DELANTALES DESCARNE,,Standard,,c/u,10,22800,16.06,8
253012,DELANTALES DESCARNE,,Reforzado,,c/u,10,25500,17.96,8
253014,DELANTALES DESCARNE,GUANTES TEJIDO,Blanco Mote Naranja - Par - 12,,,,23500,16.55,8
253015,DELANTALES DESCARNE,GUANTES TEJIDO,Tejido de Terrycloth - Par - 12,,,,25900,18.24,8
253017,DELANTALES DESCARNE,GUANTES VAQUETA,½ Vaqueta Puño Corto - Par - 12,,,,24700,17.39,8
253018,DELANTALES DESCARNE,GUANTES DESCARNE,Corto Combinado Con Jeans - Par - 12,,,,25700,18.10,8
253019,DELANTALES DESCARNE,GUANTES DESCARNE,Soldador / Largo - Par - 12,,,,25000,17.61,8
253025,DELANTALES DESCARNE,GUANTES DESCARNE,Corto / Puño Jeans - Par - 12,,,,27000,19.01,8
255001,ESCUADRAS PARA SOPORTAR ESTANTES,Base de Polímero,3 x 19,,c/u,12,4100,2.89,27
255002,ESCUADRAS PARA SOPORTAR ESTANTES,Base de Polímero,4 x 19,,c/u,12,5050,3.56,27
255003,ESCUADRAS PARA SOPORTAR ESTANTES,Base de Polímero,6 x 19,,c/u,12,4850,3.42,27
255005,ESCUADRAS PARA SOPORTAR ESTANTES,Cepillo Barrendero de PVC,Cepillo Barrendero,,c/u,12,4150,2.92,27
255006,ESCUADRAS PARA SOPORTAR ESTANTES,Cepillo Barrendero de PVC,"Cabo Roscado/1,5 Mts","Cabo Roscado/1,5 Mts",c/u,12,7600,5.35,27
255007,ESCUADRAS PARA SOPORTAR ESTANTES,Cepillo Barrendero de PVC,Cepillo Barrenderito - Código - Modelo - U/Vta Caja x,,c/u,12,4400,3.10,27
255008,ESCUADRAS PARA SOPORTAR ESTANTES,En Caja Exhibidora de 6 Unidades,"Cabo Roscado/1,5 Mts","Cabo Roscado/1,5 Mts",c/u,12,7900,5.56,27
255009,ESCUADRAS PARA SOPORTAR ESTANTES,En Caja Exhibidora de 6 Unidades,Bronce Rizado,,Caja,,4300,3.03,27
255010,ESCUADRAS PARA SOPORTAR ESTANTES,Cepillo Circular,4x1,,c/u,10,4950,3.49,27
255011,ESCUADRAS PARA SOPORTAR ESTANTES,Cepillo Circular,5x1,,c/u,10,5000,3.52,27
255012,ESCUADRAS PARA SOPORTAR ESTANTES,Cepillo Circular,6x1 - Escobillón Regina Gala,,c/u,10,5100,3.59,27
255013,ESCUADRAS PARA SOPORTAR ESTANTES,Cepillo Circular,7x1,,c/u,10,3850,2.71,27
255014,ESCUADRAS PARA SOPORTAR ESTANTES,Cepillo Circular,8x1 - Código - Modelo - U/Vta Caja x,,c/u,10,4700,3.31,27
255015,ESCUADRAS PARA SOPORTAR ESTANTES,Cepillo Barrendero de PVC,Meteoro/Lava Auto,,c/u,12,4950,3.49,27
255016,ESCUADRAS PARA SOPORTAR ESTANTES,Escobillón Anden,Picolino/Lava Zapatilla,,c/u,12,4800,3.38,27
255017,ESCUADRAS PARA SOPORTAR ESTANTES,Cepillo Barrendero de PVC,Sofía,,c/u,12,3950,2.78,27
255018,ESCUADRAS PARA SOPORTAR ESTANTES,Con Deposito,Victoria,,c/u,12,4550,3.20,27
255019,ESCUADRAS PARA SOPORTAR ESTANTES,Escobillón Anden,Anden 60 Cm,Anden 60 Cm,c/u,12,4150,2.92,27
255020,ESCUADRAS PARA SOPORTAR ESTANTES,Escobillón Anden,Anden 100 Cm,Anden 100 Cm,c/u,12,4500,3.17,27
255021,ESCUADRAS PARA SOPORTAR ESTANTES,Base de Polímero,Bianca PVC,,c/u,12,3900,2.75,27
255022,ESCUADRAS PARA SOPORTAR ESTANTES,En Caja Exhibidora de 6 Unidades,Bianca Gala - Madera,,c/u,12,5150,3.63,27
255023,ESCUADRAS PARA SOPORTAR ESTANTES,Cepillo Barrendero de PVC,Francesca - PVC,,c/u,12,4800,3.38,27
255025,ESCUADRAS PARA SOPORTAR ESTANTES,Base de Polímero,Pilar - Madera,,c/u,12,3950,2.78,27
255026,ESCUADRAS PARA SOPORTAR ESTANTES,Cepillo Circular,Regina - PVC,,c/u,12,5050,3.56,27
255027,ESCUADRAS PARA SOPORTAR ESTANTES,Cepillo Circular,Regina Gala - Madera,,c/u,12,5050,3.56,27
255028,ESCUADRAS PARA SOPORTAR ESTANTES,Con Deposito,Limpia Inodoro,,c/u,12,4550,3.20,27
260001,ACEITES,"Aceite Lubricante, Desoxidante, Anticorrosivo",PENETRIT Art.101 Desoxidante x 100 cc.,,c/u,12,8500,5.99,100
260002,ACEITES,"Aceite Lubricante, Desoxidante, Anticorrosivo",PENETRIT Art.103 Desoxidante x 1000 cc.,,c/u,6,7700,5.42,100
260003,ACEITES,"Aceite Lubricante, Desoxidante, Anticorrosivo",PENETRIT Art.104 Desoxidante x 5000 cc.,,c/u,1,9150,6.44,100
260004,ACEITES,"Aceite Lubricante, Desoxidante, Anticorrosivo",PENETRIT Art.302 Desoxidante - Aerosol x 250 cc.,,c/u,12,7000,4.93,100
260005,ACEITES,"Aceite Lubricante, Desoxidante, Anticorrosivo",PENETRIT Art.303 Desoxidante - Aerosol x 440 cc.,,c/u,12,7050,4.96,100
260006,ACEITES,Aceite Lubricante Multiuso,PENETRIT Art.862 Lubricante Seco Aerosol x 150 cc.,,c/u,12,7100,5.00,100
260007,LINEA AUTOMOTOR,,"PENETRIT Art.928, Shampu para Auto - 500 cc",,c/u,12,13200,9.30,102
260008,LINEA AUTOMOTOR,,"PENETRIT Art.936, Silicona Premiun - Aero 153 cc",,c/u,12,10500,7.39,102
260009,ACEITES,Aceite Lubricante Multiuso,PENETRIT Art.325 Lubrican c/PTFE Aerosol x 160 cc.,,c/u,12,8150,5.74,100
260011,ACEITES,Aceite Para Armas,"PENETRIT Art.105, Para Armas x 100 cc",,c/u,12,7850,5.53,100
260012,ACEITES,Aceite Para Armas,"PENETRIT Art.305, Para Armas - Aerosol x 200 cc",,c/u,12,9100,6.41,100
260015,LINEA AUTOMOTOR,,"PENETRIT Art.929, Lava Lustre p/ Auto - 500 cc",,c/u,12,11100,7.82,102
260016,ACEITES,Aceite Para Maquina de Coser,"PENETRIT Art.202, Penetrol Textil x 100 cc",,c/u,12,7450,5.25,100
260017,LINEA AUTOMOTOR,,"PENETRIT Art.930, Lava Parabrisas - 500 cc",,c/u,12,11300,7.96,102
260018,ACEITES,"Aceite Lubricante, Desoxidante, Anticorrosivo",PENETRIT Art.100 Desoxidante x 30 cc x 18 Unidades Caja - 1,,,,8700,6.13,100
260019,ACEITES,Aceite Lubricante Multiuso,PENETRIT Art.113 Lubricante Multiuso x 100 cc x 12,,Caja,1,8500,5.99,100
260020,LINEA AUTOMOTOR,,"PENETRIT Art.931, Silicona Limón - Aerosol 440 cc",,c/u,12,12800,9.01,102
260021,GRASAS,Grasa Amarilla,"PENETRIT Art.401, Grasa Amarilla x 100 Gramos","PENETRIT Art.401, Grasa Amarilla x 100 Gramos",c/u,12,5650,3.98,101
260022,GRASAS,Grasa de Litio,"PENETRIT Art.402, Grasa de Litio x 100 Gramos","PENETRIT Art.402, Grasa de Litio x 100 Gramos",c/u,12,5600,3.94,101
260023,GRASAS,Grasa Grafitada,"PENETRIT Art.403, Grasa Grafitada x 100 Gramos","PENETRIT Art.403, Grasa Grafitada x 100 Gramos",c/u,12,5250,3.70,101
260024,GRASAS,Grasa Blanca en Aerosol,"PENETRIT Art.801, Grasa Blanca - Aerosol 250 cc",,c/u,12,5450,3.84,101
260025,GRASAS,Grasa de Litio,"PENETRIT Art.405, Grasa de Litio x 1000 Gramos","PENETRIT Art.405, Grasa de Litio x 1000 Gramos",c/u,6,6500,4.58,101
260026,GRASAS,Grasa Grafitada,"PENETRIT Art.406, Grasa Grafitada x 1000 Gramos","PENETRIT Art.406, Grasa Grafitada x 1000 Gramos",c/u,6,6150,4.33,101
260027,GRASAS,LINEA ESPECIAL EN AEROSOL,"PENETRIT Art.803, Vaselina - Aerosol 250 cc",,c/u,12,5400,3.80,101
260028,GRASAS,LINEA ESPECIAL EN AEROSOL,"PENETRIT Art.802, Grafito Polvo - Aerosol 250 cc",,c/u,12,5400,3.80,101
260029,GRASAS,LINEA ESPECIAL EN AEROSOL,"PENETRIT Art.843, Limpia Contacto -Aerosol 100 cc",,c/u,12,5950,4.19,101
260030,ACEITES,"Aceite Lubricante, Desoxidante, Anticorrosivo",PENETRIT Art.106 Desoxidante x 500 cc.,,c/u,6,7800,5.49,100
260031,LINEA AUTOMOTOR,,"PENETRIT Art.860, Desengrasante - Aerosol 250 cc",,c/u,12,12100,8.52,102
260032,ACEITES,Aceite Lubricante Multiuso,PENETRIT Art.316 10 Funciones - Aerosol x 250 cc,,c/u,12,9100,6.41,100
260033,LINEA AUTOMOTOR,,"PENETRIT Art.932, Silicona Lavanda - Aeros 440 cc",,c/u,12,10900,7.68,102
260034,GRASAS,Grasa Amarilla,"PENETRIT Art.412, Grasa Amarilla x 250 Gramos","PENETRIT Art.412, Grasa Amarilla x 250 Gramos",c/u,12,5650,3.98,101
260035,LINEA AUTOMOTOR,,"PENETRIT Art.933, Silicona Pino - Aerosol 440 cc",,c/u,12,11200,7.89,102
260036,ACEITES,Aceite Lubricante Multiuso,PENETRIT Art.110 Lubricante Multiuso x 30 cc x 18,,Caja,1,7100,5.00,100
260037,LINEA AUTOMOTOR,,"PENETRIT Art.934, Silicona Manzana - Aero 440 cc",,c/u,12,10800,7.61,102
260038,LINEA AUTOMOTOR,,"PENETRIT Art.935, Silicona Floral - Aerosol 440 cc",,c/u,12,12700,8.94,102
260040,LINEA AUTOMOTOR,,"PENETRIT Art.925, Revividor Negro - 500 cc",,c/u,12,13200,9.30,102
260041,LINEA AUTOMOTOR,LINEA HOGAR,"PENETRIT Art.961, Destapa Cañerías x 500 cc",,c/u,12,12700,8.94,102
260042,LINEA AUTOMOTOR,LINEA HOGAR,"PENETRIT Art.914, Limpia Resto Material 1000 cc",,c/u,12,10300,7.25,102
260043,LINEA AUTOMOTOR,LINEA HOGAR,"PENETRIT Art.919, Quita Sarro x 500 cc",,c/u,12,13200,9.30,102
260044,GRASAS,Grasa de Litio,"PENETRIT Art.311, Grasa de Litio - Aerosol 250 cc",,c/u,12,5700,4.01,101
260045,GRASAS,Grasa Grafitada,"PENETRIT Art.312, Grasa Grafitada - Aerosol 250 cc",,c/u,12,5250,3.70,101
260046,LINEA AUTOMOTOR,,"PENETRIT Art.921, Polish para Auto - 500 cc",,c/u,12,11100,7.82,102
260047,LINEA AUTOMOTOR,LINEA HOGAR,"PENETRIT Art.920, Quita Sarro x 1000 cc",,c/u,12,11500,8.10,102
260048,LINEA AUTOMOTOR,,"PENETRIT Art.860, Protector Correas - Aero 250 cc",,c/u,12,12000,8.45,102
260050,LINEA AUTOMOTOR,,"PENETRIT Art.924, Silicona Impermeabilizar 250 cc",,c/u,12,12600,8.87,102
260051,ACEITES,"Aceite Lubricante, Desoxidante, Anticorrosivo",PENETRIT Art.304 Desoxidante - Aerosol x 750 cc.,,c/u,12,7400,5.21,100
260052,GRASAS,Grasa Verde Rodamientos,"PENETRIT Art.408, Grasa Rodamientos x 100 Grs","PENETRIT Art.408, Grasa Rodamientos x 100 Grs",c/u,12,6900,4.86,101
260053,GRASAS,Grasa Verde Rodamientos,"PENETRIT Art.407, Grasa Rodamientos x 1000 Grs","PENETRIT Art.407, Grasa Rodamientos x 1000 Grs",c/u,6,5150,3.63,101
260058,LINEA AUTOMOTOR,LINEA HOGAR,"PENETRIT Art.960, Destapa Cañerías x 1000 cc",,c/u,12,11700,8.24,102
260059,ACEITES,Aceite Lubricante Multiuso,PENETRIT Art.318 10 Funciones - Aerosol x 440 cc,,c/u,12,7900,5.56,100
260062,GRASAS,Grasa de Litio,"PENETRIT Art.409, Grasa de Litio x 250 Gramos","PENETRIT Art.409, Grasa de Litio x 250 Gramos",c/u,12,6450,4.54,101
260063,GRASAS,Grasa Grafitada,"PENETRIT Art.410, Grasa Grafitada x 250 Gramos","PENETRIT Art.410, Grasa Grafitada x 250 Gramos",c/u,12,5550,3.91,101
260064,GRASAS,Grasa Verde Rodamientos,"PENETRIT Art.411, Grasa Rodamientos x 250 Grs","PENETRIT Art.411, Grasa Rodamientos x 250 Grs",c/u,12,5950,4.19,101
260065,LINEA AUTOMOTOR,,"PENETRIT Art.923, Silicona Impermeabilizar 500 cc",,c/u,12,13100,9.23,102
260066,ACEITES,Aceite Lubricante Multiuso,PENETRIT Art.317 Lubricante - Aerosol x 250 cc.,,c/u,12,7150,5.04,100
260068,ACEITES,Aceite Lubricante Multiuso,PENETRIT Art.322 Lubricante - Aerosol x 440 cc.,,c/u,12,6850,4.82,100
260069,ACEITES,Aceite Lubricante Multiuso,PENETRIT Art.113 Lubricante Multiuso x 100 cc x 24,,Caja,1,8800,6.20,100
260072,GRASAS,LINEA ESPECIAL EN AEROSOL,"PENETRIT Art.852, Mecanismo Precisión 250 cc",,c/u,12,6850,4.82,101
260073,GRASAS,LINEA ESPECIAL EN AEROSOL,"PENETRIT Art.853, Desliza Fácil - Aerosol 250 cc",,c/u,12,5350,3.77,101
260074,GRASAS,LINEA ESPECIAL EN AEROSOL,"PENETRIT Art.854, Pasacable - Aerosol 250 cc",,c/u,12,6600,4.65,101
260075,GRASAS,LINEA ESPECIAL EN AEROSOL,"PENETRIT Art.855, Para Burletes -Aerosol 250 cc",,c/u,12,5750,4.05,101
260079,GRASAS,LINEA ESPECIAL EN AEROSOL,"PENETRIT Art.280, Chau Polvo - Aerosol 250 cc",,c/u,12,6250,4.40,101
260082,GRASAS,LINEA ESPECIAL EN AEROSOL,"PENETRIT Art.841, Limpia Contacto -Aerosol 160 cc",,c/u,12,6250,4.40,101
260089,LINEA AUTOMOTOR,,"PENETRIT Art.822, Removedor -Alquitrán 250 cc",,c/u,12,12300,8.66,102
260090,LINEA AUTOMOTOR,LINEA BIKE,"PENETRIT Art.770, Bike Lubrica Cadena Húmeda - 110 cc",,c/u,12,11100,7.82,102
260091,LINEA AUTOMOTOR,LINEA BIKE,"PENETRIT Art.771, Bike Lubricante Cadena Seca - 110 cc",,c/u,12,13100,9.23,102
260092,LINEA AUTOMOTOR,LINEA BIKE,"PENETRIT Art.772, Bike Espuma Limpiadora - 500 cc",,c/u,12,10300,7.25,102
260093,LINEA AUTOMOTOR,LINEA BIKE,"PENETRIT Art.773, Bike Desengrasante - 500 cc",,c/u,12,10400,7.32,102
260094,LINEA AUTOMOTOR,LINEA BIKE,"PENETRIT Art.774, Bike Protector de Cuadro - 500 cc",,c/u,12,13400,9.44,102
261001,HERRAMIENTAS PARA INSTALACION O REPARACION DE PLOMERIA,MAQUINA DE CHAPA PARA SALPICAR,Máquina Para Salpicar de Chapa Reforzada,,c/u,10,21600,15.21,38
261002,HERRAMIENTAS PARA INSTALACION O REPARACION DE PLOMERIA,MAQUINA DE CHAPA PARA SALPICAR,Rodillo de Repuesto de Máquina Salpicar,,c/u,10,19600,13.80,38
261003,HERRAMIENTAS PARA INSTALACION O REPARACION DE PLOMERIA,MAQUINA DE CHAPA PARA SALPICAR,Peine Para Rodillo de Máquina Salpicar,,c/u,10,24700,17.39,38
264001,ASPIRADORAS,Lápiz Al Aceite,Lápiz Al Aceite Rojo - Caja x 10 Lápiz,,Caja,15,198000,139.44,84
264002,ASPIRADORAS,Lápiz Al Aceite,Lápiz Al Aceite Amarillo - Caja x 10 Lápiz,,Caja,15,171000,120.42,84
264003,ASPIRADORAS,Lápiz Al Aceite,Lápiz Al Aceite Blanco - Caja x 10 Lápiz,,Caja,15,155500,109.51,84
264004,ASPIRADORAS,Lápiz Al Aceite,Lápiz Al Aceite Azul - Caja x 10 Lápiz,,Caja,15,178000,125.35,84
264005,ASPIRADORAS,Lápiz Al Aceite,Lápiz Al Aceite Negro - Caja x 10 Lápiz,,Caja,15,162000,114.08,84
264006,ASPIRADORAS,Lápiz Al Aceite,Lápiz Al Aceite Verde - Caja x 10 Lápiz,,Caja,15,184000,129.58,84
264007,ASPIRADORAS,Lápiz Carpintero,"Lápiz Carpintero ""Eureka"" - Doc. - 6",,,,197500,139.08,84
265001,CANDADOS,CERRADURAS SIMPLE PALETA - PASADOR RECTANGULAR - PUERTA INTERIOR,101,,c/u,60,9700,6.83,18
265002,CANDADOS,Cerradura Interior Reforzada,104,,c/u,20,8600,6.06,18
265003,CERRADURAS DOBLE PALETA - DOBLE PERNO - PUERTAS EXTERIOR,CERRADURAS ESPECIALES,105,,c/u,60,68600,48.31,19
265004,CERRADURAS DOBLE PALETA - DOBLE PERNO - PUERTAS EXTERIOR,CERRADURAS A CILINDRO - PASADOR RECTANGULAR - PUERTA EXTERIOR,113,,c/u,30,58600,41.27,19
265005,CANDADOS,CERRADURAS DOBLE PALETA - PASADOR RECTANGULAR - PUERTA EXTERIOR,200,,c/u,30,9150,6.44,18
265006,CERRADURAS DOBLE PALETA - DOBLE PERNO - PUERTAS EXTERIOR,,201,,c/u,30,58900,41.48,19
265007,CERRADURAS DOBLE PALETA - DOBLE PERNO - PUERTAS EXTERIOR,,205,,c/u,30,60700,42.75,19
265008,CANDADOS,CERRADURAS DOBLE PALETA - PASADOR RECTANGULAR - PUERTA EXTERIOR,206,,c/u,50,11200,7.89,18
265009,CANDADOS,CERRADURAS DOBLE PALETA - PASADOR RECTANGULAR - PUERTA EXTERIOR,207,,c/u,40,8600,6.06,18
265010,CANDADOS,CERRADURAS DOBLE PALETA - PASADOR RECTANGULAR - PUERTA EXTERIOR,208,,c/u,20,10400,7.32,18
265011,CERROJOS,,209,,c/u,40,16600,11.69,20
265012,CERROJOS,,210,,c/u,40,16900,11.90,20
265013,CERROJOS,,211,,c/u,40,17500,12.32,20
265014,CERRADURAS DOBLE PALETA - DOBLE PERNO - PUERTAS EXTERIOR,CERRADURAS ESPECIALES,108,,c/u,40,66000,46.48,19
265015,CERROJOS,,212,,c/u,40,15600,10.99,20
265016,CERRADURAS DOBLE PALETA - DOBLE PERNO - PUERTAS EXTERIOR,CERRADURAS A CILINDRO - PASADOR RECTANGULAR - PUERTA EXTERIOR,110,,c/u,30,60700,42.75,19
265017,CERROJOS,CANDADOS DE BRONCE - NACIONAL,50 mm,50 mm,c/u,12,25000,17.61,20
265019,CERRADURAS DOBLE PALETA - DOBLE PERNO - PUERTAS EXTERIOR,CERRADURAS ESPECIALES,120,,c/u,30,59100,41.62,19
265020,CERROJOS,,202,,c/u,24,20100,14.15,20
265021,CERRADURAS DOBLE PALETA - DOBLE PERNO - PUERTAS EXTERIOR,,204,,c/u,50,65500,46.13,19
265022,CANDADOS,CERRADURAS SIMPLE PALETA - PASADOR RECTANGULAR - PUERTA INTERIOR,102,,c/u,60,10400,7.32,18
265023,CERRADURAS DOBLE PALETA - DOBLE PERNO - PUERTAS EXTERIOR,CERRADURAS ESPECIALES,214,,c/u,50,70900,49.93,19
265025,CANDADOS,CERRADURAS DOBLE PALETA - PASADOR RECTANGULAR - PUERTA EXTERIOR,200,,c/u,30,10900,7.68,18
265026,CANDADOS,CERRADURAS DOBLE PALETA - PASADOR RECTANGULAR - PUERTA EXTERIOR,206,,c/u,50,11500,8.10,18
265027,CERRADURAS DOBLE PALETA - DOBLE PERNO - PUERTAS EXTERIOR,,2001,,c/u,30,70500,49.65,19
265032,CERROJOS,,400,,c/u,40,17200,12.11,20
265033,CERROJOS,Medida de Caja      Medida del Frente,"401 - $ 110,00",,c/u,40,18200,12.82,20
265040,CERROJOS,CANDADOS DE BRONCE - NACIONAL,25 mm,25 mm,c/u,12,26400,18.59,20
265041,CERROJOS,CANDADOS DE BRONCE - NACIONAL,30 mm,30 mm,c/u,12,28200,19.86,20
265042,CERROJOS,CANDADOS DE BRONCE - NACIONAL,30 mm - 45 mm,30 mm,c/u,12,26500,18.66,20
265043,CERROJOS,CANDADOS DE BRONCE - NACIONAL,40 mm,40 mm,c/u,12,26000,18.31,20
265044,CERROJOS,CANDADOS DE BRONCE - NACIONAL,40 mm - 55 mm,40 mm,c/u,12,25100,17.68,20
265045,CERROJOS,CANDADOS DE BRONCE - NACIONAL,50 mm,50 mm,c/u,12,25700,18.10,20
265046,CERROJOS,CANDADOS DE BRONCE - NACIONAL,60 mm,60 mm,c/u,12,25300,17.82,20
265047,CERROJOS,CANDADOS DE BRONCE - NACIONAL,30 mm,30 mm,c/u,12,28200,19.86,20
265048,CERROJOS,CANDADOS DE BRONCE - NACIONAL,60 mm,60 mm,c/u,12,27700,19.51,20
265049,CERROJOS,CANDADOS DE BRONCE - NACIONAL,30 mm,30 mm,c/u,12,24600,17.32,20
269000,CLAVOS DE HERRAR,,E4,,Caja,,170,0.12,110
269001,CLAVOS DE HERRAR,,E5,,Caja,,150,0.11,110
269002,CLAVOS DE HERRAR,,E6,,Caja,,160,0.11,110
269003,CLAVOS DE HERRAR,,E7,,Caja,,170,0.12,110
269004,CLAVOS DE HERRAR,,ASV 1-5/8 Caja,,,,170,0.12,110
269005,CLAVOS DE HERRAR,,ASV 1-3/4 Caja,,,,130,0.09,110
269006,CLAVOS DE HERRAR,,E2,,Caja,,160,0.11,110
269007,CLAVOS DE HERRAR,,E3,,Caja,,140,0.10,110
269009,CLAVOS DE HERRAR,,E3,,Caja,,160,0.11,110
269010,CLAVOS DE HERRAR,,E4,,Caja,,170,0.12,110
269011,CLAVOS DE HERRAR,,E5,,Caja,,130,0.09,110
269012,CLAVOS DE HERRAR,,E6,,Caja,,170,0.12,110
269013,CLAVOS DE HERRAR,,E7,,Caja,,140,0.10,110
269014,CLAVOS DE HERRAR,,RH4,,Caja,,170,0.12,110
269015,CLAVOS DE HERRAR,,RH4½,,Caja,,160,0.11,110
269018,HERRADURAS DE ALUMINIO - DEPORTIVA,,6 - Jgo,,,,17200,12.11,111
269019,CLAVOS DE HERRAR,HERRADURAS DE HIERRO - DEPORTIVA,5 - Jgo,,,,170,0.12,110
269020,HERRADURAS DE ALUMINIO - DEPORTIVA,,6 - Jgo,,,,19900,14.01,111
269021,HERRADURAS DE ALUMINIO - DEPORTIVA,,7 - Jgo,,,,16300,11.48,111
269025,HERRADURAS DE ALUMINIO - DEPORTIVA,,"4 - Jgo $ 100,00",,,,18500,13.03,111
269026,CLAVOS DE HERRAR,HERRADURAS DE HIERRO - DEPORTIVA,1 - Jgo,,,,160,0.11,110
269027,CLAVOS DE HERRAR,HERRADURAS DE HIERRO - DEPORTIVA,2 - Jgo,,,,160,0.11,110
269028,CLAVOS DE HERRAR,HERRADURAS DE HIERRO - DEPORTIVA,3 - Jgo,,,,170,0.12,110
269029,CLAVOS DE HERRAR,HERRADURAS DE HIERRO - DEPORTIVA,4 - Jgo,,,,130,0.09,110
269030,CLAVOS DE HERRAR,HERRADURAS DE HIERRO - DEPORTIVA,1 - Jgo,,,,160,0.11,110
269031,CLAVOS DE HERRAR,HERRADURAS DE HIERRO - DEPORTIVA,2 - Jgo,,,,170,0.12,110
269032,CLAVOS DE HERRAR,HERRADURAS DE HIERRO - DEPORTIVA,3 - Jgo,,,,150,0.11,110
269033,CLAVOS DE HERRAR,HERRADURAS DE HIERRO - DEPORTIVA,4 - Jgo,,,,150,0.11,110
269038,HERRADURAS DE ALUMINIO - DEPORTIVA,,5 - Jgo,,,,16300,11.48,111
269039,HERRADURAS DE ALUMINIO - DEPORTIVA,,6 - Jgo,,,,20600,14.51,111
269040,HERRADURAS DE ALUMINIO - DEPORTIVA,,5 - Jgo,,,,20100,14.15,111
269041,HERRADURAS DE ALUMINIO - DEPORTIVA,,6 - Jgo,,,,18000,12.68,111
269042,HERRADURAS DE ALUMINIO - DEPORTIVA,,7 - Jgo,,,,17000,11.97,111
269043,CLAVOS DE HERRAR,HERRADURAS DE HIERRO - DEPORTIVA,2 - Jgo,,,,150,0.11,110
269044,CLAVOS DE HERRAR,HERRADURAS DE HIERRO - DEPORTIVA,3 - Jgo,,,,130,0.09,110
269045,HERRADURAS DE ALUMINIO - DEPORTIVA,,"5 - Jgo $ 100,00",,,,16600,11.69,111
269046,HERRADURAS DE ALUMINIO - DEPORTIVA,,"6 - Jgo $ 100,00",,,,16500,11.62,111
269047,HERRADURAS DE ALUMINIO - DEPORTIVA,,5 - Jgo,,,,18100,12.75,111
269048,HERRADURAS DE ALUMINIO - DEPORTIVA,,6 - Jgo,,,,15300,10.77,111
269050,HERRADURAS DE ALUMINIO - DEPORTIVA,,3 - Jgo,,,,20300,14.30,111
269051,HERRADURAS DE ALUMINIO - DEPORTIVA,,4 - Jgo,,,,16400,11.55,111
269052,HERRADURAS DE ALUMINIO - DEPORTIVA,,5 - Jgo,,,,16000,11.27,111
269053,CLAVOS DE HERRAR,HERRADURAS DE HIERRO - DEPORTIVA,1 - Jgo,,,,160,0.11,110
269054,CLAVOS DE HERRAR,HERRADURAS DE HIERRO - DEPORTIVA,4 - Jgo,,,,170,0.12,110
269055,CLAVOS DE HERRAR,HERRADURAS DE HIERRO - TRABAJO O PASEO,1 - Jgo,,,,170,0.12,110
269056,CLAVOS DE HERRAR,HERRADURAS DE HIERRO - TRABAJO O PASEO,2 - Jgo,,,,140,0.10,110
269057,CLAVOS DE HERRAR,HERRADURAS DE HIERRO - TRABAJO O PASEO,3 - Jgo,,,,130,0.09,110
269058,CLAVOS DE HERRAR,HERRADURAS DE HIERRO - DEPORTIVA,0 - Jgo,,,,150,0.11,110
269059,CLAVOS DE HERRAR,HERRADURAS DE HIERRO - TRABAJO O PASEO,0 - Jgo,,,,170,0.12,110
269060,CLAVOS DE HERRAR,HERRADURAS DE HIERRO - TRABAJO O PASEO,20-00 Jgo,,,,160,0.11,110
269061,CLAVOS DE HERRAR,HERRADURAS DE HIERRO - TRABAJO O PASEO,22 - 0 Jgo,,,,170,0.12,110
269062,CLAVOS DE HERRAR,HERRADURAS DE HIERRO - TRABAJO O PASEO,24 - 1 Jgo,,,,170,0.12,110
269063,CLAVOS DE HERRAR,HERRADURAS DE HIERRO - TRABAJO O PASEO,26 - 2 Jgo,,,,170,0.12,110
269064,CLAVOS DE HERRAR,HERRADURAS DE HIERRO - TRABAJO O PASEO,28 - 3 Jgo,,,,140,0.10,110
269065,CLAVOS DE HERRAR,HERRADURAS DE HIERRO - TRABAJO O PASEO,30 - 4 Jgo,,,,170,0.12,110
269066,CLAVOS DE HERRAR,HERRADURAS DE HIERRO - TRABAJO O PASEO,32 - 5 Jgo,,,,150,0.11,110
269067,CLAVOS DE HERRAR,,ASV 1-7/8 Caja,,,,130,0.09,110
269068,HERRADURAS DE ALUMINIO - DEPORTIVA,,4 - Jgo,,,,16900,11.90,111
269069,HERRADURAS DE ALUMINIO - DEPORTIVA,,4 - Jgo,,,,16000,11.27,111
269070,HERRADURAS DE ALUMINIO - DEPORTIVA,,3 - Jgo,,,,16200,11.41,111
269071,HERRADURAS DE ALUMINIO - DEPORTIVA,,3 - Jgo,,,,20400,14.37,111
269072,HERRADURAS DE ALUMINIO - DEPORTIVA,,5 - Jgo,,,,19600,13.80,111
269073,HERRADURAS DE ALUMINIO - DEPORTIVA,,6 - Jgo,,,,20500,14.44,111
269074,HERRADURAS DE ALUMINIO - DEPORTIVA,,3 - Jgo,,,,18800,13.24,111
269075,CLAVOS DE HERRAR,HERRADURAS DE HIERRO - TRABAJO O PASEO,0 - Jgo,,,,140,0.10,110
269076,CLAVOS DE HERRAR,HERRADURAS DE HIERRO - TRABAJO O PASEO,1 - Jgo,,,,170,0.12,110
269077,CLAVOS DE HERRAR,HERRADURAS DE HIERRO - TRABAJO O PASEO,2 - Jgo,,,,160,0.11,110
269078,CLAVOS DE HERRAR,HERRADURAS DE HIERRO - TRABAJO O PASEO,3 - Jgo,,,,170,0.12,110
269079,CLAVOS DE HERRAR,HERRADURAS DE HIERRO - TRABAJO O PASEO,4 - Jgo,,,,160,0.11,110
269080,CLAVOS DE HERRAR,HERRADURAS DE HIERRO - DEPORTIVA,0 - Jgo,,,,140,0.10,110
269081,CLAVOS DE HERRAR,HERRADURAS DE HIERRO - DEPORTIVA,5 - Jgo,,,,150,0.11,110
269090,HERRADURAS DE ALUMINIO - DEPORTIVA,,4 - Jgo,,,,16200,11.41,111
269093,HERRADURAS DE ALUMINIO - DEPORTIVA,,5 - Jgo,,,,17000,11.97,111
269094,HERRADURAS DE ALUMINIO - DEPORTIVA,,6 - Jgo,,,,19000,13.38,111
269095,HERRADURAS DE ALUMINIO - DEPORTIVA,,4 - Jgo,,,,16000,11.27,111
269096,HERRADURAS DE ALUMINIO - DEPORTIVA,,5 - Jgo,,,,19200,13.52,111
269097,HERRADURAS DE ALUMINIO - DEPORTIVA,,6 - Jgo,,,,20400,14.37,111
269098,HERRADURAS DE ALUMINIO - DEPORTIVA,,4 - Jgo,,,,20400,14.37,111
269099,HERRADURAS DE ALUMINIO - DEPORTIVA,,5 - Jgo,,,,17400,12.25,111
269100,HERRADURAS DE ALUMINIO - DEPORTIVA,,6 - Jgo,,,,20700,14.58,111
269101,HERRAMIENTAS PARA HERRAR,,Cabo para Raspa,,c/u,,34200,24.08,112
269102,HERRAMIENTAS PARA HERRAR,,Corta Remache,,c/u,,25800,18.17,112
269103,HERRAMIENTAS PARA HERRAR,,Gubia Redonda,,c/u,,30900,21.76,112
269104,HERRAMIENTAS PARA HERRAR,,Gubia Izquierda,,c/u,,33800,23.80,112
269105,HERRAMIENTAS PARA HERRAR,,Gubia Derecha,,c/u,,34200,24.08,112
269106,HERRAMIENTAS PARA HERRAR,,Martillo Herrador p/Clavar 470 Grs,Martillo Herrador p/Clavar 470 Grs,c/u,,27500,19.37,112
269107,HERRAMIENTAS PARA HERRAR,,Cuchilla Desvasar 280 Grs,Cuchilla Desvasar 280 Grs,c/u,,30600,21.55,112
269108,HERRAMIENTAS PARA HERRAR,,Afilador de Gubias,,c/u,,33900,23.87,112
269109,HERRAMIENTAS PARA HERRAR,,Martillo Herrador p/Forjar 950 Grs,Martillo Herrador p/Forjar 950 Grs,c/u,,26800,18.87,112
269110,HERRAMIENTAS PARA HERRAR,,Martillo Herrador p/Clavar 355 Grs,Martillo Herrador p/Clavar 355 Grs,c/u,,32200,22.68,112
269111,HERRAMIENTAS PARA HERRAR,,"Tenaza de Desvasar de 12""","Tenaza de Desvasar de 12""",c/u,,44100,31.06,112
269113,HERRAMIENTAS PARA HERRAR,,Tenaza Saca o Corta Clavos,,c/u,,34300,24.15,112
269114,HERRAMIENTAS PARA HERRAR,,"Tenaza de Desvasar de 14""","Tenaza de Desvasar de 14""",c/u,,43600,30.70,112
269115,HERRAMIENTAS PARA HERRAR,,"Tenaza de Desvasar de 15""","Tenaza de Desvasar de 15""",c/u,,48800,34.37,112
269116,HERRAMIENTAS PARA HERRAR,,Raspa Marrón - Vasos Blandos,,c/u,,26300,18.52,112
269117,HERRAMIENTAS PARA HERRAR,,Tenaza para Extraer Herraduras,,c/u,,31900,22.46,112
269118,HERRAMIENTAS PARA HERRAR,,Pinza para Remachar Clavos,,c/u,,31300,22.04,112
269119,HERRAMIENTAS PARA HERRAR,,Pinza para Forjar - 6 mm,Pinza para Forjar - 6 mm,c/u,,48800,34.37,112
269120,HERRAMIENTAS PARA HERRAR,,Pinza para Forjar - 8 mm,Pinza para Forjar - 8 mm,c/u,,45600,32.11,112
269121,HERRAMIENTAS PARA HERRAR,,Gubia Doble,,c/u,,27900,19.65,112
269122,HERRAMIENTAS PARA HERRAR,,Martillo Herrador p/Forjar 1065 Grs,Martillo Herrador p/Forjar 1065 Grs,c/u,,27700,19.51,112
269123,HERRAMIENTAS PARA HERRAR,,Tenaza Delta Multifunción,,c/u,,26100,18.38,112
269124,HERRAMIENTAS PARA HERRAR,,Cuchilla Desvasar 360 Grs,Cuchilla Desvasar 360 Grs,c/u,,27800,19.58,112
269127,HERRAMIENTAS PARA HERRAR,,Tenaza Corta Clavos,,c/u,,26500,18.66,112
269128,HERRADURAS DE ALUMINIO - DEPORTIVA,,"3 - Jgo $ 100,00",,,,15300,10.77,111
269129,HERRADURAS DE ALUMINIO - DEPORTIVA,,4 - Jgo,,,,17400,12.25,111
269131,HERRADURAS DE ALUMINIO - DEPORTIVA,,00 - Jgo,,,,19300,13.59,111
269132,HERRADURAS DE ALUMINIO - DEPORTIVA,,0 - Jgo,,,,20500,14.44,111
269136,HERRADURAS DE ALUMINIO - DEPORTIVA,,00 - Jgo,,,,20100,14.15,111
269137,HERRADURAS DE ALUMINIO - DEPORTIVA,,0 - Jgo,,,,18000,12.68,111
269138,HERRADURAS DE ALUMINIO - DEPORTIVA,,1 - Jgo,,,,17300,12.18,111
269139,HERRADURAS DE ALUMINIO - DEPORTIVA,,3 - Jgo,,,,18200,12.82,111
269140,HERRADURAS DE ALUMINIO - DEPORTIVA,,4 - Jgo,,,,15800,11.13,111
269141,HERRADURAS DE ALUMINIO - DEPORTIVA,,5 - Jgo,,,,17900,12.61,111
269152,HERRAMIENTAS PARA HERRAR,,Podómetro,,c/u,,33300,23.45,112
269171,HERRADURAS DE ALUMINIO - DEPORTIVA,,3 - Jgo,,,,18800,13.24,111
269172,HERRADURAS DE ALUMINIO - DEPORTIVA,,7 - Jgo,,,,19000,13.38,111
269200,CURABICHERAS,,Curabichera Aerosol x 360 cc,,c/u,12,9000,6.34,109
269208,CURABICHERAS,,Curabichera Plata Aerosol x 360 cc,,c/u,12,8700,6.13,109
269213,HERRAMIENTAS PARA HERRAR,,Raspa Roja - Vasos Duros,,c/u,,33100,23.31,112
269214,HERRAMIENTAS PARA HERRAR,,Raspa Bordo - Vasos Duros,,c/u,,28200,19.86,112
282000,TACOS DE NYLON,"Taco ""S"" de Nylon Standard",Taco S 4 - Caja x 200 Unidades,,Caja,18,140,0.10,113
282001,TACOS DE NYLON,"Taco ""S"" de Nylon Standard",Taco S 5 - Caja x 200 Unidades,,Caja,18,170,0.12,113
282002,TACOS DE NYLON,"Taco ""S"" de Nylon Standard",Taco S 6 - Caja x 100 Unidades,,Caja,18,130,0.09,113
282003,TACOS DE NYLON,"Taco ""S"" de Nylon Standard",Taco S 8 - Caja x 100 Unidades,,Caja,18,140,0.10,113
282004,TACOS DE NYLON,"Taco ""S"" de Nylon Standard",Taco S 10 - Caja x 50 Unidades,,Caja,18,140,0.10,113
282005,TACOS DE NYLON,"Taco ""S"" de Nylon Standard",Taco S 12 - Caja x 25 Unidades,,Caja,18,160,0.11,113
282006,TACOS DE NYLON,"Taco ""S"" de Nylon Standard",Taco S 14 - Caja x 20 Unidades,,Caja,18,150,0.11,113
282007,TACOS DE NYLON,"Taco ""S"" de Nylon Standard",Taco S 5G Gigante - Caja x 5000 Unidades,,Caja,,170,0.12,113
282008,TACOS DE NYLON,"Taco ""S"" de Nylon Standard",Taco S 6G Gigante - Caja x 3500 Unidades,,Caja,,130,0.09,113
282009,TACOS DE NYLON,"Taco ""S"" de Nylon Standard",Taco S 8G Gigante - Caja x 750 Unidades,,Caja,,150,0.11,113
282010,HOJAS DE SIERRA,Acero Bimetálica,32,,c/u,10,2050,1.44,15
282011,TACOS DE NYLON,En Bolsa,Taco SA 5 Caja x 100 Unidad,,Caja,,150,0.11,113
282012,TACOS DE NYLON,En Bolsa,Taco SA 6 Caja x 100 Unidad,,Caja,,130,0.09,113
282013,TACOS DE NYLON,En Bolsa,Taco SA 8 Caja x 100 Unidad,,Caja,,170,0.12,113
282014,TACOS DE NYLON UNIVERSAL,"Taco ""FU""",Taco A4 - Caja x 100 Unidad,,Caja,,140,0.10,114
282015,TACOS DE NYLON UNIVERSAL,"Taco ""FU""",Taco A5 - Caja x 100 Unidad,,Bolsa,,180,0.13,114
282016,TACOS DE NYLON UNIVERSAL,"Taco ""FU""",Taco MN10 - Caja x 25 Unidad,,Caja,,140,0.10,114
282022,TACOS DE NYLON PARA DURLOCK,Pitón,Pitón c/ Taco TP3/6 - Caja x 25,,Caja,,160,0.11,115
282025,TACOS DE NYLON PARA DURLOCK,Pitón,Pitón c/ Taco TP2/6 - Caja x 25,,Caja,,160,0.11,115
282028,TACOS DE NYLON PARA DURLOCK,Pitón,Pitón c/ Taco TP1/5 - Caja x 25,,Caja,,160,0.11,115
282029,TACOS DE NYLON PARA DURLOCK,Pitón,Pitón c/ Taco TP2/5 - Caja x 25,,Caja,,190,0.13,115
282030,TACOS DE NYLON PARA DURLOCK,Pitón,Pitón c/ Taco TP3/5 - Caja x 25,,Caja,,190,0.13,115
282031,TACOS DE NYLON,"Taco ""SC"" - Rápida Colocación con Torniclavo",Taco S 5C y Torniclavo - Caja x 100 Unidades,,Caja,,160,0.11,113
282032,TACOS DE NYLON,"Taco ""SC"" - Rápida Colocación con Torniclavo",Taco S 6C y Torniclavo - Caja x 100 Unidades,,Caja,,140,0.10,113
282033,TACOS DE NYLON,"Taco ""SC"" - Rápida Colocación con Torniclavo",Taco S 8C y Torniclavo - Caja x 50 Unidades,,Caja,,140,0.10,113
282034,TACOS DE NYLON PARA DURLOCK,Pitón,Pitón P 1/8 - Caja x 50 Unidad,,Caja,,170,0.12,115
282035,TACOS DE NYLON PARA DURLOCK,Pitón,Pitón P 2/8 - Caja x 50 Unidad,,Caja,,160,0.11,115
282036,TACOS DE NYLON PARA DURLOCK,Pitón,Pitón P 3/8 - Caja x 50 Unidad,,Caja,3,180,0.13,115
282037,TACOS DE NYLON PARA DURLOCK,Pitón,Pitón P 1/6 - Caja x 100 Unidad,,Caja,,200,0.14,115
282038,TACOS DE NYLON PARA DURLOCK,Pitón,Pitón P 2/6 - Caja x 100 Unidad,,Caja,,160,0.11,115
282039,TACOS DE NYLON PARA DURLOCK,Pitón,Pitón P 3/6 - Caja x 100 Unidad,,Caja,,170,0.12,115
282040,TACOS DE NYLON PARA DURLOCK,Pitón,Pitón P 1/5 - Caja x 100 Unidad,,Caja,,180,0.13,115
282041,TACOS DE NYLON PARA DURLOCK,Pitón,Pitón P 2/5 - Caja x 100 Unidad,,Caja,,170,0.12,115
282042,TACOS DE NYLON PARA DURLOCK,Pitón,Pitón P 3/5 - Caja x 100 Unidad,,Caja,,190,0.13,115
282043,TACOS DE NYLON PARA DURLOCK,,Taco GKA - Caja x 100 Unidad,,Caja,,190,0.13,115
282044,TACOS DE NYLON PARA DURLOCK,,Taco GKA y Tornillo - Caja x 50,,Caja,,160,0.11,115
282045,TACOS DUO,Silicona Neutra - Cartucho,Silicona Neutra Blanca x 280 Ml,Silicona Neutra Blanca x 280 Ml,c/u,24,190,0.13,119
282046,TACOS DUO,Silicona Neutra - Cartucho,Silicona Neutra Negra x 280 Ml,Silicona Neutra Negra x 280 Ml,c/u,24,200,0.14,119
282047,TACOS DUO,Silicona Neutra - Cartucho,Silicona Neutra Transparente x 280 Ml,Silicona Neutra Transparente x 280 Ml,c/u,24,210,0.15,119
282048,TACOS DE NYLON PARA DURLOCK,,Taco GKA - Bolsa x 500 Unidad,,Bolsa,,160,0.11,115
282051,ABRAZADERAS PARA FIJAR CABLES,"Abrazadera ""CRM"" - Zincada","Abrazadera CRM 5/16"" - Caja x 100 - Código - Descripción - U/Vta","Abrazadera CRM 5/16"" - Caja x 100",Caja,,630,0.44,116
282052,ABRAZADERAS PARA FIJAR CABLES,"Abrazadera ""CRM"" - Zincada","Abrazadera CRM 3/8"" - Caja x 50","Abrazadera CRM 3/8"" - Caja x 50",Caja,,580,0.41,116
282053,ABRAZADERAS PARA FIJAR CABLES,"Abrazadera ""CRM"" - Zincada","Abrazadera CRM 1/2"" - Caja x 250","Abrazadera CRM 1/2"" - Caja x 250",Caja,,190,0.13,116
282054,ABRAZADERAS PARA FIJAR CABLES,"Abrazadera ""CRM"" - Zincada","Abrazadera CRM 5/8"" - Caja x 25","Abrazadera CRM 5/8"" - Caja x 25",Caja,,600,0.42,116
282055,ABRAZADERAS PARA FIJAR CABLES,"Abrazadera ""CRM"" - Zincada","Abrazadera CRM 3/4"" - Caja x 25","Abrazadera CRM 3/4"" - Caja x 25",Caja,,370,0.26,116
282056,ABRAZADERAS PARA FIJAR CABLES,"Abrazadera ""CRM"" - Zincada","Abrazadera CRM 7/8"" - Caja x 25","Abrazadera CRM 7/8"" - Caja x 25",Caja,,560,0.39,116
282057,ABRAZADERAS PARA FIJAR CABLES,"Abrazadera ""CRM"" - Zincada","Abrazadera CRM 1"" - Caja x 20","Abrazadera CRM 1"" - Caja x 20",Caja,,110,0.08,116
282058,ABRAZADERAS PARA FIJAR CABLES,"Abrazadera ""CRM"" - Zincada","Abrazadera CRM 1¼"" - Caja x 10",,Caja,,180,0.13,116
282059,ABRAZADERAS PARA FIJAR CABLES,,Mini Abrazadera MA 5 - Caja x 100,,Caja,,220,0.15,116
282060,ABRAZADERAS PARA FIJAR CABLES,,Mini Abrazadera MA 6 - Caja x 100,,Caja,,190,0.13,116
282061,ABRAZADERAS PARA FIJAR CABLES,,Mini Abrazadera MA 8 - Caja x 50,,Caja,,200,0.14,116
282062,TACOS DE NYLON,"Taco ""S"" de Nylon Standard",Taco S 12G Gigante - Caja x 500 Unidades,,Caja,,140,0.10,113
282063,ABRAZADERAS PARA FIJAR CABLES,,Mini Abrazadera MX 7 mm - Caja x 50,Mini Abrazadera MX 7 mm - Caja x 50,Caja,,50,0.04,116
282065,ABRAZADERAS PARA FIJAR CABLES,CLAVOS y ALCAYATAS DE ACERO,Clavo de Acero CP 25 - Caja x 100,,Caja,,180,0.13,116
282066,ABRAZADERAS PARA FIJAR CABLES,CLAVOS y ALCAYATAS DE ACERO,Clavo de Acero CP 30 - Caja x 100,,Caja,,190,0.13,116
282067,ABRAZADERAS PARA FIJAR CABLES,CLAVOS y ALCAYATAS DE ACERO,Clavo de Acero CP 35 - Caja x 100,,Caja,,170,0.12,116
282068,ABRAZADERAS PARA FIJAR CABLES,CLAVOS y ALCAYATAS DE ACERO,Clavo de Acero CP 40 - Caja x 100,,Caja,,220,0.15,116
282069,ABRAZADERAS PARA FIJAR CABLES,CLAVOS y ALCAYATAS DE ACERO,Clavo de Acero CP 50 - Caja x 100,,Caja,,210,0.15,116
282070,ABRAZADERAS PARA FIJAR CABLES,CLAVOS y ALCAYATAS DE ACERO,Clavo de Acero CP 60 - Caja x 100,,Caja,,180,0.13,116
282071,ABRAZADERAS PARA FIJAR CABLES,CLAVOS y ALCAYATAS DE ACERO,Clavo de Acero CP 70 - Caja x 100,,Caja,,190,0.13,116
282072,ABRAZADERAS PARA FIJAR CABLES,CLAVOS y ALCAYATAS DE ACERO,Clavo de Acero CP 80 - Caja x 100,,Caja,,200,0.14,116
282073,ABRAZADERAS PARA FIJAR CABLES,CLAVOS y ALCAYATAS DE ACERO,Clavo de Acero CP 225 - Caja x 100,,Caja,,230,0.16,116
282074,ABRAZADERAS PARA FIJAR CABLES,CLAVOS y ALCAYATAS DE ACERO,Clavo de Acero CP 230 - Caja x 100,,Caja,,210,0.15,116
282075,ABRAZADERAS PARA FIJAR CABLES,CLAVOS y ALCAYATAS DE ACERO,Clavo de Acero CP 235 - Caja x 100,,Caja,,200,0.14,116
282076,ABRAZADERAS PARA FIJAR CABLES,CLAVOS y ALCAYATAS DE ACERO,Clavo de Acero CP 240 - Caja x 100,,Caja,,220,0.15,116
282077,ABRAZADERAS PARA FIJAR CABLES,CLAVOS y ALCAYATAS DE ACERO,Clavo de Acero CP 250 - Caja x 100,,Caja,,220,0.15,116
282078,ABRAZADERAS PARA FIJAR CABLES,CLAVOS y ALCAYATAS DE ACERO,Clavo de Acero CP 260 - Caja x 100,,Caja,,200,0.14,116
282079,ABRAZADERAS PARA FIJAR CABLES,CLAVOS y ALCAYATAS DE ACERO,Clavo de Acero CP 270 - Caja x 100,,Caja,,200,0.14,116
282080,TACOS DUO,Silicona Universal - Cartucho,Silicona Universal Negra x 280 Ml,Silicona Universal Negra x 280 Ml,c/u,24,240,0.17,119
282081,TACOS DUO,Silicona Universal - Cartucho,Silicona Univ. Transparente x 280 Ml,Silicona Univ. Transparente x 280 Ml,c/u,24,220,0.15,119
282082,TACOS DUO,Silicona Universal - Cartucho,Silicona Universal Blanca x 280 Ml,Silicona Universal Blanca x 280 Ml,c/u,24,250,0.18,119
282083,TACOS DE NYLON,En Bolsa,Taco S 5 + Tornillo - Bolsa x 1000 Uni,,Bolsa,,150,0.11,113
282084,TACOS DE NYLON,En Bolsa,Taco S 6 + Tornillo - Bolsa x 1000 Uni,,Bolsa,,130,0.09,113
282085,TACOS DE NYLON,En Bolsa,Taco S 8 + Tornillo - Bolsa x 1000 Uni,,Bolsa,,170,0.12,113
282087,ABRAZADERAS PARA FIJAR CABLES,Alcayata de Acero,Alcayata de Acero AY 20 - Caja x 100,,Caja,,210,0.15,116
282088,ABRAZADERAS PARA FIJAR CABLES,Alcayata de Acero,Alcayata de Acero AY 30 - Caja x 100,,Caja,,200,0.14,116
282089,ABRAZADERAS PARA FIJAR CABLES,Alcayata de Acero,Alcayata de Acero AY 40 - Caja x 100,,Caja,,220,0.15,116
282090,ABRAZADERAS PARA FIJAR CABLES,Alcayata de Acero,Alcayata de Acero AY 50 - Caja x 100,,Caja,,220,0.15,116
282094,FIJACIONES METALICA,Metálico para Muro,Taco MR 6 - Caja x 50,,Caja,,840,0.59,117
282095,FIJACIONES METALICA,Metálico para Muro,Taco MR 8 - Caja x 25,,Caja,,830,0.58,117
282096,FIJACIONES METALICA,Metálico para Muro,Taco MR 10 - Caja x 20,,Caja,,710,0.50,117
282097,FIJACIONES METALICA,Metálico para Muro,Taco MR 12 - Caja x 10,,Caja,,860,0.61,117
282098,TACOS DE NYLON UNIVERSAL,"Taco ""FU""",Taco MN10 - Bolsa x 100 Unid,,Bolsa,,140,0.10,114
282099,TACOS DUO,"Sellador ""MS"" - Cartucho",Sellador MS Blanco x 290 Ml,Sellador MS Blanco x 290 Ml,c/u,24,250,0.18,119
282100,TACOS DUO,"Sellador ""MS"" - Cartucho",Sellador MS Cristal x 290 Ml,Sellador MS Cristal x 290 Ml,c/u,24,250,0.18,119
282101,TACOS DUO,"Sellador ""MS"" - Cartucho",Sellador MS Negro x 290 Ml,Sellador MS Negro x 290 Ml,c/u,24,240,0.17,119
282102,TACOS DUO,"Sellador ""MS"" - Cartucho",Sellador MS Gris x 290 Ml,Sellador MS Gris x 290 Ml,c/u,24,200,0.14,119
282103,TACOS DUO,"Sellador ""MS"" - Pomo",Sellador MS Blanco x 80 Ml,Sellador MS Blanco x 80 Ml,c/u,24,210,0.15,119
282104,TACOS DUO,"Sellador ""MS"" - Pomo",Sellador MS Cristal x 80 Ml,Sellador MS Cristal x 80 Ml,c/u,24,250,0.18,119
282105,FIJACIONES METALICA,,"Mango Porta Taco MSR 3/16""","Mango Porta Taco MSR 3/16""",c/u,,1850,1.30,117
282106,FIJACIONES METALICA,,"Mango Porta Taco MSR 1/4""","Mango Porta Taco MSR 1/4""",c/u,,2000,1.41,117
282107,FIJACIONES METALICA,,"Mango Porta Taco MSR 5/16""","Mango Porta Taco MSR 5/16""",c/u,,1900,1.34,117
282108,FIJACIONES METALICA,,"Mango Porta Taco MSR 3/8""","Mango Porta Taco MSR 3/8""",c/u,,1950,1.37,117
282109,FIJACIONES METALICA,,"Mango Porta Taco MSR 1/2""","Mango Porta Taco MSR 1/2""",c/u,,1800,1.27,117
282112,TACOS DE NYLON UNIVERSAL,"Taco ""UX"" - Todo Tipo de Mampostería",Taco UX 6 - Caja x 100 Unidades,,Caja,18,180,0.13,114
282113,TACOS DE NYLON UNIVERSAL,"Taco ""UX"" - Todo Tipo de Mampostería",Taco UX 8 - Caja x 50 Unidades,,Caja,18,180,0.13,114
282114,TACOS DE NYLON UNIVERSAL,"Taco ""UX"" - Todo Tipo de Mampostería",Taco UX 10 - Caja x 20 Unidades,,Caja,18,140,0.10,114
282115,TACOS DE NYLON UNIVERSAL,"Taco ""UXA"" Con Arandela - Todo Tipo de Mampostería",Taco UX 6A - Caja x 100 Unidades,,Caja,18,150,0.11,114
282116,TACOS DE NYLON UNIVERSAL,"Taco ""UXA"" Con Arandela - Todo Tipo de Mampostería",Taco UX 8A - Caja x 50 Unidades,,Caja,18,160,0.11,114
282117,TACOS DE NYLON UNIVERSAL,"Taco ""UXA"" Con Arandela - Todo Tipo de Mampostería",Taco UX 10A - Caja x 20 Unidades,,Caja,18,150,0.11,114
282118,TACOS DUO,Tacos Bi Componentes,"Taco Duopower 5 x 25 (caja x 100 ) - $ 0,00",,c/u,12,210,0.15,118
282119,TACOS DUO,Tacos Bi Componentes,"Taco Duopower 6 x 30 (caja x 100 ) - $ 0,00",,c/u,12,220,0.15,118
282120,TACOS DUO,Tacos Bi Componentes,"Taco Duopower 8 x 40 (caja x 100 ) - $ 0,00",,c/u,12,240,0.17,118
282121,TACOS DUO,Tacos Bi Componentes,"Taco Duopower 8 x 65 (caja x 50 ) - $ 0,00",,c/u,12,240,0.17,118
282122,TACOS DUO,Tacos Bi Componentes,"Taco Duopower 10 x 50 (caja x 50 ) - $ 0,00",,c/u,12,230,0.16,118
282123,TACOS DUO,Tacos Bi Componentes,"Taco Duopower 10 x 80 (caja x 25 ) - $ 0,00",,c/u,12,220,0.15,118
282124,TACOS DUO,Tacos Bi Componentes,"Taco Duopower 12 x 60 (caja x 25 ) - $ 0,00",,c/u,12,210,0.15,118
282125,TACOS DUO,Tacos Bi Componentes,"Taco Duotec 10 (caja x 50 ) - $ 0,00",,c/u,12,210,0.15,118
282131,FIJACIONES METALICA,,"Mango Porta Taco MIM 3/16""","Mango Porta Taco MIM 3/16""",c/u,,1750,1.23,117
282132,FIJACIONES METALICA,,"Mango Porta Taco MIM 1/4""","Mango Porta Taco MIM 1/4""",c/u,,1900,1.34,117
282133,FIJACIONES METALICA,,"Mango Porta Taco MIM 5/16""","Mango Porta Taco MIM 5/16""",c/u,,1950,1.37,117
282134,FIJACIONES METALICA,,"Mango Porta Taco MIM 3/8""","Mango Porta Taco MIM 3/8""",c/u,,2000,1.41,117
282135,FIJACIONES METALICA,,"Mango Porta Taco MIM 1/2""","Mango Porta Taco MIM 1/2""",c/u,,2000,1.41,117
282136,FIJACIONES METALICA,,"Mango Porta Taco MIM 5/8""","Mango Porta Taco MIM 5/8""",c/u,,1850,1.30,117
282137,FIJACIONES METALICA,,"Mango Porta Taco MIM 3/4""","Mango Porta Taco MIM 3/4""",c/u,,1750,1.23,117
282146,FIJACIONES QUIMICA,MECHAS PUNTA DE WIDIA PARA MAMPOSTERIA,"Mecha Widia 5 mm - ""WHS""","Mecha Widia 5 mm - ""WHS""",c/u,,23200,16.34,120
282147,FIJACIONES QUIMICA,MECHAS PUNTA DE WIDIA PARA MAMPOSTERIA,"Mecha Widia 6 mm - ""WHS""","Mecha Widia 6 mm - ""WHS""",c/u,,24100,16.97,120
282148,FIJACIONES QUIMICA,MECHAS PUNTA DE WIDIA PARA MAMPOSTERIA,"Mecha Widia 8 mm - ""WHS""","Mecha Widia 8 mm - ""WHS""",c/u,,23400,16.48,120
282149,FIJACIONES QUIMICA,MECHAS PUNTA DE WIDIA PARA MAMPOSTERIA,"Mecha Widia 10 mm - ""WHS""","Mecha Widia 10 mm - ""WHS""",c/u,,23700,16.69,120
282150,FIJACIONES QUIMICA,MECHAS PUNTA DE WIDIA PARA MAMPOSTERIA,"Mecha Widia 12 mm - ""WHS""","Mecha Widia 12 mm - ""WHS""",c/u,,23600,16.62,120
282151,FIJACIONES QUIMICA,MECHAS PUNTA DE WIDIA PARA MAMPOSTERIA,"Mecha Widia 14 mm - ""WHS""","Mecha Widia 14 mm - ""WHS""",c/u,,23900,16.83,120
282156,ABRAZADERAS PARA FIJAR CABLES,"Abrazadera ""CRM"" - Zincada","Abrazadera CRM 3/8"" G - Caja x 1000","Abrazadera CRM 3/8"" G - Caja x 1000",Caja,,610,0.43,116
282157,ABRAZADERAS PARA FIJAR CABLES,"Abrazadera ""CRM"" - Zincada","Abrazadera CRM 1/2"" G - Caja x 700","Abrazadera CRM 1/2"" G - Caja x 700",Caja,,180,0.13,116
282158,ABRAZADERAS PARA FIJAR CABLES,"Abrazadera ""CRM"" - Zincada","Abrazadera CRM 5/8"" G - Caja x 600","Abrazadera CRM 5/8"" G - Caja x 600",Caja,,580,0.41,116
282159,ABRAZADERAS PARA FIJAR CABLES,"Abrazadera ""CRM"" - Zincada","Abrazadera CRM 3/4"" G - Caja x 500","Abrazadera CRM 3/4"" G - Caja x 500",Caja,,340,0.24,116
282160,ABRAZADERAS PARA FIJAR CABLES,"Abrazadera ""CRM"" - Zincada","Abrazadera CRM 7/8"" G - Caja x 350","Abrazadera CRM 7/8"" G - Caja x 350",Caja,,610,0.43,116
282161,ABRAZADERAS PARA FIJAR CABLES,"Abrazadera ""CRM"" - Zincada","Abrazadera CRM 1"" G - Caja x 300","Abrazadera CRM 1"" G - Caja x 300",Caja,,110,0.08,116
282162,ABRAZADERAS PARA FIJAR CABLES,"Abrazadera ""CRM"" - Zincada","Abrazadera CRM 1¼"" G - Caja x 200",,Caja,,170,0.12,116
282251,ABRAZADERAS PARA FIJAR CABLES,,Mini Abrazadera MX 6 mm - Caja x 50,Mini Abrazadera MX 6 mm - Caja x 50,Caja,,55,0.04,116
282252,ABRAZADERAS PARA FIJAR CABLES,,Mini Abrazadera MX 8 mm - Caja x 50,Mini Abrazadera MX 8 mm - Caja x 50,Caja,,50,0.04,116
282253,ABRAZADERAS PARA FIJAR CABLES,,Mini Abrazadera MX 10 mm - Caja x 25 Caja,Mini Abrazadera MX 10 mm - Caja x 25 Caja,,,50,0.04,116
282355,FIJACIONES QUIMICA,MECHAS PUNTA DE WIDIA PARA MAMPOSTERIA,"Mecha Larga Widia 6 x 400 mm - ""WHL""","Mecha Larga Widia 6 x 400 mm - ""WHL""",c/u,,24900,17.54,120
282356,FIJACIONES QUIMICA,MECHAS PUNTA DE WIDIA PARA MAMPOSTERIA,"Mecha Larga Widia 8 x 400 mm - ""WHL""","Mecha Larga Widia 8 x 400 mm - ""WHL""",c/u,,25600,18.03,120
282357,FIJACIONES QUIMICA,MECHAS PUNTA DE WIDIA PARA MAMPOSTERIA,"Mecha Larga Widia 10 x 400 mm - ""WHL""","Mecha Larga Widia 10 x 400 mm - ""WHL""",c/u,,25500,17.96,120
282358,FIJACIONES QUIMICA,MECHAS PUNTA DE WIDIA PARA MAMPOSTERIA,"Mecha Larga Widia 12 x 400 mm - ""WHL""","Mecha Larga Widia 12 x 400 mm - ""WHL""",c/u,,22200,15.63,120
282377,TACOS DE NYLON UNIVERSAL,"Taco ""SWCL"" - Para Fijar Sanitario",Taco P/Sanitario S 8WCL - 8x40 - Con Tuerca x 20 Unid,,Caja,,180,0.13,114
282379,TACOS DE NYLON UNIVERSAL,"Taco ""SWCL"" - Para Fijar Sanitario",Taco P/Sanitario S 10WCL 10x50 - Con Tuerca x 10 Unid,,Caja,,150,0.11,114
282382,TACOS DE NYLON PARA DURLOCK,Pitón,Pitón PA c/Arandela 1/5 - Caja x 100 Caja,,,,170,0.12,115
282383,TACOS DE NYLON PARA DURLOCK,Pitón,Pitón PA c/Arandela 2/5 - Caja x 100 Caja,,,,180,0.13,115
282384,TACOS DE NYLON PARA DURLOCK,Pitón,Pitón PA c/Arandela 3/5 - Caja x 100 Caja,,,,190,0.13,115
282385,TACOS DE NYLON PARA DURLOCK,Pitón,Pitón PA c/Arandela 1/6 - Caja x 40,,Caja,,160,0.11,115
282386,TACOS DE NYLON PARA DURLOCK,Pitón,Pitón PA c/Arandela 2/6 - Caja x 40,,Caja,,200,0.14,115
282387,TACOS DE NYLON PARA DURLOCK,Pitón,Pitón PA c/Arandela 1/8 - Caja x 25,,Caja,,160,0.11,115
282388,TACOS DE NYLON PARA DURLOCK,Pitón,Pitón PA c/Arandela 2/8 - Caja x 25,,Caja,,210,0.15,115
282389,TACOS DE NYLON PARA DURLOCK,Pitón,Pitón PA c/Arandela 3/8 - Caja x 25,,Caja,,180,0.13,115
282390,TACOS DE NYLON PARA DURLOCK,Pitón,Pitón PA c/Arandela 3/6 - Caja x 40,,Caja,,200,0.14,115
282406,TACOS DE NYLON UNIVERSAL,"Taco ""SX"" - Todo Tipo de Mampostería",Taco SX 4 - Caja x 200 Unidades,,Caja,18,150,0.11,114
282407,TACOS DE NYLON UNIVERSAL,"Taco ""SX"" - Todo Tipo de Mampostería",Taco SX 5 - Caja x 100 Unidades,,Caja,18,160,0.11,114
282408,TACOS DE NYLON UNIVERSAL,"Taco ""SX"" - Todo Tipo de Mampostería",Taco SX 6 - Caja x 100 Unidades,,Caja,18,170,0.12,114
282409,TACOS DE NYLON UNIVERSAL,"Taco ""SX"" - Todo Tipo de Mampostería",Taco SX 8 - Caja x 100 Unidades,,Caja,18,150,0.11,114
282410,TACOS DE NYLON UNIVERSAL,"Taco ""SX"" - Todo Tipo de Mampostería",Taco SX 10 - Caja x 50 Unidades,,Caja,18,150,0.11,114
282411,TACOS DE NYLON UNIVERSAL,"Taco ""SX"" - Todo Tipo de Mampostería",Taco SX 12 - Caja x 20 Unidades,,Caja,18,180,0.13,114
282412,TACOS DE NYLON UNIVERSAL,"Taco ""SX"" - Todo Tipo de Mampostería",Taco SX 14 - Caja x 20 Unidades,,Caja,18,170,0.12,114
282413,TACOS DE NYLON UNIVERSAL,"Taco ""SX"" - Todo Tipo de Mampostería",Taco SX 16 - Caja x 10 Unidades,,Caja,18,170,0.12,114
282414,TACOS DE NYLON,En Bolsa,Taco SA 5B Bolsa x 1000 Unid,,Bolsa,,170,0.12,113
282415,TACOS DE NYLON,En Bolsa,Taco SA 6B Bolsa x 1000 Unid,,Bolsa,,160,0.11,113
282416,TACOS DE NYLON,En Bolsa,Taco SA 8B Bolsa x 500 Unid,,Bolsa,,150,0.11,113
282417,TACOS DE NYLON,En Bolsa,Taco SA 10B Bolsa x 250 Unid,,Bolsa,,130,0.09,113
282418,TACOS DE NYLON,En Bolsa,Taco SA 10 Caja x 50 Unidad,,Caja,,140,0.10,113
282420,TACOS DE NYLON UNIVERSAL,En Balde,Taco SX 6 - Balde x 3200 Unidades - Balde,,,,160,0.11,114
282421,TACOS DE NYLON UNIVERSAL,En Balde,Taco SX 8 - Balde x 1400 Unidades - Balde,,,,140,0.10,114
282422,TACOS DE NYLON UNIVERSAL,En Balde,Taco SX 10 - Balde x 700 Unidades - Balde,,,,180,0.13,114
282435,TACOS DE NYLON,En Bolsa,Taco S 5B - Bolsa x 1000 Unidades,,Bolsa,,170,0.12,113
282436,TACOS DE NYLON,En Bolsa,Taco S 6B - Bolsa x 1000 Unidades,,Bolsa,,130,0.09,113
282437,TACOS DE NYLON,En Bolsa,Taco S 8B - Bolsa x 1000 Unidades,,Bolsa,,140,0.10,113
282438,TACOS DE NYLON,En Bolsa,Taco S 10B - Bolsa x 500 Unidades,,Bolsa,,160,0.11,113
282439,TACOS DE NYLON,En Bolsa,Taco S 12B - Bolsa x 100 Unidades,,Bolsa,,170,0.12,113
282442,TACOS DE NYLON,En Bolsa,Taco S 14B - Bolsa x 100 Unidades,,Bolsa,,140,0.10,113
282457,TACOS DE NYLON,En Bolsa,Tornillo TMF 19 x 30 - x 100 Unid,,Caja,,150,0.11,113
282458,TACOS DE NYLON,En Bolsa,Tornillo TMF 21 x 35 - x 100 Unid,,Caja,,170,0.12,113
282459,TACOS DE NYLON,En Bolsa,Tornillo TMF 22 x 45 - x 100 Unid,,Caja,,160,0.11,113
282500,TACOS DE NYLON UNIVERSAL,"Taco ""FU""",Taco FU 6 x 35 - Caja x 100 U.,,Caja,,150,0.11,114
282503,TACOS DE NYLON UNIVERSAL,"Taco ""FU""",Taco FU 8 x 50 - Caja x 50 U.,,Caja,,180,0.13,114
282504,TACOS DE NYLON UNIVERSAL,"Taco ""FU""",Taco FU 10 x 60 - Caja x 25 U.,,Caja,,160,0.11,114
282508,TACOS DE NYLON PARA DURLOCK,,Taco GK - Caja x 100 Unidad,,Caja,,190,0.13,115
282509,TACOS DE NYLON PARA DURLOCK,,Taco GKS y Tornillo - Caja x 50,,Caja,,160,0.11,115
282510,TACOS DE NYLON PARA DURLOCK,,Espadita GKW,,c/u,,150,0.11,115
282511,TACOS DE NYLON PARA DURLOCK,Tornillo Cabeza Hexagonal,Taco FUR 10 x 80 SS - Caja x 50,,Caja,,170,0.12,115
282512,TACOS DE NYLON PARA DURLOCK,Tornillo Cabeza Hexagonal,Taco FUR 10 x 100 SS - Caja x 50,,Caja,,190,0.13,115
282513,TACOS DE NYLON PARA DURLOCK,Tornillo Cabeza Hexagonal,Taco FUR 10 x 135 SS - Caja x 50,,Caja,,160,0.11,115
282514,TACOS DE NYLON PARA DURLOCK,Tornillo Cabeza Hexagonal,Taco FUR 10 x 160 SS - Caja x 50,,Caja,,200,0.14,115
282518,ABRAZADERAS PARA FIJAR CABLES,"Cinta Metálica ""ZBM""",Cinta ZBM 12/15 - 12 mm x 15 Mts,Cinta ZBM 12/15 - 12 mm x 15 Mts,Rollo,20,60,0.04,116
282519,ABRAZADERAS PARA FIJAR CABLES,"Cinta Metálica ""ZBM""",Cinta ZBM 12/30 - 12 mm x 30 Mts,Cinta ZBM 12/30 - 12 mm x 30 Mts,Rollo,20,60,0.04,116
282520,ABRAZADERAS PARA FIJAR CABLES,"Cinta Metálica ""ZBM""",Cinta ZBM 17/15 - 17 mm x 15 Mts,Cinta ZBM 17/15 - 17 mm x 15 Mts,Rollo,20,75,0.05,116
282521,ABRAZADERAS PARA FIJAR CABLES,"Cinta Metálica ""ZBM""",Cinta ZBM 17/30 - 17 mm x 30 Mts,Cinta ZBM 17/30 - 17 mm x 30 Mts,Rollo,20,80,0.06,116
282522,ABRAZADERAS PARA FIJAR CABLES,"Cinta Metálica ""ZBM""",Cinta ZBM 19/15 - 19 mm x 15 Mts,Cinta ZBM 19/15 - 19 mm x 15 Mts,Rollo,20,90,0.06,116
282523,ABRAZADERAS PARA FIJAR CABLES,"Cinta Metálica ""ZBM""",Cinta ZBM 19/30 - 19 mm x 30 Mts,Cinta ZBM 19/30 - 19 mm x 30 Mts,Rollo,20,85,0.06,116
282532,FIJACIONES QUIMICA,,Ampolla Química RM 8 - Caja x 10,,Caja,,16800,11.83,120
282533,FIJACIONES QUIMICA,,Ampolla Química RM 10 - Caja x 10,,Caja,,17400,12.25,120
282534,FIJACIONES QUIMICA,,Ampolla Química RM 12 - Caja x 10,,Caja,,16200,11.41,120
282535,FIJACIONES QUIMICA,,Ampolla Química RM 16 - Caja x 10,,Caja,,18400,12.96,120
282536,FIJACIONES QUIMICA,,Ampolla Química RM 20 - Caja x 10,,Caja,,20500,14.44,120
282537,FIJACIONES QUIMICA,,Ampolla Química RM 24 - Caja x 10,,Caja,,19900,14.01,120
282540,FIJACIONES QUIMICA,,Varilla FTR M 8 - Caja x 10,,Caja,,18800,13.24,120
282541,FIJACIONES QUIMICA,,Varilla FTR M 10 - Caja x 10,,Caja,,19000,13.38,120
282542,FIJACIONES QUIMICA,,Varilla FTR M 12 - Caja x 10,,Caja,,16800,11.83,120
282543,FIJACIONES QUIMICA,,Varilla FTR M 16 - Caja x 10,,Caja,,17500,12.32,120
282544,FIJACIONES QUIMICA,,Varilla FTR M 20 - Caja x 10,,Caja,,15400,10.85,120
282545,FIJACIONES QUIMICA,,Varilla FTR M 24 - Caja x 10,,Caja,,19500,13.73,120
282580,FIJACIONES QUIMICA,Cartucho de Inyección de Resina,Cartucho FIS V 360S,,c/u,12,19400,13.66,120
282581,FIJACIONES QUIMICA,Cartucho de Inyección de Resina,Boquilla Mescladora FIPS x 10 U,,Caja,,15300,10.77,120
282582,FIJACIONES QUIMICA,Cartucho de Inyección de Resina,Casquillo Malla FIS H 16 x 85,,Caja,,20200,14.23,120
282583,FIJACIONES QUIMICA,Cartucho de Inyección de Resina,Casquillo Malla FIS H 18 x 85,,Caja,,18800,13.24,120
282584,FIJACIONES QUIMICA,Cartucho de Inyección de Resina,Casquillo Malla FIS H 20 x 85,,Caja,,18500,13.03,120
282585,FIJACIONES QUIMICA,Cartucho de Inyección de Resina,Casquillo Rígido FIPH 12x60 x 10,,Caja,,15300,10.77,120
282586,FIJACIONES QUIMICA,Cartucho de Inyección de Resina,Casquillo Rígido FIPH 14x70 x 10,,Caja,,16700,11.76,120
282587,TACOS DUO,ESPUMAS DE POLIURETANO y PISTOLA APLICADORA,"Espuma PU x 300 Ml - $ 0,00",Espuma PU x 300 Ml,c/u,12,240,0.17,118
282588,TACOS DUO,ESPUMAS DE POLIURETANO y PISTOLA APLICADORA,"Espuma PU x 500 Ml - $ 0,00",Espuma PU x 500 Ml,c/u,12,210,0.15,118
282589,TACOS DUO,ESPUMAS DE POLIURETANO y PISTOLA APLICADORA,"Espuma PU x 750 Ml - $ 0,00",Espuma PU x 750 Ml,c/u,12,250,0.18,118
282590,TACOS DUO,ESPUMAS DE POLIURETANO y PISTOLA APLICADORA,"Espuma PUP para Pistola x 750 Ml - $ 0,00",Espuma PUP para Pistola x 750 Ml,c/u,12,230,0.16,118
282591,TACOS DUO,ESPUMAS DE POLIURETANO y PISTOLA APLICADORA,"Limpiador PUR R - p/Pistola x 500 Ml - $ 0,00",Limpiador PUR R - p/Pistola x 500 Ml,c/u,1,210,0.15,118
282592,TACOS DUO,ESPUMAS DE POLIURETANO y PISTOLA APLICADORA,"Pistola PUPK2 - Para Espuma - $ 0,00",,c/u,12,210,0.15,118
282600,TACOS DUO,Aplicador de Silicona,Aplicador de Silicona KPM1,,c/u,6,210,0.15,119
282601,TACOS DUO,Aplicador de Silicona,Aplicador de Silicona KPM2,,c/u,6,200,0.14,119
282602,FIJACIONES QUIMICA,Cartucho de Inyección de Resina,Pistola P/Cartucho FIPS,,Caja,,17800,12.54,120
282603,FIJACIONES QUIMICA,Cartucho de Inyección de Resina,"Bomba Manual de Aire ""ABG""",,c/u,,19000,13.38,120
282608,FIJACIONES QUIMICA,Cartucho de Inyección de Resina,Cartucho FIS VS 300T,,c/u,12,19800,13.94,120
282616,TACOS DE NYLON PARA DURLOCK,Tornillo Cabeza Hexagonal,Taco FUR 8 x 80 SS - Caja x 50,,Caja,,170,0.12,115
282617,TACOS DE NYLON PARA DURLOCK,Tornillo Cabeza Hexagonal,Taco FUR 8 x 100 SS - Caja x 50,,Caja,,160,0.11,115
282646,ABRAZADERAS PARA FIJAR CABLES,"Abrazadera ""CRM"" - Zincada","Abrazadera CRM 1/4"" - Caja x 200 - Caja Gigante","Abrazadera CRM 1/4"" - Caja x 200",Caja,,360,0.25,116
282649,FIJACIONES METALICA,,"Taco SRM G 3/16"" - Caja x 100","Taco SRM G 3/16"" - Caja x 100",Caja,,1900,1.34,117
282650,FIJACIONES METALICA,,"Taco SRM G 1/4"" - Caja x 50","Taco SRM G 1/4"" - Caja x 50",Caja,,1950,1.37,117
282651,FIJACIONES METALICA,,"Taco SRM G 5/16"" - Caja x 40","Taco SRM G 5/16"" - Caja x 40",Caja,,1800,1.27,117
282652,FIJACIONES METALICA,,"Taco SRM G 3/8"" - Caja x 25","Taco SRM G 3/8"" - Caja x 25",Caja,,1900,1.34,117
282653,FIJACIONES METALICA,,"Taco SRM G 1/2"" - Caja x 15","Taco SRM G 1/2"" - Caja x 15",Caja,,1900,1.34,117
282662,FIJACIONES METALICA,,"Taco IM G 3/16"" - Caja x 100","Taco IM G 3/16"" - Caja x 100",Caja,,1800,1.27,117
282663,FIJACIONES METALICA,,"Taco IM G 1/4"" - Caja x 100","Taco IM G 1/4"" - Caja x 100",Caja,,1750,1.23,117
282664,FIJACIONES METALICA,,"Taco IM G 5/16"" - Caja x 100","Taco IM G 5/16"" - Caja x 100",Caja,,1700,1.20,117
282665,FIJACIONES METALICA,,"Taco IM G 3/8"" - Caja x 50","Taco IM G 3/8"" - Caja x 50",Caja,,2000,1.41,117
282666,FIJACIONES METALICA,,"Taco IM G 1/2"" - Caja x 50","Taco IM G 1/2"" - Caja x 50",Caja,,1900,1.34,117
282667,FIJACIONES METALICA,,"Taco IM G 5/8"" - Caja x 25","Taco IM G 5/8"" - Caja x 25",Caja,,1950,1.37,117
282668,FIJACIONES METALICA,,"Taco IM G 3/4"" - Caja x 25","Taco IM G 3/4"" - Caja x 25",Caja,,1800,1.27,117
282680,FIJACIONES METALICA,Metálico para Muro,Perno FWA 6 x 55 - Caja x 100,,Caja,,850,0.60,117
282681,FIJACIONES METALICA,Metálico para Muro,Perno FWA 8 x 80 - Caja x 50,,Caja,,890,0.63,117
282682,FIJACIONES METALICA,Metálico para Muro,Perno FWA 8 x 95 - Caja x 50,,Caja,,750,0.53,117
282683,FIJACIONES METALICA,Metálico para Muro,Perno FWA 8 x 120 - Caja x 50,,Caja,,720,0.51,117
282684,FIJACIONES METALICA,Metálico para Muro,Perno FWA 10 x 65 - Caja x 50,,Caja,,860,0.61,117
282685,FIJACIONES METALICA,Metálico para Muro,Perno FWA 10 x 95 - Caja x 50,,Caja,,900,0.63,117
282686,FIJACIONES METALICA,Metálico para Muro,Perno FWA 10 x 115 - Caja x 25,,Caja,,870,0.61,117
282687,FIJACIONES METALICA,Metálico para Muro,Perno FWA 10 x 130 - Caja x 25,,Caja,,870,0.61,117
282688,FIJACIONES METALICA,Metálico para Muro,Perno FWA 12 x 80 - Caja x 25,,Caja,,820,0.58,117
282689,FIJACIONES METALICA,Metálico para Muro,Perno FWA 12 x 100 - Caja x 25,,Caja,,840,0.59,117
282690,FIJACIONES METALICA,Metálico para Muro,Perno FWA 12 x 120 - Caja x 25,,Caja,,840,0.59,117
282691,FIJACIONES METALICA,Metálico para Muro,Perno FWA 12 x 150 - Caja x 25,,Caja,,850,0.60,117
282692,FIJACIONES METALICA,Metálico para Muro,Perno FWA 16 x 140 - Caja x 10,,Caja,,840,0.59,117
282693,FIJACIONES METALICA,Metálico para Muro,Perno FWA 16 x 180 - Caja x 10,,Caja,,920,0.65,117
282694,FIJACIONES METALICA,Metálico para Muro,Perno FWA 20 x 160 - Caja x 10,,Caja,,740,0.52,117
282699,FIJACIONES METALICA,Metálico para Muro,"Bulón FSL 6,5/28x62 - Caja x 100",,Caja,,780,0.55,117
282700,FIJACIONES METALICA,Metálico para Muro,Bulón FSL 8/37x73 - Caja x 100,,Caja,,770,0.54,117
282701,FIJACIONES METALICA,Metálico para Muro,Bulón FSL 8/57x93 - Caja x 25,,Caja,,690,0.49,117
282702,FIJACIONES METALICA,Metálico para Muro,Bulón FSL 10/12x58 - Caja x 25,,Caja,,850,0.60,117
282703,FIJACIONES METALICA,Metálico para Muro,Bulón FSL 10/39x85 - Caja x 25,,Caja,,820,0.58,117
282704,FIJACIONES METALICA,Metálico para Muro,Bulón FSL 10/59x105 - Caja x 25,,Caja,,730,0.51,117
282705,FIJACIONES METALICA,Metálico para Muro,Bulón FSL 12/15x69 - Caja x 25,,Caja,,850,0.60,117
282706,FIJACIONES METALICA,Metálico para Muro,Bulón FSL 12/27x84 - Caja x 25,,Caja,,730,0.51,117
282707,FIJACIONES METALICA,Metálico para Muro,Bulón FSL 12/51x108 - Caja x 20,,Caja,,810,0.57,117
282708,FIJACIONES METALICA,Metálico para Muro,Bulón FSL 16/65x125 - Caja x 10,,Caja,,870,0.61,117
290004,SERRUCHOS,Serrucho Carpintero,Serrucho Carpintero - 30 Cms,Serrucho Carpintero - 30 Cms,c/u,6,16800,11.83,96
290005,SERRUCHOS,Serrucho Carpintero,Serrucho Carpintero - 35 Cms,Serrucho Carpintero - 35 Cms,c/u,6,15800,11.13,96
290006,SERRUCHOS,Serrucho Carpintero,Serrucho Carpintero - 40 Cms,Serrucho Carpintero - 40 Cms,c/u,6,15000,10.56,96
290007,SERRUCHOS,Serrucho Carpintero,Serrucho Carpintero - 45 Cms,Serrucho Carpintero - 45 Cms,c/u,6,16600,11.69,96
290008,SERRUCHOS,Serrucho Carpintero,Serrucho Carpintero - 50 Cms,Serrucho Carpintero - 50 Cms,c/u,6,16500,11.62,96
290009,SERRUCHOS,Serrucho Carpintero,Serrucho Carpintero - 55 Cms,Serrucho Carpintero - 55 Cms,c/u,6,16700,11.76,96
290010,SERRUCHOS,Serrucho Carpintero,Serrucho Carpintero - 60 Cms,Serrucho Carpintero - 60 Cms,c/u,6,13600,9.58,96
290011,SERRUCHOS,Serrucho Carpintero - Tipo Costilla,Serrucho Tipo Costilla - 25 Cms,Serrucho Tipo Costilla - 25 Cms,c/u,6,13200,9.30,96
290012,SERRUCHOS,Serrucho Carpintero - Tipo Costilla,Serrucho Tipo Costilla - 30 Cms,Serrucho Tipo Costilla - 30 Cms,c/u,6,13300,9.37,96
290013,SERRUCHOS,Serrucho Carpintero - Tipo Costilla,Serrucho Tipo Costilla - 35 Cms,Serrucho Tipo Costilla - 35 Cms,c/u,6,13900,9.79,96
290014,SERRUCHOS,Serrucho Multi-hoja,Serrucho 5 Usos,,c/u,6,16400,11.55,96
290015,SERRUCHOS,Serrucho De Poda,Serrucho de Poda Curvo - 30 Cms,Serrucho de Poda Curvo - 30 Cms,c/u,6,16200,11.41,96
290016,SERRUCHOS,Serrucho De Punta,Serrucho de Punta - 30 Cms,Serrucho de Punta - 30 Cms,c/u,6,13600,9.58,96
290017,SERRUCHOS,Serrucho Tipo Ebanista,Serrucho Tipo Ebanista - 23 Cms,Serrucho Tipo Ebanista - 23 Cms,c/u,6,15800,11.13,96
290018,ASPIRADORAS,Cabo de Madera Para Serrucho,Cabo para Serrucho - Chico de Madera,,c/u,12,171000,120.42,86
290019,ASPIRADORAS,Cabo de Madera Para Serrucho,Cabo para Serrucho - Mediano de Madera,,c/u,12,158000,111.27,86
290020,ASPIRADORAS,Cabo de Madera Para Serrucho,Cabo para Serrucho - Grande de Madera,,c/u,12,172000,121.13,86
290022,TEJIDOS MEDIA SOMBRA,Espátula Pintor Cabo Madera,Espátula Pintor Cabo Madera - 30 mm,Espátula Pintor Cabo Madera - 30 mm,c/u,12,70100,49.37,95
290023,TEJIDOS MEDIA SOMBRA,Espátula Pintor Cabo Madera,Espátula Pintor Cabo Madera - 40 mm,Espátula Pintor Cabo Madera - 40 mm,c/u,12,65400,46.06,95
290024,TEJIDOS MEDIA SOMBRA,Espátula Pintor Cabo Madera,Espátula Pintor Cabo Madera - 50 mm,Espátula Pintor Cabo Madera - 50 mm,c/u,12,70600,49.72,95
290025,TEJIDOS MEDIA SOMBRA,Espátula Pintor Cabo Madera,Espátula Pintor Cabo Madera - 60 mm,Espátula Pintor Cabo Madera - 60 mm,c/u,12,65700,46.27,95
290026,TEJIDOS MEDIA SOMBRA,Espátula Pintor Cabo Madera,Espátula Pintor Cabo Madera - 70 mm,Espátula Pintor Cabo Madera - 70 mm,c/u,12,64900,45.70,95
290027,TEJIDOS MEDIA SOMBRA,Espátula Pintor Cabo Madera,Espátula Pintor Cabo Madera - 80 mm,Espátula Pintor Cabo Madera - 80 mm,c/u,12,65300,45.99,95
290028,TEJIDOS MEDIA SOMBRA,Espátula Pintor Cabo Madera,Espátula Pintor Cabo Madera - 90 mm,Espátula Pintor Cabo Madera - 90 mm,c/u,12,71300,50.21,95
290029,TEJIDOS MEDIA SOMBRA,Espátula Para Enduir Cabo Madera,Espátula Para Enduir Cabo Madera - 120 mm,Espátula Para Enduir Cabo Madera - 120 mm,c/u,12,67200,47.32,95
290030,TEJIDOS MEDIA SOMBRA,Espátula Para Enduir Cabo Madera,Espátula Para Enduir Cabo Madera - 140 mm,Espátula Para Enduir Cabo Madera - 140 mm,c/u,12,71500,50.35,95
290031,TEJIDOS MEDIA SOMBRA,Espátula Para Enduir Cabo Madera,Espátula Para Enduir Cabo Madera - 160 mm,Espátula Para Enduir Cabo Madera - 160 mm,c/u,12,68400,48.17,95
290032,TEJIDOS MEDIA SOMBRA,Espátula Para Enduir Cabo Madera,Espátula Para Enduir Cabo Madera - 180 mm,Espátula Para Enduir Cabo Madera - 180 mm,c/u,12,72300,50.92,95
290033,TEJIDOS MEDIA SOMBRA,Espátula Para Enduir Cabo Madera,Espátula Para Enduir Cabo Madera - 200 mm,Espátula Para Enduir Cabo Madera - 200 mm,c/u,12,62900,44.30,95
290034,TEJIDOS MEDIA SOMBRA,Espátula Para Enduir Cabo Madera,Espátula Para Enduir Cabo Madera - 220 mm,Espátula Para Enduir Cabo Madera - 220 mm,c/u,12,71700,50.49,95
290035,TEJIDOS MEDIA SOMBRA,Llana Lisa Yesero Cabo PVC,Llana Yesero - Flexible de 12 x 25 Cms.,Llana Yesero - Flexible de 12 x 25 Cms.,c/u,6,40000,28.17,95
290036,TEJIDOS MEDIA SOMBRA,Llana Lisa Yesero Cabo PVC,Llana Yesero - Flexible de 12 x 30 Cms.,Llana Yesero - Flexible de 12 x 30 Cms.,c/u,6,44400,31.27,95
290037,TEJIDOS MEDIA SOMBRA,Llana Dentada Cabo PVC,Llana Dentada de 4 x 4 Cms.,Llana Dentada de 4 x 4 Cms.,c/u,6,38600,27.18,95
290038,TEJIDOS MEDIA SOMBRA,Llana Dentada Cabo PVC,Llana Dentada de 6 x 6 Cms.,Llana Dentada de 6 x 6 Cms.,c/u,6,37600,26.48,95
290039,TEJIDOS MEDIA SOMBRA,Llana Dentada Cabo PVC,Llana Dentada de 8 x 8 Cms.,Llana Dentada de 8 x 8 Cms.,c/u,6,34600,24.37,95
290040,SERRUCHOS,Escuadra Carpintero Milimetrada,Escuadra Milimetrada - 20 Cms.,Escuadra Milimetrada - 20 Cms.,c/u,6,16600,11.69,96
290041,SERRUCHOS,Escuadra Carpintero Milimetrada,Escuadra Milimetrada - 25 Cms.,Escuadra Milimetrada - 25 Cms.,c/u,6,13400,9.44,96
290042,SERRUCHOS,Escuadra Carpintero Milimetrada,Escuadra Milimetrada - 30 Cms.,Escuadra Milimetrada - 30 Cms.,c/u,6,13700,9.65,96
290043,SERRUCHOS,Escuadra Carpintero,Escuadra Carpintero - 20 Cms.,Escuadra Carpintero - 20 Cms.,c/u,6,14600,10.28,96
290044,SERRUCHOS,Escuadra Carpintero,Escuadra Carpintero - 25 Cms.,Escuadra Carpintero - 25 Cms.,c/u,6,15300,10.77,96
290045,SERRUCHOS,Escuadra Carpintero,Escuadra Carpintero - 30 Cms.,Escuadra Carpintero - 30 Cms.,c/u,6,16800,11.83,96
290046,TEJIDOS MEDIA SOMBRA,Espátula Para Enduir Cabo Madera,Espátula Para Enduir Cabo Madera - 100 mm,Espátula Para Enduir Cabo Madera - 100 mm,c/u,12,67000,47.18,95
290047,TEJIDOS MEDIA SOMBRA,Espátula Para Enduir Cabo Madera,Espátula Para Enduir Cabo Madera - 240 mm,Espátula Para Enduir Cabo Madera - 240 mm,c/u,12,65500,46.13,95
290048,TEJIDOS MEDIA SOMBRA,Llana Dentada Cabo PVC,Llana Dentada de 12 x 12 Cms.,Llana Dentada de 12 x 12 Cms.,c/u,6,42600,30.00,95
290049,TEJIDOS MEDIA SOMBRA,Llana Dentada Cabo PVC,Llana Dentada de 10 x 10 Cms.,Llana Dentada de 10 x 10 Cms.,c/u,6,43300,30.49,95
290050,TEJIDOS MEDIA SOMBRA,Espátula Pintor Cabo PVC,Espátula Pintor Cabo PVC - 30 mm,Espátula Pintor Cabo PVC - 30 mm,c/u,12,67400,47.46,95
290051,TEJIDOS MEDIA SOMBRA,Espátula Pintor Cabo PVC,Espátula Pintor Cabo PVC - 40 mm,Espátula Pintor Cabo PVC - 40 mm,c/u,12,68900,48.52,95
290052,TEJIDOS MEDIA SOMBRA,Espátula Pintor Cabo PVC,Espátula Pintor Cabo PVC - 50 mm,Espátula Pintor Cabo PVC - 50 mm,c/u,12,64000,45.07,95
290053,TEJIDOS MEDIA SOMBRA,Espátula Pintor Cabo PVC,Espátula Pintor Cabo PVC - 60 mm,Espátula Pintor Cabo PVC - 60 mm,c/u,12,69000,48.59,95
290054,TEJIDOS MEDIA SOMBRA,Espátula Pintor Cabo PVC,Espátula Pintor Cabo PVC - 70 mm,Espátula Pintor Cabo PVC - 70 mm,c/u,12,62200,43.80,95
290055,TEJIDOS MEDIA SOMBRA,Espátula Pintor Cabo PVC,Espátula Pintor Cabo PVC - 80 mm,Espátula Pintor Cabo PVC - 80 mm,c/u,12,65100,45.85,95
290056,TEJIDOS MEDIA SOMBRA,Espátula Pintor Cabo PVC,Espátula Pintor Cabo PVC - 90 mm,Espátula Pintor Cabo PVC - 90 mm,c/u,12,70300,49.51,95
290057,TEJIDOS MEDIA SOMBRA,Espátula Para Enduir Cabo PVC,Espátula Para Enduir Cabo PVC - 100 mm,Espátula Para Enduir Cabo PVC - 100 mm,c/u,6,63900,45.00,95
290058,TEJIDOS MEDIA SOMBRA,Espátula Para Enduir Cabo PVC,Espátula Para Enduir Cabo PVC - 120 mm,Espátula Para Enduir Cabo PVC - 120 mm,c/u,6,70400,49.58,95
290059,TEJIDOS MEDIA SOMBRA,Espátula Para Enduir Cabo PVC,Espátula Para Enduir Cabo PVC - 140 mm,Espátula Para Enduir Cabo PVC - 140 mm,c/u,6,67400,47.46,95
290060,TEJIDOS MEDIA SOMBRA,Espátula Para Enduir Cabo PVC,Espátula Para Enduir Cabo PVC - 160 mm,Espátula Para Enduir Cabo PVC - 160 mm,c/u,6,70300,49.51,95
290061,TEJIDOS MEDIA SOMBRA,Espátula Para Enduir Cabo PVC,Espátula Para Enduir Cabo PVC - 180 mm,Espátula Para Enduir Cabo PVC - 180 mm,c/u,6,63100,44.44,95
290200,AZADAS,,Azada Albañil Con Ojo,,c/u,12,15500,10.92,55
290201,AZADAS,,Azada Albañil Con Regatón,,c/u,12,15600,10.99,55
290202,AZADAS,,Azada Algodonera,,c/u,12,14600,10.28,55
290203,AZADAS,,Azada Carpir N°2,,c/u,12,17100,12.04,55
290204,AZADAS,,Azada Carpir N°3,,c/u,12,14500,10.21,55
290206,AZADAS,CUCHARAS FORJADA,Cuchara Albañil Forjada N°5½,,c/u,12,12900,9.08,55
290207,AZADAS,CUCHARAS FORJADA,Cuchara Albañil Forjada N°6,,c/u,12,13600,9.58,55
290208,AZADAS,CUCHARAS FORJADA,Cuchara Albañil Forjada N°7,,c/u,12,14400,10.14,55
290209,AZADAS,CUCHARAS FORJADA,Cuchara Albañil Forjada N°7M,Cuchara Albañil Forjada N°7M,c/u,12,16600,11.69,55
290210,AZADAS,CUCHARAS FORJADA,Cuchara Albañil Forjada N°8,,c/u,12,14200,10.00,55
290211,AZADAS,CUCHARAS FORJADA,Cuchara Albañil Forjada N°8M,Cuchara Albañil Forjada N°8M,c/u,12,19000,13.38,55
290212,AZADAS,CUCHARAS SOLDADA,Cuchara Albañil Soldada N°5½,,c/u,12,13600,9.58,55
290213,AZADAS,CUCHARAS SOLDADA,Cuchara Albañil Soldada N°6,,c/u,12,15800,11.13,55
290214,AZADAS,CUCHARAS SOLDADA,Cuchara Albañil Soldada N°7,,c/u,12,15600,10.99,55
290216,AZADAS,CUCHARAS SOLDADA,Cuchara Albañil Soldada N°8,,c/u,12,13900,9.79,55
290217,AZADAS,CUCHARAS SOLDADA,Cuchara Albañil Soldada N°8M,Cuchara Albañil Soldada N°8M,c/u,12,18600,13.10,55
290218,AZADAS,Tijera Forjada Para Cortar Ligustro,Tijera Ligustro Forjada 20 Cms,Tijera Ligustro Forjada 20 Cms,c/u,12,14300,10.07,55
290219,AZADAS,Tijera Forjada Para Cortar Ligustro,Tijera Ligustro Forjada 25 Cms,Tijera Ligustro Forjada 25 Cms,c/u,12,13300,9.37,55
290220,AZADAS,Tijera Forjada Para Cortar Ligustro,Tijera Ligustro Forjada 30 Cms,Tijera Ligustro Forjada 30 Cms,c/u,12,14500,10.21,55
290222,AZADAS,Tijera Soldada Para Cortar Ligustro,Tijera Ligustro Soldada 25 Cms,Tijera Ligustro Soldada 25 Cms,c/u,12,15400,10.85,55
290223,AZADAS,Tijera Soldada Para Cortar Ligustro,Tijera Ligustro Soldada 30 Cms,Tijera Ligustro Soldada 30 Cms,c/u,12,13500,9.51,55
291001,PITONES,,Art 1 - c/u 50,,,,6600,4.65,25
291002,PITONES,,Art 2 - c/u 50,,,,5650,3.98,25
291003,PITONES,,Art 3 - c/u 50,,,,5600,3.94,25
291004,PITONES,,Art 5 - c/u 50,,,,6400,4.51,25
291005,PITONES,,Art 6 - c/u 50,,,,6150,4.33,25
291006,PITONES,,Art 9 - c/u 50,,,,5700,4.01,25
291007,PITONES,Tensor Tubular de Hierro fundido,"60 mm - 3/16"" - Doc. - 10",60 mm,,,10600,7.46,25
291008,PITONES,Tensor Tubular de Hierro fundido,"70 mm - 1/4"" - Doc. - 10",70 mm,,,10800,7.61,25
291009,PITONES,Tensor Tubular de Hierro fundido,"80 mm - 1/4"" - Doc. - 10",80 mm,,,9750,6.87,25
291010,PITONES,Tensor Tubular de Hierro fundido,"100 mm - 1/4"" - Doc. - 10",100 mm,,,10600,7.46,25
291011,MANIJAS TIPO MINISTERIO PARA PUERTA,"PASADORES, CADENAS DE SEGURIDAD y RETENES",12 cm,12 cm,c/u,12,33500,23.59,22
291012,MANIJAS TIPO MINISTERIO PARA PUERTA,"PASADORES, CADENAS DE SEGURIDAD y RETENES",14 cm,14 cm,c/u,12,31700,22.32,22
291013,MANIJAS TIPO MINISTERIO PARA PUERTA,"PASADORES, CADENAS DE SEGURIDAD y RETENES",17 cm,17 cm,c/u,12,39700,27.96,22
291014,MANIJAS TIPO MINISTERIO PARA PUERTA,"PASADORES, CADENAS DE SEGURIDAD y RETENES",21 cm,21 cm,c/u,12,39400,27.75,22
291016,CAÑOS ESPECIALES,RIEGO y SANITARIOS,"Válvula Con Gomita ½"" - % - 12",,,,17500,12.32,34
291017,CAÑOS ESPECIALES,RIEGO y SANITARIOS,"Gomita Canilla de ½"" - % - 12",,,,16500,11.62,34
291018,PITONES,,Art 8 - c/u 25,,,,6400,4.51,25
291022,CAÑOS ESPECIALES,RIEGO y SANITARIOS,"Gomita Canilla de ¾"" - % - 12",,,,16000,11.27,34
291023,CAÑOS ESPECIALES,RIEGO y SANITARIOS,"Válvula Con Gomita ¾"" - % - 12",,,,19300,13.59,34
291045,MANIJAS TIPO MINISTERIO PARA PUERTA,"PASADORES, CADENAS DE SEGURIDAD y RETENES",10 cm,10 cm,c/u,12,35900,25.28,22
291046,MANIJAS TIPO MINISTERIO PARA PUERTA,"PASADORES, CADENAS DE SEGURIDAD y RETENES",14 cm,14 cm,c/u,12,31500,22.18,22
291047,MANIJAS TIPO MINISTERIO PARA PUERTA,"PASADORES, CADENAS DE SEGURIDAD y RETENES",17 cm,17 cm,c/u,12,33600,23.66,22
292001,HOJAS DE SIERRA,Acero Bimetálica,32,,c/u,10,2100,1.48,15
292002,HOJAS DE SIERRA,Acero Rápido,18,,c/u,10,1700,1.20,15
292003,HOJAS DE SIERRA,Acero Rápido,24,,c/u,10,2250,1.58,15
292004,HOJAS DE SIERRA,Acero Rápido,32,,c/u,10,1850,1.30,15
292005,HOJAS DE SIERRA,Acero Carbono,18,,c/u,10,2000,1.41,15
292006,HOJAS DE SIERRA,Acero Carbono,24,,c/u,10,1750,1.23,15
292007,HOJAS DE SIERRA,Acero Carbono,32,,c/u,10,2300,1.62,15
292008,HOJAS DE SIERRA,Acero Bimetálica,18,,c/u,10,2100,1.48,15
292009,HOJAS DE SIERRA,Acero Bimetálica,24,,c/u,10,2100,1.48,15
292014,"ARCOS DE SIERRA ""SIN PAR""",,Convencional,,c/u,6,6850,4.82,16
292015,"ARCOS DE SIERRA ""SIN PAR""",,Convencional,,c/u,6,8450,5.95,16
292016,"ARCOS DE SIERRA ""SIN PAR""",,Profesional,,c/u,6,7800,5.49,16
292017,"ARCOS DE SIERRA ""SIN PAR""",,Profesional,,c/u,6,7700,5.42,16
292019,HOJAS DE SIERRA,Acero Bimetálica,"700 x 52x2,50 - 6 Dte",,c/u,5,2050,1.44,15
292020,HOJAS DE SIERRA,Acero Bimetálica,"300 x 25x1,25 - 10 Dte",,c/u,5,2000,1.41,15
292021,HOJAS DE SIERRA,Acero Bimetálica,"300 x 25x1,25 - 14 Dte",,c/u,5,1800,1.27,15
292022,HOJAS DE SIERRA,Acero Bimetálica,"350 x 32x1,50 - 10 Dte",,c/u,5,2100,1.48,15
292023,HOJAS DE SIERRA,Acero Bimetálica,"350 x 25x1,25 - 10 Dte",,c/u,5,2100,1.48,15
292024,HOJAS DE SIERRA,Acero Bimetálica,"350 x 25x1,25 - 14 Dte",,c/u,5,1900,1.34,15
292027,HOJAS DE SIERRA,Acero Bimetálica,"400 x 32x1,50 - 10 Dte",,c/u,5,2100,1.48,15
292028,HOJAS DE SIERRA,Acero Bimetálica,"450 x 32x1,50 - 10 Dte",,c/u,5,2100,1.48,15
292030,HOJAS DE SIERRA,Acero Bimetálica,"400 x 32x1,50 - 6 Dte",,c/u,5,1850,1.30,15
292031,"ARCOS DE SIERRA ""SIN PAR""",DISCOS DE OXIDO DE ALUMINIO,"Ultrafino - 115 x 0,80",,c/u,25,8250,5.81,16
292032,"ARCOS DE SIERRA ""SIN PAR""",DISCOS DE OXIDO DE ALUMINIO,"Fino - 115 x 1,20",,c/u,25,7150,5.04,16
292033,"ARCOS DE SIERRA ""SIN PAR""",DISCOS DE OXIDO DE ALUMINIO,"De Corte - 115 x 1,60",,c/u,25,8800,6.20,16
292034,"ARCOS DE SIERRA ""SIN PAR""",DISCOS DE OXIDO DE ALUMINIO,"Desbaste - 115 x 6,00",,c/u,25,7050,4.96,16
292035,"ARCOS DE SIERRA ""SIN PAR""",DISCOS DE OXIDO DE ALUMINIO,"Ultrafino - 180 x 1,80",,c/u,25,8550,6.02,16
292036,"ARCOS DE SIERRA ""SIN PAR""",DISCOS DE OXIDO DE ALUMINIO,"Desbaste - 180 x 6,00",,c/u,25,7100,5.00,16
292037,"ARCOS DE SIERRA ""SIN PAR""",DISCOS DE OXIDO DE ALUMINIO,Ultrafino - 230 x 180,,c/u,25,7050,4.96,16
292038,"ARCOS DE SIERRA ""SIN PAR""",DISCOS DE OXIDO DE ALUMINIO,"Corte - 300 x 3,20",,c/u,10,7050,4.96,16
292039,"ARCOS DE SIERRA ""SIN PAR""",DISCOS DE OXIDO DE ALUMINIO,"Corte - 350 x 3,20",,c/u,10,7300,5.14,16
292040,HOJAS DE SIERRA,Blíster x 5 Unidades,"Multiuso, 50 mm - 14 Dte - Blíster 10","Multiuso, 50 mm - 14 Dte",,,2750,1.94,15
292041,HOJAS DE SIERRA,Blíster x 5 Unidades,"Multiuso, 50 mm - 18 Dte - Blíster 10","Multiuso, 50 mm - 18 Dte",,,2800,1.97,15
292042,HOJAS DE SIERRA,Blíster x 5 Unidades,"Metal, 50 mm - 24 Dte - Blíster 10","Metal, 50 mm - 24 Dte",,,2900,2.04,15
292043,HOJAS DE SIERRA,Blíster x 5 Unidades,"Metal, 50 mm - 32 Dte - Blíster 10","Metal, 50 mm - 32 Dte",,,2750,1.94,15
292044,HOJAS DE SIERRA,Blíster x 5 Unidades,"Multiuso, 100 mm - 14 Dte - Blíster 10","Multiuso, 100 mm - 14 Dte",,,3000,2.11,15
292045,HOJAS DE SIERRA,Blíster x 5 Unidades,"Multiuso, 100 mm - 18 Dte - Blíster 10","Multiuso, 100 mm - 18 Dte",,,2800,1.97,15
292046,HOJAS DE SIERRA,Blíster x 5 Unidades,"Metal, 100 mm - 24 Dte - Blíster 10","Metal, 100 mm - 24 Dte",,,2700,1.90,15
292047,"ARCOS DE SIERRA ""SIN PAR""",DISCOS DE OXIDO DE ALUMINIO,"Desbaste - 230 x 6,00",,c/u,25,8000,5.63,16
292049,HOJAS DE SIERRA,Blíster x 5 Unidades,"Madera, 75 mm - 6 Dte - Blíster 10","Madera, 75 mm - 6 Dte",,,2750,1.94,15
292050,HOJAS DE SIERRA,Blíster x 5 Unidades,"Madera, 75 mm - 8 Dte - Blíster 10","Madera, 75 mm - 8 Dte",,,3100,2.18,15
292051,HOJAS DE SIERRA,Blíster x 5 Unidades,"Madera, 75 mm- 10 Dte - Blíster 10","Madera, 75 mm- 10 Dte",,,2800,1.97,15
292052,HOJAS DE SIERRA,Blíster x 5 Unidades,"Madera,100 mm - 6 Dte - Blíster 10","Madera,100 mm - 6 Dte",,,2650,1.87,15
300001,MANIJAS TIPO MINISTERIO PARA PUERTA,,Corto - Doc. - 10,,,,36800,25.92,21
300002,MANIJAS TIPO MINISTERIO PARA PUERTA,,Mediano - Doc. - 10,,,,39300,27.68,21
300003,MANIJAS TIPO MINISTERIO PARA PUERTA,,Largo - Doc. - 10,,,,38500,27.11,21
300004,MANIJAS TIPO MINISTERIO PARA PUERTA,MANIJONES,de Bronce,,c/u,12,36800,25.92,21
303008,"ARCOS DE SIERRA ""SIN PAR""",ARCOS DE SIERRA,Toth,,c/u,10,7150,5.04,16
303009,ESCUADRAS PARA SOPORTAR ESTANTES,"SOGAS, PIOLINES, CABLE ACERO y ACCESORIOS",5 mm - Rollo 100,5 mm,,,7700,5.42,28
303010,HERRAMIENTAS DE JARDIN,Escobas para Césped Cuerpo Metálica,Escoba Metálica Para Césped,,c/u,10,18100,12.75,31
303012,HERRAMIENTAS DE JARDIN,Escobas para Césped Cuerpo PVC y Dientes de Alambre,Escoba Césped - PVC/Dientes Alambre C/Cabo,,c/u,10,19200,13.52,31
303018,HERRAMIENTAS DE JARDIN,Escobas para Césped Cuerpo Metálica,Escoba Metálica Para Césped - Con Cabo,,c/u,10,15800,11.13,31
304025,CAÑOS ESPECIALES,Caño Mallado Alta Presión ( Rojo ),Caño Para Gas 8 x 15 - 25 Metros,Caño Para Gas 8 x 15 - 25 Metros,Rollo,,31200,21.97,34
321002,CANDADOS,"Nacional de Bronce, Combinación Numérica",610 - Doc. - 10,,,,9200,6.48,17
321005,ESCUADRAS PARA SOPORTAR ESTANTES,Soga Para Arrancar Motores,25 mm - Doc. - 10,25 mm,,,8900,6.27,28
321006,ESCUADRAS PARA SOPORTAR ESTANTES,Soga Para Arrancar Motores,38 mm - Doc. - 10,38 mm,,,8000,5.63,28
321007,ESCUADRAS PARA SOPORTAR ESTANTES,Soga Para Arrancar Motores,50 mm - Doc. - 10,50 mm,,,8200,5.77,28
321011,CANDADOS,"Nacional de Bronce, Combinación Numérica",101,,c/u,60,8800,6.20,17
321012,MANIJAS TIPO MINISTERIO PARA PUERTA,"PASADORES, CADENAS DE SEGURIDAD y RETENES",6 Cm - Doc. - 10,6 Cm,,,31600,22.25,22
321015,CANDADOS,Combinaciones - 20 mm,600 - Doc. - 10,,,,8600,6.06,17
321016,CANDADOS,Exterior Angosta,3000,,c/u,60,9350,6.58,17
321017,CANDADOS,Combinaciones - 20 mm,2102,,c/u,60,10900,7.68,17
321018,MANIJAS TIPO MINISTERIO PARA PUERTA,"PASADORES, CADENAS DE SEGURIDAD y RETENES",c/u   10,,c/u,10,33000,23.24,22
322175,DELANTALES DESCARNE,GUANTES DESCARNE,,,,,26800,18.87,8
360001,MANIJAS TIPO MINISTERIO PARA PUERTA,Pomela Mixta - Mini,"25 mm - 1"" - D/P - 50",25 mm,,,44400,31.27,24
360003,MANIJAS TIPO MINISTERIO PARA PUERTA,Pomela Mixta - Mini,"38 mm - 1-½"" - D/P - 50",38 mm,,,49500,34.86,24
360004,MANIJAS TIPO MINISTERIO PARA PUERTA,Pomela Mixta - Mini,"51 mm - 2"" - D/P - 50 - Falleba de Aplicar Para Ventana",51 mm,,,44000,30.99,24
360005,MANIJAS TIPO MINISTERIO PARA PUERTA,Pomela Mixta - Mini,"63 mm - 2-½"" - D/P - 50 - Código - Terminación U/Vta Caja x",63 mm,,,50200,35.35,24
360006,MANIJAS TIPO MINISTERIO PARA PUERTA,Pomela Mixta - Mini,"76 mm - 3"" - D/P - 50",76 mm,,,48700,34.30,24
360007,MANIJAS TIPO MINISTERIO PARA PUERTA,Pomela Mixta - Mini,"88 mm - 3-½"" - D/P - 40",88 mm,,,45000,31.69,24
360008,MANIJAS TIPO MINISTERIO PARA PUERTA,Pomela Mixta - Mini,"101 mm - 4"" - D/P - 20",101 mm,,,46400,32.68,24
360011,MANIJAS TIPO MINISTERIO PARA PUERTA,Pomela Mixta - Mini,"38 mm - 1-½"" - D/P - 50",38 mm,,,47000,33.10,24
360012,MANIJAS TIPO MINISTERIO PARA PUERTA,Pomela Mixta - Mini,"51 mm - 2"" - D/P - 50",51 mm,,,48400,34.08,24
360013,MANIJAS TIPO MINISTERIO PARA PUERTA,Pomela Mixta - Mini,"63 mm - 2-½"" - D/P - 50",63 mm,,,50400,35.49,24
360014,MANIJAS TIPO MINISTERIO PARA PUERTA,Pomela Mixta - Mini,"76 mm - 3"" - D/P - 40",76 mm,,,44400,31.27,24
360015,MANIJAS TIPO MINISTERIO PARA PUERTA,Pomela Mixta - Mini,"101 mm - 4"" - D/P - 40",101 mm,,,49900,35.14,24
360016,MANIJAS TIPO MINISTERIO PARA PUERTA,Pomela Mixta - Mini,"127 mm - 5"" - D/P - 25",127 mm,,,45100,31.76,24
360017,MANIJAS TIPO MINISTERIO PARA PUERTA,Pomela Mixta - Mini,"150 mm - 6"" - D/P - 25",150 mm,,,46700,32.89,24
360029,MANIJAS TIPO MINISTERIO PARA PUERTA,Pomela Mixta - Mini,"25 mm - 1"" - D/P - 50",25 mm,,,51000,35.92,24
360088,ESCUADRAS PARA SOPORTAR ESTANTES,,125x150 mm,125x150 mm,c/u,24,7950,5.60,26
360089,ESCUADRAS PARA SOPORTAR ESTANTES,,150x200 mm,150x200 mm,c/u,24,8100,5.70,26
360090,ESCUADRAS PARA SOPORTAR ESTANTES,,200x250 mm,200x250 mm,c/u,24,8700,6.13,26
360091,ESCUADRAS PARA SOPORTAR ESTANTES,,250x300 mm,250x300 mm,c/u,24,8650,6.09,26
360101,MANIJAS TIPO MINISTERIO PARA PUERTA,Pomela Mixta - Mini,"76 mm - 3"" - D/P - 50",76 mm,,,48600,34.23,24
360119,ESCUADRAS PARA SOPORTAR ESTANTES,,125x150 mm c/u - 24,125x150 mm c/u,,,8650,6.09,26
360121,ESCUADRAS PARA SOPORTAR ESTANTES,,150x200 mm c/u - 24,150x200 mm c/u,,,7750,5.46,26
360122,ESCUADRAS PARA SOPORTAR ESTANTES,,200x250 mm c/u - 24,200x250 mm c/u,,,8500,5.99,26
360124,ESCUADRAS PARA SOPORTAR ESTANTES,,250x300 mm c/u - 24,250x300 mm c/u,,,7650,5.39,26
360201,TORNILLOS AUTOPERFORANTE CABEZA HEXAGONAL,"Tornillo Cabeza Hexagonal 3/8"" C/Arandela de Chapa y Neoprene","Tornillo Hex Pta. Mecha 14 x 1"" - x 200","Tornillo Hex Pta. Mecha 14 x 1"" - x 200",Bolsa,,190,0.13,122
360202,TORNILLOS AUTOPERFORANTE CABEZA HEXAGONAL,"Tornillo Cabeza Hexagonal 3/8"" C/Arandela de Chapa y Neoprene","Tornillo Hex Pta. Mecha 14 x 1½"" - x 200",,Bolsa,,180,0.13,122
360203,TORNILLOS AUTOPERFORANTE CABEZA HEXAGONAL,"Tornillo Cabeza Hexagonal 3/8"" C/Arandela de Chapa y Neoprene","Tornillo Hex Pta. Mecha 14 x 2"" - x 200","Tornillo Hex Pta. Mecha 14 x 2"" - x 200",Bolsa,,310,0.22,122
360204,TORNILLOS AUTOPERFORANTE CABEZA HEXAGONAL,"Tornillo Cabeza Hexagonal 3/8"" C/Arandela de Chapa y Neoprene","Tornillo Hex Pta. Mecha 14 x 2½"" - x 200",,Bolsa,,210,0.15,122
360205,TORNILLOS AUTOPERFORANTE CABEZA HEXAGONAL,"Tornillo Cabeza Hexagonal 3/8"" C/Arandela de Chapa y Neoprene","Tornillo Hex Pta. Mecha 14 x 3"" - x 200","Tornillo Hex Pta. Mecha 14 x 3"" - x 200",Bolsa,,480,0.34,122
541125,DELANTALES DESCARNE,GUANTES DESCARNE,,,,,26300,18.52,8
